2026-04-14 13:45:24,355 - INFO - scrape_module.scrape_module.py - StepMark - < tid:9101254039 > - 开始爬取帖子
2026-04-14 13:47:02,986 - ERROR - content_service.content_service.py - Content-VideoFrag - < floor:0, pid:150753045742, pn:2, ppid:150649112193, ppn:3 > - Failed to download https://tiebac.baidu.com/c/p/voice?voice_md5=1b11e45bc288580409802622444eee82_2932224289&play_from=pb_voice_play after 3 attempts
2026-04-14 13:47:03,004 - ERROR - content_service.content_service.py - Content-VideoFrag - < floor:0, pid:150718103302, pn:1, ppid:150643846101, ppn:2 > - Failed to download https://tiebac.baidu.com/c/p/voice?voice_md5=c25cdedfb7e0cdf353036a993f4ab749_6100602359&play_from=pb_voice_play after 3 attempts
2026-04-14 13:47:03,055 - ERROR - content_service.content_service.py - Content-VideoFrag - < floor:0, pid:150765975694, pn:3, ppid:150649112193, ppn:3 > - Failed to download https://tiebac.baidu.com/c/p/voice?voice_md5=1538d53ed694c258eb07e51130568141_6018712657&play_from=pb_voice_play after 3 attempts
2026-04-14 13:47:03,933 - ERROR - content_service.content_service.py - Content-VideoFrag - < floor:0, pid:151648445112, pn:4, ppid:150649112193, ppn:3 > - Failed to download https://tiebac.baidu.com/c/p/voice?voice_md5=f5f0e481d76d18945474568b72ed4f10_5438364386&play_from=pb_voice_play after 3 attempts
2026-04-14 13:47:03,938 - ERROR - content_service.content_service.py - Content-VideoFrag - < floor:0, pid:150741591936, pn:2, ppid:150664968960, ppn:4 > - Failed to download https://tiebac.baidu.com/c/p/voice?voice_md5=ab62242ad9a6e1fe26f827e53200105f_592484849&play_from=pb_voice_play after 3 attempts
2026-04-14 13:47:03,972 - ERROR - content_service.content_service.py - Content-VideoFrag - < floor:0, pid:150718165159, pn:1, ppid:150664968960, ppn:4 > - Failed to download https://tiebac.baidu.com/c/p/voice?voice_md5=f52539ce126be6f965800aa62693ef2c_6100602359&play_from=pb_voice_play after 3 attempts
2026-04-14 13:47:04,901 - ERROR - content_service.content_service.py - Content-VideoFrag - < floor:0, pid:150718354810, pn:1, ppid:150680490526, ppn:7 > - Failed to download https://tiebac.baidu.com/c/p/voice?voice_md5=99046afc6dfab20f3e9d62908b4d592e_6100602359&play_from=pb_voice_play after 3 attempts
2026-04-14 13:47:06,907 - ERROR - content_service.content_service.py - Content-VideoFrag - < floor:0, pid:150718217002, pn:1, ppid:150674066102, ppn:5 > - Failed to download https://tiebac.baidu.com/c/p/voice?voice_md5=43a771fc1d0ed6b67c67b75654bf3a15_6100602359&play_from=pb_voice_play after 3 attempts
2026-04-14 13:47:07,913 - ERROR - content_service.content_service.py - Content-VideoFrag - < floor:0, pid:150753963440, pn:2, ppid:150674066102, ppn:5 > - Failed to download https://tiebac.baidu.com/c/p/voice?voice_md5=6dc4eab7092bef8cfac36e47850cf9c2_3573807356&play_from=pb_voice_play after 3 attempts
2026-04-14 13:47:08,938 - ERROR - content_service.content_service.py - Content-VideoFrag - < floor:0, pid:150787176198, pn:3, ppid:150674066102, ppn:5 > - Failed to download https://tiebac.baidu.com/c/p/voice?voice_md5=abe52d28a784b61d7d4509017d266aed_4917850669&play_from=pb_voice_play after 3 attempts
2026-04-14 13:47:11,911 - ERROR - content_service.content_service.py - Content-VideoFrag - < floor:0, pid:150762999229, pn:20, ppid:150643398716, ppn:1 > - Failed to download https://tiebac.baidu.com/c/p/voice?voice_md5=ad23a8a9d71d996a44042b2dce729e76_6035202769&play_from=pb_voice_play after 3 attempts
2026-04-14 13:47:17,908 - ERROR - content_service.content_service.py - Content-VideoFrag - < floor:0, pid:150767060717, pn:5, ppid:150680249374, ppn:6 > - Failed to download https://tiebac.baidu.com/c/p/voice?voice_md5=15c0ba1528c6be22c1ed158b33b2368b_6665508204&play_from=pb_voice_play after 3 attempts
2026-04-14 13:48:20,912 - ERROR - content_service.content_service.py - Content-VideoFrag - < floor:3063, pid:150724989316, pn:96 > - Failed to download https://tiebac.baidu.com/c/p/voice?voice_md5=dc23eec27b68bfba7577bbcfec7de07c_6324316707&play_from=pb_voice_play after 3 attempts
2026-04-14 13:48:35,900 - ERROR - content_service.content_service.py - Content-VideoFrag - < floor:0, pid:150756502291, pn:2, ppid:150649112193, ppn:3 > - Failed to download https://tiebac.baidu.com/c/p/voice?voice_md5=d09b6e73ff280a46e1046aea1bf48bb2_5945690345&play_from=pb_voice_play after 3 attempts
2026-04-14 13:48:35,977 - ERROR - content_service.content_service.py - Content-VideoFrag - < floor:0, pid:150766520954, pn:3, ppid:150649112193, ppn:3 > - Failed to download https://tiebac.baidu.com/c/p/voice?voice_md5=17a0d34223fc353855cdc33c650b2c3e_2037983407&play_from=pb_voice_play after 3 attempts
2026-04-14 13:48:37,011 - ERROR - content_service.content_service.py - Content-VideoFrag - < floor:0, pid:150755092366, pn:2, ppid:150643865559, ppn:2 > - Failed to download https://tiebac.baidu.com/c/p/voice?voice_md5=31e138771a59eb14bff51e24caf260f6_4184859344&play_from=pb_voice_play after 3 attempts
2026-04-14 13:48:37,100 - ERROR - content_service.content_service.py - Content-VideoFrag - < floor:0, pid:151915629185, pn:4, ppid:150649112193, ppn:3 > - Failed to download https://tiebac.baidu.com/c/p/voice?voice_md5=35351687645811894ce6370ec0c5ecf5_6791200401&play_from=pb_voice_play after 3 attempts
2026-04-14 13:48:37,114 - ERROR - content_service.content_service.py - Content-VideoFrag - < floor:0, pid:150718104800, pn:1, ppid:150643865559, ppn:2 > - Failed to download https://tiebac.baidu.com/c/p/voice?voice_md5=65d50dcc0f96aa1021c570aaa9ce83b5_6100602359&play_from=pb_voice_play after 3 attempts
2026-04-14 13:48:37,198 - ERROR - content_service.content_service.py - Content-VideoFrag - < floor:0, pid:150721656194, pn:1, ppid:150664968960, ppn:4 > - Failed to download https://tiebac.baidu.com/c/p/voice?voice_md5=a5e175fdb7eda664ebe4ec6594bcb1e1_6100602359&play_from=pb_voice_play after 3 attempts
2026-04-14 13:48:37,256 - ERROR - content_service.content_service.py - Content-VideoFrag - < floor:0, pid:150754319113, pn:2, ppid:150664968960, ppn:4 > - Failed to download https://tiebac.baidu.com/c/p/voice?voice_md5=e4ab496598baded188995724686537bb_2906136179&play_from=pb_voice_play after 3 attempts
2026-04-14 13:48:37,900 - ERROR - content_service.content_service.py - Content-VideoFrag - < floor:0, pid:150719324044, pn:1, ppid:150680490526, ppn:7 > - Failed to download https://tiebac.baidu.com/c/p/voice?voice_md5=df5cd4fdcae28094871c5e1c32004b9e_5520762689&play_from=pb_voice_play after 3 attempts
2026-04-14 13:48:39,912 - ERROR - content_service.content_service.py - Content-VideoFrag - < floor:0, pid:150726140598, pn:1, ppid:150674066102, ppn:5 > - Failed to download https://tiebac.baidu.com/c/p/voice?voice_md5=a0edbfff509575d130093ad8a2f65f19_5584699688&play_from=pb_voice_play after 3 attempts
2026-04-14 13:48:40,903 - ERROR - content_service.content_service.py - Content-VideoFrag - < floor:0, pid:150766511343, pn:2, ppid:150674066102, ppn:5 > - Failed to download https://tiebac.baidu.com/c/p/voice?voice_md5=08743bbfa5be001ce6b7aee9a19ea8e3_6018712657&play_from=pb_voice_play after 3 attempts
2026-04-14 13:48:41,911 - ERROR - content_service.content_service.py - Content-VideoFrag - < floor:0, pid:150815758554, pn:3, ppid:150674066102, ppn:5 > - Failed to download https://tiebac.baidu.com/c/p/voice?voice_md5=3888baf1943ba9503578dc8268f60ca3_3521911436&play_from=pb_voice_play after 3 attempts
2026-04-14 13:48:50,910 - ERROR - content_service.content_service.py - Content-VideoFrag - < floor:0, pid:150766708246, pn:1, ppid:150680265321, ppn:6 > - Failed to download https://tiebac.baidu.com/c/p/voice?voice_md5=2896a192362de80077013094a20ea97c_6468468367&play_from=pb_voice_play after 3 attempts
2026-04-14 13:49:55,909 - ERROR - content_service.content_service.py - Content-VideoFrag - < floor:3155, pid:150725696425, pn:99 > - Failed to download https://tiebac.baidu.com/c/p/voice?voice_md5=24db1b6c2c32b47a96972e87fb99e44a_1663662803&play_from=pb_voice_play after 3 attempts
2026-04-14 13:50:08,982 - ERROR - content_service.content_service.py - Content-VideoFrag - < floor:0, pid:150766850014, pn:3, ppid:150649112193, ppn:3 > - Failed to download https://tiebac.baidu.com/c/p/voice?voice_md5=1e0bd9ee14f7f48ccca267ae9ad962ae_6665508204&play_from=pb_voice_play after 3 attempts
2026-04-14 13:50:09,984 - ERROR - content_service.content_service.py - Content-VideoFrag - < floor:0, pid:152475626080, pn:4, ppid:150649112193, ppn:3 > - Failed to download https://tiebac.baidu.com/c/p/voice?voice_md5=623ec61974fefb1596b5b60bb7cb37f4_873193537&play_from=pb_voice_play after 3 attempts
2026-04-14 13:50:09,997 - ERROR - content_service.content_service.py - Content-VideoFrag - < floor:0, pid:150753609676, pn:2, ppid:150643906551, ppn:2 > - Failed to download https://tiebac.baidu.com/c/p/voice?voice_md5=7dc3bcf79dedd07371d8b42a25f49872_6364763884&play_from=pb_voice_play after 3 attempts
2026-04-14 13:50:09,999 - ERROR - content_service.content_service.py - Content-VideoFrag - < floor:0, pid:150766210348, pn:2, ppid:150664968960, ppn:4 > - Failed to download https://tiebac.baidu.com/c/p/voice?voice_md5=a2055e2879a2b28e8c65b742f77bdcd0_6018712657&play_from=pb_voice_play after 3 attempts
2026-04-14 13:50:10,007 - ERROR - content_service.content_service.py - Content-VideoFrag - < floor:0, pid:150728478867, pn:1, ppid:150664968960, ppn:4 > - Failed to download https://tiebac.baidu.com/c/p/voice?voice_md5=1cb4bae682983e214bc26c787e26584d_6544289185&play_from=pb_voice_play after 3 attempts
2026-04-14 13:50:10,031 - ERROR - content_service.content_service.py - Content-VideoFrag - < floor:0, pid:150718108689, pn:1, ppid:150643906551, ppn:2 > - Failed to download https://tiebac.baidu.com/c/p/voice?voice_md5=86095430647bf7ac05c305da4ed2ca7a_6100602359&play_from=pb_voice_play after 3 attempts
2026-04-14 13:50:10,907 - ERROR - content_service.content_service.py - Content-VideoFrag - < floor:0, pid:150718359700, pn:1, ppid:150680504473, ppn:7 > - Failed to download https://tiebac.baidu.com/c/p/voice?voice_md5=dfe6161eba071068016cbfe7136a70f7_6100602359&play_from=pb_voice_play after 3 attempts
2026-04-14 13:50:16,026 - ERROR - content_service.content_service.py - Content-VideoFrag - < floor:0, pid:150756530910, pn:3, ppid:150674241736, ppn:5 > - Failed to download https://tiebac.baidu.com/c/p/voice?voice_md5=c57d4e3192ed699e87a8566b3d51b3f6_5945690345&play_from=pb_voice_play after 3 attempts
2026-04-14 13:50:16,963 - ERROR - content_service.content_service.py - Content-VideoFrag - < floor:0, pid:150787181867, pn:5, ppid:150674241736, ppn:5 > - Failed to download https://tiebac.baidu.com/c/p/voice?voice_md5=89fc5c68cbced871634dad94a2279f78_4917850669&play_from=pb_voice_play after 3 attempts
2026-04-14 13:50:25,904 - ERROR - content_service.content_service.py - Content-VideoFrag - < floor:0, pid:150738887185, pn:1, ppid:150680350371, ppn:6 > - Failed to download https://tiebac.baidu.com/c/p/voice?voice_md5=865c91133c61de8a08cf4632f18814d7_4703109307&play_from=pb_voice_play after 3 attempts
2026-04-14 13:51:41,910 - ERROR - content_service.content_service.py - Content-VideoFrag - < floor:0, pid:150767455795, pn:3, ppid:150649112193, ppn:3 > - Failed to download https://tiebac.baidu.com/c/p/voice?voice_md5=476ff6b18b9c25732780fcf43aa88f81_6475930033&play_from=pb_voice_play after 3 attempts
2026-04-14 13:51:42,904 - ERROR - content_service.content_service.py - Content-VideoFrag - < floor:0, pid:150755121903, pn:2, ppid:150643906551, ppn:2 > - Failed to download https://tiebac.baidu.com/c/p/voice?voice_md5=a857ec9676bf5ac06dc5c24ef560cc98_4184859344&play_from=pb_voice_play after 3 attempts
2026-04-14 13:51:42,917 - ERROR - content_service.content_service.py - Content-VideoFrag - < floor:0, pid:150766572106, pn:2, ppid:150664968960, ppn:4 > - Failed to download https://tiebac.baidu.com/c/p/voice?voice_md5=e5af0c70468da2d089a432454971d77a_2037983407&play_from=pb_voice_play after 3 attempts
2026-04-14 13:51:43,908 - ERROR - content_service.content_service.py - Content-VideoFrag - < floor:0, pid:150766714950, pn:2, ppid:150680517408, ppn:7 > - Failed to download https://tiebac.baidu.com/c/p/voice?voice_md5=5d6acf0bbb13cc4acad6a404deeb87fc_6468468367&play_from=pb_voice_play after 3 attempts
2026-04-14 13:51:43,988 - ERROR - content_service.content_service.py - Content-VideoFrag - < floor:0, pid:150732752449, pn:1, ppid:150680517408, ppn:7 > - Failed to download https://tiebac.baidu.com/c/p/voice?voice_md5=641dddcc7b61e1e9fa54455f57150108_3003325918&play_from=pb_voice_play after 3 attempts
2026-04-14 13:51:49,990 - ERROR - content_service.content_service.py - Content-VideoFrag - < floor:0, pid:150738728983, pn:1, ppid:150674295334, ppn:5 > - Failed to download https://tiebac.baidu.com/c/p/voice?voice_md5=ab591ab70e031189b540dc41225ae546_4703109307&play_from=pb_voice_play after 3 attempts
2026-04-14 13:51:50,909 - ERROR - content_service.content_service.py - Content-VideoFrag - < floor:0, pid:150756534567, pn:2, ppid:150674295334, ppn:5 > - Failed to download https://tiebac.baidu.com/c/p/voice?voice_md5=2019995353c18cf73327c6aa6aeed11c_5945690345&play_from=pb_voice_play after 3 attempts
2026-04-14 13:51:51,009 - ERROR - content_service.content_service.py - Content-VideoFrag - < floor:0, pid:150787196029, pn:3, ppid:150674295334, ppn:5 > - Failed to download https://tiebac.baidu.com/c/p/voice?voice_md5=4c9afab868dd63286aba41c9e0e63b37_4917850669&play_from=pb_voice_play after 3 attempts
2026-04-14 13:51:51,900 - ERROR - content_service.content_service.py - Content-VideoFrag - < floor:0, pid:152159617888, pn:4, ppid:150674295334, ppn:5 > - Failed to download https://tiebac.baidu.com/c/p/voice?voice_md5=b04dd09928d19d668fcf9d00c714c1f0_5770530324&play_from=pb_voice_play after 3 attempts
2026-04-14 13:51:59,907 - ERROR - content_service.content_service.py - Content-VideoFrag - < floor:0, pid:150718236920, pn:1, ppid:150680412746, ppn:6 > - Failed to download https://tiebac.baidu.com/c/p/voice?voice_md5=38283abbb2ba5f3074bdb24073e66d40_6100602359&play_from=pb_voice_play after 3 attempts
2026-04-14 13:52:00,906 - ERROR - content_service.content_service.py - Content-VideoFrag - < floor:0, pid:151607598236, pn:2, ppid:150680412746, ppn:6 > - Failed to download https://tiebac.baidu.com/c/p/voice?voice_md5=86e9fc0f0991f3a49bae82ec5015c587_1248962172&play_from=pb_voice_play after 3 attempts
2026-04-14 13:52:19,970 - ERROR - content_service.content_service.py - Content-VideoFrag - < floor:5033, pid:150749746838, pn:159 > - Failed to download https://tiebac.baidu.com/c/p/voice?voice_md5=781287ab0966e47b88026edad80739e3_3268192449&play_from=pb_voice_play after 3 attempts
2026-04-14 13:53:14,908 - ERROR - content_service.content_service.py - Content-VideoFrag - < floor:0, pid:150783693926, pn:3, ppid:150649112193, ppn:3 > - Failed to download https://tiebac.baidu.com/c/p/voice?voice_md5=794c0e5623317a874f8ab39c3afab74f_4803175539&play_from=pb_voice_play after 3 attempts
2026-04-14 13:53:15,901 - ERROR - content_service.content_service.py - Content-VideoFrag - < floor:0, pid:150718171150, pn:1, ppid:150665034795, ppn:4 > - Failed to download https://tiebac.baidu.com/c/p/voice?voice_md5=6a609e9ee1c09374597e50f8a75621d1_6100602359&play_from=pb_voice_play after 3 attempts
2026-04-14 13:53:15,956 - ERROR - content_service.content_service.py - Content-VideoFrag - < floor:0, pid:150755499119, pn:2, ppid:150643906551, ppn:2 > - Failed to download https://tiebac.baidu.com/c/p/voice?voice_md5=3b27501441df05410a8604a51164c15a_1714797671&play_from=pb_voice_play after 3 attempts
2026-04-14 13:53:17,927 - ERROR - content_service.content_service.py - Content-VideoFrag - < floor:0, pid:150765297145, pn:3, ppid:150680550522, ppn:7 > - Failed to download https://tiebac.baidu.com/c/p/voice?voice_md5=510a0936e4117005f3e47e799245ba3c_6616946836&play_from=pb_voice_play after 3 attempts
2026-04-14 13:53:18,932 - ERROR - content_service.content_service.py - Content-VideoFrag - < floor:0, pid:152095575594, pn:6, ppid:150680550522, ppn:7 > - Failed to download https://tiebac.baidu.com/c/p/voice?voice_md5=4b641d6f1edc6b45ae70382979ec5a20_768838217&play_from=pb_voice_play after 3 attempts
2026-04-14 13:53:23,901 - ERROR - content_service.content_service.py - Content-VideoFrag - < floor:0, pid:150825924875, pn:3, ppid:150674295334, ppn:5 > - Failed to download https://tiebac.baidu.com/c/p/voice?voice_md5=901d6f65cb08e1671748fd525c87079e_5948189350&play_from=pb_voice_play after 3 attempts
2026-04-14 13:53:32,899 - ERROR - content_service.content_service.py - Content-VideoFrag - < floor:0, pid:150718239974, pn:1, ppid:150680412746, ppn:6 > - Failed to download https://tiebac.baidu.com/c/p/voice?voice_md5=b33c4a12442ec0a6c7521e248ad00a39_6100602359&play_from=pb_voice_play after 3 attempts
2026-04-14 13:53:48,613 - ERROR - post_service.post_service.py - FetchPosts - < pn:208 > - 请求失败
2026-04-14 13:54:12,939 - ERROR - content_service.content_service.py - Content-VideoFrag - < floor:5880, pid:150755894378, pn:185 > - Failed to download https://tiebac.baidu.com/c/p/voice?voice_md5=f51adaaebcb21c58fad083a18f383b76_4542563261&play_from=pb_voice_play after 3 attempts
2026-04-14 13:54:48,906 - ERROR - content_service.content_service.py - Content-VideoFrag - < floor:0, pid:150753916248, pn:1, ppid:150665034795, ppn:4 > - Failed to download https://tiebac.baidu.com/c/p/voice?voice_md5=67db6f910e74e17327861c60deb6f5b7_3573807356&play_from=pb_voice_play after 3 attempts
2026-04-14 13:54:49,902 - ERROR - content_service.content_service.py - Content-VideoFrag - < floor:0, pid:150718114418, pn:1, ppid:150643933851, ppn:2 > - Failed to download https://tiebac.baidu.com/c/p/voice?voice_md5=8ba1ef3ba32050eab378b1e95526ad93_6100602359&play_from=pb_voice_play after 3 attempts
2026-04-14 13:54:49,981 - ERROR - content_service.content_service.py - Content-VideoFrag - < floor:0, pid:151915633335, pn:5, ppid:150649207149, ppn:3 > - Failed to download https://tiebac.baidu.com/c/p/voice?voice_md5=413fc37d0c84ff6924f18654e9f03483_6791200401&play_from=pb_voice_play after 3 attempts
2026-04-14 13:54:56,904 - ERROR - content_service.content_service.py - Content-VideoFrag - < floor:0, pid:151915703729, pn:3, ppid:150674295334, ppn:5 > - Failed to download https://tiebac.baidu.com/c/p/voice?voice_md5=df856176fa2bfb4fb773d83ab2765ad7_6791200401&play_from=pb_voice_play after 3 attempts
2026-04-14 13:55:05,912 - ERROR - content_service.content_service.py - Content-VideoFrag - < floor:0, pid:150726100567, pn:1, ppid:150680412746, ppn:6 > - Failed to download https://tiebac.baidu.com/c/p/voice?voice_md5=a4940a66595e0cbe3c2cba46cceb693a_4838212068&play_from=pb_voice_play after 3 attempts
2026-04-14 13:55:45,915 - ERROR - content_service.content_service.py - Content-VideoFrag - < floor:7360, pid:150765767007, pn:230 > - Failed to download https://tiebac.baidu.com/c/p/voice?voice_md5=26e1ea4311529081f2e00a97e5f83313_4094688373&play_from=pb_voice_play after 3 attempts
2026-04-14 13:55:55,956 - ERROR - content_service.content_service.py - Content-VideoFrag - < floor:7725, pid:150766299895, pn:241 > - Failed to download https://tiebac.baidu.com/c/p/voice?voice_md5=ac69c6d7c145932113ee86425f5e0ab8_1616578501&play_from=pb_voice_play after 3 attempts
2026-04-14 13:56:01,779 - ERROR - post_service.post_service.py - SavePost - < floor:230032, pid:153371856339, pn:7236 > - UNIQUE constraint failed: post.id
2026-04-14 13:56:01,780 - ERROR - post_service.post_service.py - SavePost - < floor:230033, pid:153371856695, pn:7236 > - UNIQUE constraint failed: post.id
2026-04-14 13:56:01,780 - ERROR - post_service.post_service.py - SavePost - < floor:230034, pid:153371857076, pn:7236 > - UNIQUE constraint failed: post.id
2026-04-14 13:56:01,780 - ERROR - post_service.post_service.py - SavePost - < floor:230035, pid:153371857312, pn:7236 > - UNIQUE constraint failed: post.id
2026-04-14 13:56:01,780 - ERROR - post_service.post_service.py - SavePost - < floor:230036, pid:153371857496, pn:7236 > - UNIQUE constraint failed: post.id
2026-04-14 13:56:01,780 - ERROR - post_service.post_service.py - SavePost - < floor:230038, pid:153371858167, pn:7236 > - UNIQUE constraint failed: post.id
2026-04-14 13:56:01,781 - ERROR - post_service.post_service.py - SavePost - < floor:230039, pid:153371858272, pn:7236 > - UNIQUE constraint failed: post.id
2026-04-14 13:56:01,781 - ERROR - post_service.post_service.py - SavePost - < floor:230040, pid:153371859348, pn:7236 > - UNIQUE constraint failed: post.id
2026-04-14 13:56:01,781 - ERROR - post_service.post_service.py - SavePost - < floor:230041, pid:153371859963, pn:7236 > - UNIQUE constraint failed: post.id
2026-04-14 13:56:01,781 - ERROR - post_service.post_service.py - SavePost - < floor:230042, pid:153371860543, pn:7236 > - UNIQUE constraint failed: post.id
2026-04-14 13:56:01,781 - ERROR - post_service.post_service.py - SavePost - < floor:230044, pid:153371861273, pn:7236 > - UNIQUE constraint failed: post.id
2026-04-14 13:56:01,781 - ERROR - post_service.post_service.py - SavePost - < floor:230045, pid:153371861383, pn:7236 > - UNIQUE constraint failed: post.id
2026-04-14 13:56:01,781 - ERROR - post_service.post_service.py - SavePost - < floor:230047, pid:153371861756, pn:7236 > - UNIQUE constraint failed: post.id
2026-04-14 13:56:01,782 - ERROR - post_service.post_service.py - SavePost - < floor:230048, pid:153371863174, pn:7236 > - UNIQUE constraint failed: post.id
2026-04-14 13:56:01,782 - ERROR - post_service.post_service.py - SavePost - < floor:230049, pid:153371863485, pn:7236 > - UNIQUE constraint failed: post.id
2026-04-14 13:56:01,782 - ERROR - post_service.post_service.py - SavePost - < floor:230050, pid:153371865226, pn:7236 > - UNIQUE constraint failed: post.id
2026-04-14 13:56:08,742 - ERROR - post_service.post_service.py - SavePost - < floor:120008, pid:153338399979, pn:3752 > - UNIQUE constraint failed: post.id
2026-04-14 13:56:08,742 - ERROR - post_service.post_service.py - SavePost - < floor:120009, pid:153338400092, pn:3752 > - UNIQUE constraint failed: post.id
2026-04-14 13:56:08,743 - ERROR - post_service.post_service.py - SavePost - < floor:120010, pid:153338400185, pn:3752 > - UNIQUE constraint failed: post.id
2026-04-14 13:56:08,743 - ERROR - post_service.post_service.py - SavePost - < floor:120011, pid:153338400331, pn:3752 > - UNIQUE constraint failed: post.id
2026-04-14 13:56:08,743 - ERROR - post_service.post_service.py - SavePost - < floor:120012, pid:153338400339, pn:3752 > - UNIQUE constraint failed: post.id
2026-04-14 13:56:08,743 - ERROR - post_service.post_service.py - SavePost - < floor:120015, pid:153338400657, pn:3752 > - UNIQUE constraint failed: post.id
2026-04-14 13:56:08,744 - ERROR - post_service.post_service.py - SavePost - < floor:120017, pid:153338400937, pn:3752 > - UNIQUE constraint failed: post.id
2026-04-14 13:56:08,744 - ERROR - post_service.post_service.py - SavePost - < floor:120018, pid:153338401368, pn:3752 > - UNIQUE constraint failed: post.id
2026-04-14 13:56:08,744 - ERROR - post_service.post_service.py - SavePost - < floor:120019, pid:153338401427, pn:3752 > - UNIQUE constraint failed: post.id
2026-04-14 13:56:08,744 - ERROR - post_service.post_service.py - SavePost - < floor:120020, pid:153338401483, pn:3752 > - UNIQUE constraint failed: post.id
2026-04-14 13:56:08,744 - ERROR - post_service.post_service.py - SavePost - < floor:120021, pid:153338401506, pn:3752 > - UNIQUE constraint failed: post.id
2026-04-14 13:56:08,745 - ERROR - post_service.post_service.py - SavePost - < floor:120022, pid:153338401515, pn:3752 > - UNIQUE constraint failed: post.id
2026-04-14 13:56:08,745 - ERROR - post_service.post_service.py - SavePost - < floor:120023, pid:153338401649, pn:3752 > - UNIQUE constraint failed: post.id
2026-04-14 13:56:08,745 - ERROR - post_service.post_service.py - SavePost - < floor:120024, pid:153338401650, pn:3752 > - UNIQUE constraint failed: post.id
2026-04-14 13:56:08,745 - ERROR - post_service.post_service.py - SavePost - < floor:120025, pid:153338401765, pn:3752 > - UNIQUE constraint failed: post.id
2026-04-14 13:56:08,745 - ERROR - post_service.post_service.py - SavePost - < floor:120026, pid:153338401786, pn:3752 > - UNIQUE constraint failed: post.id
2026-04-14 13:56:08,745 - ERROR - post_service.post_service.py - SavePost - < floor:120027, pid:153338401811, pn:3752 > - UNIQUE constraint failed: post.id
2026-04-14 13:56:08,746 - ERROR - post_service.post_service.py - SavePost - < floor:120029, pid:153338401874, pn:3752 > - UNIQUE constraint failed: post.id
2026-04-14 13:56:21,960 - ERROR - content_service.content_service.py - Content-VideoFrag - < floor:0, pid:150766234490, pn:1, ppid:150665034795, ppn:4 > - Failed to download https://tiebac.baidu.com/c/p/voice?voice_md5=fd8d7efef26c710bb2b6a5be9e73d846_6018712657&play_from=pb_voice_play after 3 attempts
2026-04-14 13:56:22,912 - ERROR - content_service.content_service.py - Content-VideoFrag - < floor:0, pid:152145185927, pn:5, ppid:150649207149, ppn:3 > - Failed to download https://tiebac.baidu.com/c/p/voice?voice_md5=01cc47c9e32551b4f2e12dd096687b5c_6791200401&play_from=pb_voice_play after 3 attempts
2026-04-14 13:56:24,908 - ERROR - content_service.content_service.py - Content-VideoFrag - < floor:0, pid:150765522333, pn:2, ppid:150643966297, ppn:2 > - Failed to download https://tiebac.baidu.com/c/p/voice?voice_md5=9441e371fff88385312d3c48d87f9edf_2147328036&play_from=pb_voice_play after 3 attempts
2026-04-14 13:56:24,944 - ERROR - content_service.content_service.py - Content-VideoFrag - < floor:0, pid:150718124673, pn:1, ppid:150643966297, ppn:2 > - Failed to download https://tiebac.baidu.com/c/p/voice?voice_md5=0f3f31792cd0cd8c9ac0da3b418fc3a9_6100602359&play_from=pb_voice_play after 3 attempts
2026-04-14 13:56:31,974 - ERROR - content_service.content_service.py - Content-VideoFrag - < floor:0, pid:150766989367, pn:7, ppid:150674325043, ppn:5 > - Failed to download https://tiebac.baidu.com/c/p/voice?voice_md5=cd99534c969fe4637f8f65bd1c9cd950_6665508204&play_from=pb_voice_play after 3 attempts
2026-04-14 13:56:38,954 - ERROR - content_service.content_service.py - Content-VideoFrag - < floor:0, pid:150726150530, pn:1, ppid:150680412746, ppn:6 > - Failed to download https://tiebac.baidu.com/c/p/voice?voice_md5=205f83b4e46f828fa17314f91eb37579_6422174898&play_from=pb_voice_play after 3 attempts
2026-04-14 13:56:44,955 - ERROR - post_service.post_service.py - SavePost - < floor:10022, pid:150893014516, pn:311 > - UNIQUE constraint failed: post.id
2026-04-14 13:56:44,956 - ERROR - post_service.post_service.py - SavePost - < floor:10023, pid:150893944504, pn:311 > - UNIQUE constraint failed: post.id
2026-04-14 13:56:44,956 - ERROR - post_service.post_service.py - SavePost - < floor:10024, pid:150894770563, pn:311 > - UNIQUE constraint failed: post.id
2026-04-14 13:56:44,956 - ERROR - post_service.post_service.py - SavePost - < floor:10026, pid:150895754574, pn:311 > - UNIQUE constraint failed: post.id
2026-04-14 13:56:44,956 - ERROR - post_service.post_service.py - SavePost - < floor:10027, pid:150895947070, pn:311 > - UNIQUE constraint failed: post.id
2026-04-14 13:56:44,957 - ERROR - post_service.post_service.py - SavePost - < floor:10028, pid:150896008096, pn:311 > - UNIQUE constraint failed: post.id
2026-04-14 13:56:44,957 - ERROR - post_service.post_service.py - SavePost - < floor:10029, pid:150896035816, pn:311 > - UNIQUE constraint failed: post.id
2026-04-14 13:56:44,957 - ERROR - post_service.post_service.py - SavePost - < floor:10030, pid:150897114452, pn:311 > - UNIQUE constraint failed: post.id
2026-04-14 13:56:44,957 - ERROR - post_service.post_service.py - SavePost - < floor:10031, pid:150897333267, pn:311 > - UNIQUE constraint failed: post.id
2026-04-14 13:56:44,958 - ERROR - post_service.post_service.py - SavePost - < floor:10032, pid:150897734198, pn:311 > - UNIQUE constraint failed: post.id
2026-04-14 13:56:44,958 - ERROR - post_service.post_service.py - SavePost - < floor:10034, pid:150898735195, pn:311 > - UNIQUE constraint failed: post.id
2026-04-14 13:56:44,958 - ERROR - post_service.post_service.py - SavePost - < floor:10035, pid:150899730676, pn:311 > - UNIQUE constraint failed: post.id
2026-04-14 13:56:44,958 - ERROR - post_service.post_service.py - SavePost - < floor:10036, pid:150899855010, pn:311 > - UNIQUE constraint failed: post.id
2026-04-14 13:57:49,942 - ERROR - content_service.content_service.py - Content-VideoFrag - < floor:9161, pid:150787112567, pn:283 > - Failed to download https://tiebac.baidu.com/c/p/voice?voice_md5=fa891e353a2b3750047bdb7b69772364_4917850669&play_from=pb_voice_play after 3 attempts
2026-04-14 13:57:55,903 - ERROR - content_service.content_service.py - Content-VideoFrag - < floor:0, pid:150718405617, pn:1, ppid:150665076293, ppn:4 > - Failed to download https://tiebac.baidu.com/c/p/voice?voice_md5=f7fefae248cb45a624f598dbfe8b2596_6100602359&play_from=pb_voice_play after 3 attempts
2026-04-14 13:57:58,347 - ERROR - content_service.content_service.py - Content-VideoFrag - < floor:0, pid:150728442997, pn:1, ppid:150643966297, ppn:2 > - Failed to download https://tiebac.baidu.com/c/p/voice?voice_md5=a446a7437911b550d854051e4657c0ad_6544289185&play_from=pb_voice_play after 3 attempts
2026-04-14 13:57:58,366 - ERROR - content_service.content_service.py - Content-VideoFrag - < floor:0, pid:150766644100, pn:2, ppid:150643966297, ppn:2 > - Failed to download https://tiebac.baidu.com/c/p/voice?voice_md5=be92cbd5f0b2ddb85ee2817b6615b850_6352843368&play_from=pb_voice_play after 3 attempts
2026-04-14 13:58:04,909 - ERROR - content_service.content_service.py - Content-VideoFrag - < floor:0, pid:150727380438, pn:1, ppid:150674354626, ppn:5 > - Failed to download https://tiebac.baidu.com/c/p/voice?voice_md5=54ae22f3a41483bb651e3881f1e92cd2_1794069832&play_from=pb_voice_play after 3 attempts
2026-04-14 13:58:05,957 - ERROR - content_service.content_service.py - Content-VideoFrag - < floor:0, pid:150765970409, pn:2, ppid:150674354626, ppn:5 > - Failed to download https://tiebac.baidu.com/c/p/voice?voice_md5=a424288076ba81b6215990a03d3708aa_3202307701&play_from=pb_voice_play after 3 attempts
2026-04-14 13:58:11,955 - ERROR - content_service.content_service.py - Content-VideoFrag - < floor:0, pid:150718152761, pn:1, ppid:150654640128, ppn:3 > - Failed to download https://tiebac.baidu.com/c/p/voice?voice_md5=7873bd57b807806291db2fe58be992bf_6100602359&play_from=pb_voice_play after 3 attempts
2026-04-14 13:58:12,063 - ERROR - content_service.content_service.py - Content-VideoFrag - < floor:0, pid:150766654292, pn:1, ppid:150680412746, ppn:6 > - Failed to download https://tiebac.baidu.com/c/p/voice?voice_md5=24a6aa26d0c22ac39d5497d771cf5355_6468468367&play_from=pb_voice_play after 3 attempts
2026-04-14 13:58:13,028 - ERROR - content_service.content_service.py - Content-VideoFrag - < floor:0, pid:150766092115, pn:4, ppid:150654640128, ppn:3 > - Failed to download https://tiebac.baidu.com/c/p/voice?voice_md5=0c81463c5a9311dbcc2cb9caf99f58b7_6018712657&play_from=pb_voice_play after 3 attempts
2026-04-14 13:58:36,899 - ERROR - content_service.content_service.py - Content-VideoFrag - < floor:10732, pid:151081416727, pn:333 > - Failed to download https://tiebac.baidu.com/c/p/voice?voice_md5=e9836d90e89e5c0d467e0df55482dbc0_5220609167&play_from=pb_voice_play after 3 attempts
2026-04-14 13:59:28,998 - ERROR - content_service.content_service.py - Content-VideoFrag - < floor:0, pid:150766259100, pn:1, ppid:150665076293, ppn:4 > - Failed to download https://tiebac.baidu.com/c/p/voice?voice_md5=562e317e13ac777e076512e9df91eb88_6018712657&play_from=pb_voice_play after 3 attempts
2026-04-14 13:59:30,904 - ERROR - content_service.content_service.py - Content-VideoFrag - < floor:0, pid:150738090724, pn:1, ppid:150643966297, ppn:2 > - Failed to download https://tiebac.baidu.com/c/p/voice?voice_md5=2850cd67130ff6a0fb6057e80c02feb2_5456869427&play_from=pb_voice_play after 3 attempts
2026-04-14 13:59:30,933 - ERROR - content_service.content_service.py - Content-VideoFrag - < floor:0, pid:150766780390, pn:2, ppid:150643966297, ppn:2 > - Failed to download https://tiebac.baidu.com/c/p/voice?voice_md5=b46c2e77f819e677211a28531136f8a7_6665508204&play_from=pb_voice_play after 3 attempts
2026-04-14 13:59:38,016 - ERROR - content_service.content_service.py - Content-VideoFrag - < floor:0, pid:150753142408, pn:1, ppid:150674354626, ppn:5 > - Failed to download https://tiebac.baidu.com/c/p/voice?voice_md5=1e5fd44ec830d8b1f6f46fbf898a3e9a_2932224289&play_from=pb_voice_play after 3 attempts
2026-04-14 13:59:38,900 - ERROR - content_service.content_service.py - Content-VideoFrag - < floor:0, pid:150766551546, pn:2, ppid:150674354626, ppn:5 > - Failed to download https://tiebac.baidu.com/c/p/voice?voice_md5=88a6ae7c7fcc59a5beac905b6a7c378b_6018712657&play_from=pb_voice_play after 3 attempts
2026-04-14 13:59:48,924 - ERROR - content_service.content_service.py - Content-VideoFrag - < floor:0, pid:150753819384, pn:2, ppid:150655400514, ppn:3 > - Failed to download https://tiebac.baidu.com/c/p/voice?voice_md5=4f2d924b856c2e3b54e1f97fc62c6a52_3573807356&play_from=pb_voice_play after 3 attempts
2026-04-14 13:59:48,933 - ERROR - content_service.content_service.py - Content-VideoFrag - < floor:0, pid:150718155330, pn:1, ppid:150655400514, ppn:3 > - Failed to download https://tiebac.baidu.com/c/p/voice?voice_md5=bea3c2205be1e82e24fb57a09991331b_6100602359&play_from=pb_voice_play after 3 attempts
2026-04-14 13:59:50,005 - ERROR - content_service.content_service.py - Content-VideoFrag - < floor:0, pid:150766107398, pn:3, ppid:150655400514, ppn:3 > - Failed to download https://tiebac.baidu.com/c/p/voice?voice_md5=6bca40fb2890c5064c3e0fe13054567e_6018712657&play_from=pb_voice_play after 3 attempts
2026-04-14 13:59:50,917 - ERROR - content_service.content_service.py - Content-VideoFrag - < floor:0, pid:150851395581, pn:4, ppid:150655400514, ppn:3 > - Failed to download https://tiebac.baidu.com/c/p/voice?voice_md5=c20f3b58939291ab190d6a84c2e682b1_4460775053&play_from=pb_voice_play after 3 attempts
2026-04-14 14:00:06,899 - ERROR - content_service.content_service.py - Content-VideoFrag - < floor:12403, pid:152513957858, pn:386 > - Failed to download https://tiebac.baidu.com/c/p/voice?voice_md5=8b9e19d165befc9179ca4b3a09bc6e58_6819694450&play_from=pb_voice_play after 3 attempts
2026-04-14 14:00:51,983 - ERROR - post_service.post_service.py - SavePost - < floor:240031, pid:153375061020, pn:7552 > - UNIQUE constraint failed: post.id
2026-04-14 14:00:51,984 - ERROR - post_service.post_service.py - SavePost - < floor:240032, pid:153375061283, pn:7552 > - UNIQUE constraint failed: post.id
2026-04-14 14:00:51,984 - ERROR - post_service.post_service.py - SavePost - < floor:240033, pid:153375061298, pn:7552 > - UNIQUE constraint failed: post.id
2026-04-14 14:00:51,984 - ERROR - post_service.post_service.py - SavePost - < floor:240034, pid:153375061567, pn:7552 > - UNIQUE constraint failed: post.id
2026-04-14 14:00:51,984 - ERROR - post_service.post_service.py - SavePost - < floor:240035, pid:153375061670, pn:7552 > - UNIQUE constraint failed: post.id
2026-04-14 14:00:51,984 - ERROR - post_service.post_service.py - SavePost - < floor:240036, pid:153375061714, pn:7552 > - UNIQUE constraint failed: post.id
2026-04-14 14:00:51,985 - ERROR - post_service.post_service.py - SavePost - < floor:240037, pid:153375061946, pn:7552 > - UNIQUE constraint failed: post.id
2026-04-14 14:00:51,985 - ERROR - post_service.post_service.py - SavePost - < floor:240038, pid:153375062352, pn:7552 > - UNIQUE constraint failed: post.id
2026-04-14 14:00:51,985 - ERROR - post_service.post_service.py - SavePost - < floor:240039, pid:153375062780, pn:7552 > - UNIQUE constraint failed: post.id
2026-04-14 14:00:51,985 - ERROR - post_service.post_service.py - SavePost - < floor:240040, pid:153375063138, pn:7552 > - UNIQUE constraint failed: post.id
2026-04-14 14:00:51,985 - ERROR - post_service.post_service.py - SavePost - < floor:240041, pid:153375063178, pn:7552 > - UNIQUE constraint failed: post.id
2026-04-14 14:00:51,985 - ERROR - post_service.post_service.py - SavePost - < floor:240042, pid:153375063598, pn:7552 > - UNIQUE constraint failed: post.id
2026-04-14 14:00:51,986 - ERROR - post_service.post_service.py - SavePost - < floor:240043, pid:153375063707, pn:7552 > - UNIQUE constraint failed: post.id
2026-04-14 14:00:51,986 - ERROR - post_service.post_service.py - SavePost - < floor:240044, pid:153375064182, pn:7552 > - UNIQUE constraint failed: post.id
2026-04-14 14:00:51,986 - ERROR - post_service.post_service.py - SavePost - < floor:240045, pid:153375064538, pn:7552 > - UNIQUE constraint failed: post.id
2026-04-14 14:00:51,986 - ERROR - post_service.post_service.py - SavePost - < floor:240046, pid:153375064867, pn:7552 > - UNIQUE constraint failed: post.id
2026-04-14 14:01:01,903 - ERROR - content_service.content_service.py - Content-VideoFrag - < floor:0, pid:150851407826, pn:1, ppid:150665076293, ppn:4 > - Failed to download https://tiebac.baidu.com/c/p/voice?voice_md5=e3b09404769a70017d92c1719cfee79a_4460775053&play_from=pb_voice_play after 3 attempts
2026-04-14 14:01:04,046 - ERROR - content_service.content_service.py - Content-VideoFrag - < floor:0, pid:150765346591, pn:1, ppid:150643966297, ppn:2 > - Failed to download https://tiebac.baidu.com/c/p/voice?voice_md5=93c96618767bc71da565da4dfc426d22_2010632025&play_from=pb_voice_play after 3 attempts
2026-04-14 14:01:04,048 - ERROR - content_service.content_service.py - Content-VideoFrag - < floor:0, pid:150766844802, pn:2, ppid:150643966297, ppn:2 > - Failed to download https://tiebac.baidu.com/c/p/voice?voice_md5=7b57c4de77aa9c86a290ae5c4fe6a4c4_4938725720&play_from=pb_voice_play after 3 attempts
2026-04-14 14:01:10,880 - ERROR - post_service.post_service.py - SavePost - < floor:130004, pid:153340710146, pn:4068 > - UNIQUE constraint failed: post.id
2026-04-14 14:01:10,880 - ERROR - post_service.post_service.py - SavePost - < floor:130005, pid:153340710249, pn:4068 > - UNIQUE constraint failed: post.id
2026-04-14 14:01:10,880 - ERROR - post_service.post_service.py - SavePost - < floor:130006, pid:153340710320, pn:4068 > - UNIQUE constraint failed: post.id
2026-04-14 14:01:10,880 - ERROR - post_service.post_service.py - SavePost - < floor:130007, pid:153340710346, pn:4068 > - UNIQUE constraint failed: post.id
2026-04-14 14:01:10,880 - ERROR - post_service.post_service.py - SavePost - < floor:130008, pid:153340710543, pn:4068 > - UNIQUE constraint failed: post.id
2026-04-14 14:01:10,881 - ERROR - post_service.post_service.py - SavePost - < floor:130009, pid:153340710902, pn:4068 > - UNIQUE constraint failed: post.id
2026-04-14 14:01:10,881 - ERROR - post_service.post_service.py - SavePost - < floor:130010, pid:153340711030, pn:4068 > - UNIQUE constraint failed: post.id
2026-04-14 14:01:10,881 - ERROR - post_service.post_service.py - SavePost - < floor:130011, pid:153340711166, pn:4068 > - UNIQUE constraint failed: post.id
2026-04-14 14:01:10,881 - ERROR - post_service.post_service.py - SavePost - < floor:130012, pid:153340711343, pn:4068 > - UNIQUE constraint failed: post.id
2026-04-14 14:01:10,882 - ERROR - post_service.post_service.py - SavePost - < floor:130013, pid:153340711667, pn:4068 > - UNIQUE constraint failed: post.id
2026-04-14 14:01:10,882 - ERROR - post_service.post_service.py - SavePost - < floor:130014, pid:153340711851, pn:4068 > - UNIQUE constraint failed: post.id
2026-04-14 14:01:10,882 - ERROR - post_service.post_service.py - SavePost - < floor:130015, pid:153340712147, pn:4068 > - UNIQUE constraint failed: post.id
2026-04-14 14:01:10,882 - ERROR - post_service.post_service.py - SavePost - < floor:130017, pid:153340712343, pn:4068 > - UNIQUE constraint failed: post.id
2026-04-14 14:01:10,882 - ERROR - post_service.post_service.py - SavePost - < floor:130018, pid:153340712377, pn:4068 > - UNIQUE constraint failed: post.id
2026-04-14 14:01:10,882 - ERROR - post_service.post_service.py - SavePost - < floor:130019, pid:153340712433, pn:4068 > - UNIQUE constraint failed: post.id
2026-04-14 14:01:10,882 - ERROR - post_service.post_service.py - SavePost - < floor:130020, pid:153340712683, pn:4068 > - UNIQUE constraint failed: post.id
2026-04-14 14:01:10,883 - ERROR - post_service.post_service.py - SavePost - < floor:130021, pid:153340712970, pn:4068 > - UNIQUE constraint failed: post.id
2026-04-14 14:01:10,883 - ERROR - post_service.post_service.py - SavePost - < floor:130022, pid:153340713189, pn:4068 > - UNIQUE constraint failed: post.id
2026-04-14 14:01:10,883 - ERROR - post_service.post_service.py - SavePost - < floor:130023, pid:153340713717, pn:4068 > - UNIQUE constraint failed: post.id
2026-04-14 14:01:10,883 - ERROR - post_service.post_service.py - SavePost - < floor:130024, pid:153340713753, pn:4068 > - UNIQUE constraint failed: post.id
2026-04-14 14:01:10,883 - ERROR - post_service.post_service.py - SavePost - < floor:130025, pid:153340714713, pn:4068 > - UNIQUE constraint failed: post.id
2026-04-14 14:01:10,883 - ERROR - post_service.post_service.py - SavePost - < floor:130026, pid:153340714920, pn:4068 > - UNIQUE constraint failed: post.id
2026-04-14 14:01:10,883 - ERROR - post_service.post_service.py - SavePost - < floor:130027, pid:153340715299, pn:4068 > - UNIQUE constraint failed: post.id
2026-04-14 14:01:10,884 - ERROR - post_service.post_service.py - SavePost - < floor:130028, pid:153340715505, pn:4068 > - UNIQUE constraint failed: post.id
2026-04-14 14:01:10,884 - ERROR - post_service.post_service.py - SavePost - < floor:130029, pid:153340715524, pn:4068 > - UNIQUE constraint failed: post.id
2026-04-14 14:01:10,884 - ERROR - post_service.post_service.py - SavePost - < floor:130030, pid:153340715697, pn:4068 > - UNIQUE constraint failed: post.id
2026-04-14 14:01:10,884 - ERROR - post_service.post_service.py - SavePost - < floor:130031, pid:153340716277, pn:4068 > - UNIQUE constraint failed: post.id
2026-04-14 14:01:10,925 - ERROR - content_service.content_service.py - Content-VideoFrag - < floor:0, pid:150756538568, pn:1, ppid:150674354626, ppn:5 > - Failed to download https://tiebac.baidu.com/c/p/voice?voice_md5=98ac27db096bb324266feb8017c02211_5945690345&play_from=pb_voice_play after 3 attempts
2026-04-14 14:01:12,090 - ERROR - content_service.content_service.py - Content-VideoFrag - < floor:0, pid:151607471347, pn:2, ppid:150674354626, ppn:5 > - Failed to download https://tiebac.baidu.com/c/p/voice?voice_md5=c99b4b1761f59c9afb75a1367e77c732_1248962172&play_from=pb_voice_play after 3 attempts
2026-04-14 14:01:22,027 - ERROR - content_service.content_service.py - Content-VideoFrag - < floor:0, pid:150756508568, pn:2, ppid:150655400514, ppn:3 > - Failed to download https://tiebac.baidu.com/c/p/voice?voice_md5=2787b5899a4b3d31ac467533dde47990_5945690345&play_from=pb_voice_play after 3 attempts
2026-04-14 14:01:22,907 - ERROR - content_service.content_service.py - Content-VideoFrag - < floor:0, pid:150766874489, pn:3, ppid:150655400514, ppn:3 > - Failed to download https://tiebac.baidu.com/c/p/voice?voice_md5=b0ec626cfa5d2f251aa9efe0e3e8498b_4938725720&play_from=pb_voice_play after 3 attempts
2026-04-14 14:01:28,947 - ERROR - post_service.post_service.py - SavePost - < floor:20033, pid:153283777317, pn:619 > - UNIQUE constraint failed: post.id
2026-04-14 14:01:28,948 - ERROR - post_service.post_service.py - SavePost - < floor:20034, pid:153283778728, pn:619 > - UNIQUE constraint failed: post.id
2026-04-14 14:01:28,948 - ERROR - post_service.post_service.py - SavePost - < floor:20035, pid:153283778883, pn:619 > - UNIQUE constraint failed: post.id
2026-04-14 14:01:28,948 - ERROR - post_service.post_service.py - SavePost - < floor:20037, pid:153283780161, pn:619 > - UNIQUE constraint failed: post.id
2026-04-14 14:01:28,948 - ERROR - post_service.post_service.py - SavePost - < floor:20038, pid:153283781356, pn:619 > - UNIQUE constraint failed: post.id
2026-04-14 14:01:28,948 - ERROR - post_service.post_service.py - SavePost - < floor:20039, pid:153283781780, pn:619 > - UNIQUE constraint failed: post.id
2026-04-14 14:01:28,949 - ERROR - post_service.post_service.py - SavePost - < floor:20040, pid:153283784017, pn:619 > - UNIQUE constraint failed: post.id
2026-04-14 14:01:28,949 - ERROR - post_service.post_service.py - SavePost - < floor:20041, pid:153283784719, pn:619 > - UNIQUE constraint failed: post.id
2026-04-14 14:01:28,949 - ERROR - post_service.post_service.py - SavePost - < floor:20042, pid:153283784994, pn:619 > - UNIQUE constraint failed: post.id
2026-04-14 14:01:28,949 - ERROR - post_service.post_service.py - SavePost - < floor:20043, pid:153283786183, pn:619 > - UNIQUE constraint failed: post.id
2026-04-14 14:01:28,949 - ERROR - post_service.post_service.py - SavePost - < floor:20044, pid:153283787019, pn:619 > - UNIQUE constraint failed: post.id
2026-04-14 14:01:28,949 - ERROR - post_service.post_service.py - SavePost - < floor:20045, pid:153283787558, pn:619 > - UNIQUE constraint failed: post.id
2026-04-14 14:01:28,950 - ERROR - post_service.post_service.py - SavePost - < floor:20046, pid:153283789589, pn:619 > - UNIQUE constraint failed: post.id
2026-04-14 14:01:28,950 - ERROR - post_service.post_service.py - SavePost - < floor:20047, pid:153283790447, pn:619 > - UNIQUE constraint failed: post.id
2026-04-14 14:01:28,950 - ERROR - post_service.post_service.py - SavePost - < floor:20048, pid:153283791902, pn:619 > - UNIQUE constraint failed: post.id
2026-04-14 14:01:28,950 - ERROR - post_service.post_service.py - SavePost - < floor:20050, pid:153283792610, pn:619 > - UNIQUE constraint failed: post.id
2026-04-14 14:01:28,950 - ERROR - post_service.post_service.py - SavePost - < floor:20051, pid:153283793512, pn:619 > - UNIQUE constraint failed: post.id
2026-04-14 14:01:28,951 - ERROR - post_service.post_service.py - SavePost - < floor:20052, pid:153283795773, pn:619 > - UNIQUE constraint failed: post.id
2026-04-14 14:01:28,951 - ERROR - post_service.post_service.py - SavePost - < floor:20053, pid:153283796633, pn:619 > - UNIQUE constraint failed: post.id
2026-04-14 14:01:28,951 - ERROR - post_service.post_service.py - SavePost - < floor:20054, pid:153283797597, pn:619 > - UNIQUE constraint failed: post.id
2026-04-14 14:01:28,951 - ERROR - post_service.post_service.py - SavePost - < floor:20055, pid:153283799149, pn:619 > - UNIQUE constraint failed: post.id
2026-04-14 14:01:28,951 - ERROR - post_service.post_service.py - SavePost - < floor:20056, pid:153283799223, pn:619 > - UNIQUE constraint failed: post.id
2026-04-14 14:01:28,951 - ERROR - post_service.post_service.py - SavePost - < floor:20057, pid:153283800044, pn:619 > - UNIQUE constraint failed: post.id
2026-04-14 14:01:28,952 - ERROR - post_service.post_service.py - SavePost - < floor:20058, pid:153283801624, pn:619 > - UNIQUE constraint failed: post.id
2026-04-14 14:01:28,952 - ERROR - post_service.post_service.py - SavePost - < floor:20059, pid:153283804496, pn:619 > - UNIQUE constraint failed: post.id
2026-04-14 14:01:28,952 - ERROR - post_service.post_service.py - SavePost - < floor:20060, pid:153283805069, pn:619 > - UNIQUE constraint failed: post.id
2026-04-14 14:02:36,899 - ERROR - content_service.content_service.py - Content-VideoFrag - < floor:0, pid:150831529764, pn:2, ppid:150643966297, ppn:2 > - Failed to download https://tiebac.baidu.com/c/p/voice?voice_md5=0798d020dfa3b97858612c8e784bf1e0_3404161022&play_from=pb_voice_play after 3 attempts
2026-04-14 14:02:36,934 - ERROR - content_service.content_service.py - Content-VideoFrag - < floor:0, pid:150718174323, pn:1, ppid:150665301138, ppn:4 > - Failed to download https://tiebac.baidu.com/c/p/voice?voice_md5=2596f0718211a3c8e4dfd346687d637a_6100602359&play_from=pb_voice_play after 3 attempts
2026-04-14 14:02:37,036 - ERROR - content_service.content_service.py - Content-VideoFrag - < floor:0, pid:150765502848, pn:1, ppid:150643966297, ppn:2 > - Failed to download https://tiebac.baidu.com/c/p/voice?voice_md5=68a464ad9a4249b04ddb703f9b22df40_6492201133&play_from=pb_voice_play after 3 attempts
2026-04-14 14:02:37,953 - ERROR - content_service.content_service.py - Content-VideoFrag - < floor:0, pid:150766298511, pn:2, ppid:150665301138, ppn:4 > - Failed to download https://tiebac.baidu.com/c/p/voice?voice_md5=0a0c7aba37d6bc371c1a4c5306909d3a_6018712657&play_from=pb_voice_play after 3 attempts
2026-04-14 14:02:44,950 - ERROR - content_service.content_service.py - Content-VideoFrag - < floor:0, pid:152985685786, pn:2, ppid:150674354626, ppn:5 > - Failed to download https://tiebac.baidu.com/c/p/voice?voice_md5=2dec4b0545764e9ae972cd3df67de16a_1727202368&play_from=pb_voice_play after 3 attempts
2026-04-14 14:02:55,921 - ERROR - content_service.content_service.py - Content-VideoFrag - < floor:0, pid:150741575399, pn:1, ppid:150655412204, ppn:3 > - Failed to download https://tiebac.baidu.com/c/p/voice?voice_md5=66daa2c9ef129e3d655793ab0679db2b_592484849&play_from=pb_voice_play after 3 attempts
2026-04-14 14:02:56,913 - ERROR - content_service.content_service.py - Content-VideoFrag - < floor:0, pid:150765080738, pn:2, ppid:150655412204, ppn:3 > - Failed to download https://tiebac.baidu.com/c/p/voice?voice_md5=33595932ba32315229e4e6b557822623_6335000871&play_from=pb_voice_play after 3 attempts
2026-04-14 14:02:56,937 - ERROR - content_service.content_service.py - Content-VideoFrag - < floor:0, pid:151915651335, pn:3, ppid:150655412204, ppn:3 > - Failed to download https://tiebac.baidu.com/c/p/voice?voice_md5=fa49dbfa245f372f93347d85691338b0_6791200401&play_from=pb_voice_play after 3 attempts
2026-04-14 14:04:12,961 - ERROR - content_service.content_service.py - Content-VideoFrag - < floor:0, pid:150766826783, pn:3, ppid:150665325921, ppn:4 > - Failed to download https://tiebac.baidu.com/c/p/voice?voice_md5=20d078e161d6969ff6d4ee66fd17ab96_4930720758&play_from=pb_voice_play after 3 attempts
2026-04-14 14:04:15,916 - ERROR - content_service.content_service.py - Content-VideoFrag - < floor:0, pid:150822319710, pn:2, ppid:150643986133, ppn:2 > - Failed to download https://tiebac.baidu.com/c/p/voice?voice_md5=9dab631b19a6fde0e53fae076694c97f_6380421552&play_from=pb_voice_play after 3 attempts
2026-04-14 14:04:15,972 - ERROR - content_service.content_service.py - Content-VideoFrag - < floor:0, pid:150718375969, pn:1, ppid:150643986133, ppn:2 > - Failed to download https://tiebac.baidu.com/c/p/voice?voice_md5=4005f3c79e57bcf41e6a750b49e66d50_6100602359&play_from=pb_voice_play after 3 attempts
2026-04-14 14:04:21,904 - ERROR - content_service.content_service.py - Content-VideoFrag - < floor:0, pid:150748524658, pn:7, ppid:150674432946, ppn:5 > - Failed to download https://tiebac.baidu.com/c/p/voice?voice_md5=d61eabbb87a83f0ab73f551070fcc607_806904007&play_from=pb_voice_play after 3 attempts
2026-04-14 14:04:21,990 - ERROR - content_service.content_service.py - Content-VideoFrag - < floor:0, pid:150756540292, pn:8, ppid:150674432946, ppn:5 > - Failed to download https://tiebac.baidu.com/c/p/voice?voice_md5=ea4ba4219a40c574339ce3d7cf1dbc63_5945690345&play_from=pb_voice_play after 3 attempts
2026-04-14 14:04:24,009 - ERROR - content_service.content_service.py - Content-VideoFrag - < floor:0, pid:150765993173, pn:11, ppid:150674432946, ppn:5 > - Failed to download https://tiebac.baidu.com/c/p/voice?voice_md5=edae20b6a055110c574a6f1cbf41eb0c_3202307701&play_from=pb_voice_play after 3 attempts
2026-04-14 14:04:24,967 - ERROR - content_service.content_service.py - Content-VideoFrag - < floor:0, pid:150787236559, pn:14, ppid:150674432946, ppn:5 > - Failed to download https://tiebac.baidu.com/c/p/voice?voice_md5=e1b7c6e25fa87bed6b27bcf7e446e548_4917850669&play_from=pb_voice_play after 3 attempts
2026-04-14 14:04:28,944 - ERROR - content_service.content_service.py - Content-VideoFrag - < floor:0, pid:150753859819, pn:1, ppid:150655412204, ppn:3 > - Failed to download https://tiebac.baidu.com/c/p/voice?voice_md5=5d7d70e4494fd9f28f04259197d4c90e_3573807356&play_from=pb_voice_play after 3 attempts
2026-04-14 14:04:30,055 - ERROR - content_service.content_service.py - Content-VideoFrag - < floor:0, pid:150766130059, pn:2, ppid:150655412204, ppn:3 > - Failed to download https://tiebac.baidu.com/c/p/voice?voice_md5=3f334fc6569f4c953514fb4cb2cbf388_6018712657&play_from=pb_voice_play after 3 attempts
2026-04-14 14:04:43,436 - ERROR - post_service.post_service.py - SavePost - < floor:250020, pid:153380331704, pn:7867 > - UNIQUE constraint failed: post.id
2026-04-14 14:04:43,436 - ERROR - post_service.post_service.py - SavePost - < floor:250021, pid:153380331891, pn:7867 > - UNIQUE constraint failed: post.id
2026-04-14 14:04:43,436 - ERROR - post_service.post_service.py - SavePost - < floor:250022, pid:153380332296, pn:7867 > - UNIQUE constraint failed: post.id
2026-04-14 14:04:43,437 - ERROR - post_service.post_service.py - SavePost - < floor:250023, pid:153380333816, pn:7867 > - UNIQUE constraint failed: post.id
2026-04-14 14:04:43,437 - ERROR - post_service.post_service.py - SavePost - < floor:250024, pid:153380334190, pn:7867 > - UNIQUE constraint failed: post.id
2026-04-14 14:04:43,437 - ERROR - post_service.post_service.py - SavePost - < floor:250025, pid:153380334353, pn:7867 > - UNIQUE constraint failed: post.id
2026-04-14 14:04:43,437 - ERROR - post_service.post_service.py - SavePost - < floor:250026, pid:153380334739, pn:7867 > - UNIQUE constraint failed: post.id
2026-04-14 14:04:43,437 - ERROR - post_service.post_service.py - SavePost - < floor:250027, pid:153380335326, pn:7867 > - UNIQUE constraint failed: post.id
2026-04-14 14:04:43,438 - ERROR - post_service.post_service.py - SavePost - < floor:250028, pid:153380335857, pn:7867 > - UNIQUE constraint failed: post.id
2026-04-14 14:04:43,438 - ERROR - post_service.post_service.py - SavePost - < floor:250029, pid:153380335912, pn:7867 > - UNIQUE constraint failed: post.id
2026-04-14 14:04:43,438 - ERROR - post_service.post_service.py - SavePost - < floor:250030, pid:153380336202, pn:7867 > - UNIQUE constraint failed: post.id
2026-04-14 14:05:14,153 - ERROR - post_service.post_service.py - SavePost - < floor:140027, pid:153342952845, pn:4384 > - UNIQUE constraint failed: post.id
2026-04-14 14:05:14,154 - ERROR - post_service.post_service.py - SavePost - < floor:140028, pid:153342953062, pn:4384 > - UNIQUE constraint failed: post.id
2026-04-14 14:05:14,154 - ERROR - post_service.post_service.py - SavePost - < floor:140029, pid:153342953571, pn:4384 > - UNIQUE constraint failed: post.id
2026-04-14 14:05:14,154 - ERROR - post_service.post_service.py - SavePost - < floor:140030, pid:153342954353, pn:4384 > - UNIQUE constraint failed: post.id
2026-04-14 14:05:14,155 - ERROR - post_service.post_service.py - SavePost - < floor:140031, pid:153342954441, pn:4384 > - UNIQUE constraint failed: post.id
2026-04-14 14:05:14,155 - ERROR - post_service.post_service.py - SavePost - < floor:140032, pid:153342954547, pn:4384 > - UNIQUE constraint failed: post.id
2026-04-14 14:05:14,155 - ERROR - post_service.post_service.py - SavePost - < floor:140033, pid:153342954832, pn:4384 > - UNIQUE constraint failed: post.id
2026-04-14 14:05:14,155 - ERROR - post_service.post_service.py - SavePost - < floor:140034, pid:153342954944, pn:4384 > - UNIQUE constraint failed: post.id
2026-04-14 14:05:14,155 - ERROR - post_service.post_service.py - SavePost - < floor:140035, pid:153342955032, pn:4384 > - UNIQUE constraint failed: post.id
2026-04-14 14:05:14,155 - ERROR - post_service.post_service.py - SavePost - < floor:140036, pid:153342955197, pn:4384 > - UNIQUE constraint failed: post.id
2026-04-14 14:05:14,156 - ERROR - post_service.post_service.py - SavePost - < floor:140037, pid:153342955303, pn:4384 > - UNIQUE constraint failed: post.id
2026-04-14 14:05:14,156 - ERROR - post_service.post_service.py - SavePost - < floor:140038, pid:153342955410, pn:4384 > - UNIQUE constraint failed: post.id
2026-04-14 14:05:14,156 - ERROR - post_service.post_service.py - SavePost - < floor:140040, pid:153342955588, pn:4384 > - UNIQUE constraint failed: post.id
2026-04-14 14:05:14,156 - ERROR - post_service.post_service.py - SavePost - < floor:140041, pid:153342955594, pn:4384 > - UNIQUE constraint failed: post.id
2026-04-14 14:05:14,156 - ERROR - post_service.post_service.py - SavePost - < floor:140042, pid:153342955611, pn:4384 > - UNIQUE constraint failed: post.id
2026-04-14 14:05:14,156 - ERROR - post_service.post_service.py - SavePost - < floor:140043, pid:153342955731, pn:4384 > - UNIQUE constraint failed: post.id
2026-04-14 14:05:14,157 - ERROR - post_service.post_service.py - SavePost - < floor:140044, pid:153342955958, pn:4384 > - UNIQUE constraint failed: post.id
2026-04-14 14:05:14,157 - ERROR - post_service.post_service.py - SavePost - < floor:140045, pid:153342955959, pn:4384 > - UNIQUE constraint failed: post.id
2026-04-14 14:05:14,157 - ERROR - post_service.post_service.py - SavePost - < floor:140046, pid:153342956255, pn:4384 > - UNIQUE constraint failed: post.id
2026-04-14 14:05:14,157 - ERROR - post_service.post_service.py - SavePost - < floor:140047, pid:153342956280, pn:4384 > - UNIQUE constraint failed: post.id
2026-04-14 14:05:14,157 - ERROR - post_service.post_service.py - SavePost - < floor:140048, pid:153342956593, pn:4384 > - UNIQUE constraint failed: post.id
2026-04-14 14:05:14,158 - ERROR - post_service.post_service.py - SavePost - < floor:140049, pid:153342956880, pn:4384 > - UNIQUE constraint failed: post.id
2026-04-14 14:05:15,595 - ERROR - post_service.post_service.py - SavePost - < floor:30005, pid:153291310875, pn:929 > - UNIQUE constraint failed: post.id
2026-04-14 14:05:15,595 - ERROR - post_service.post_service.py - SavePost - < floor:30006, pid:153291311083, pn:929 > - UNIQUE constraint failed: post.id
2026-04-14 14:05:15,596 - ERROR - post_service.post_service.py - SavePost - < floor:30007, pid:153291311622, pn:929 > - UNIQUE constraint failed: post.id
2026-04-14 14:05:15,596 - ERROR - post_service.post_service.py - SavePost - < floor:30008, pid:153291311756, pn:929 > - UNIQUE constraint failed: post.id
2026-04-14 14:05:15,596 - ERROR - post_service.post_service.py - SavePost - < floor:30009, pid:153291312221, pn:929 > - UNIQUE constraint failed: post.id
2026-04-14 14:05:15,596 - ERROR - post_service.post_service.py - SavePost - < floor:30010, pid:153291312915, pn:929 > - UNIQUE constraint failed: post.id
2026-04-14 14:05:15,596 - ERROR - post_service.post_service.py - SavePost - < floor:30011, pid:153291313061, pn:929 > - UNIQUE constraint failed: post.id
2026-04-14 14:05:15,596 - ERROR - post_service.post_service.py - SavePost - < floor:30012, pid:153291313159, pn:929 > - UNIQUE constraint failed: post.id
2026-04-14 14:05:15,596 - ERROR - post_service.post_service.py - SavePost - < floor:30013, pid:153291313563, pn:929 > - UNIQUE constraint failed: post.id
2026-04-14 14:05:15,597 - ERROR - post_service.post_service.py - SavePost - < floor:30014, pid:153291313868, pn:929 > - UNIQUE constraint failed: post.id
2026-04-14 14:05:15,597 - ERROR - post_service.post_service.py - SavePost - < floor:30015, pid:153291314052, pn:929 > - UNIQUE constraint failed: post.id
2026-04-14 14:05:15,597 - ERROR - post_service.post_service.py - SavePost - < floor:30016, pid:153291314079, pn:929 > - UNIQUE constraint failed: post.id
2026-04-14 14:05:15,597 - ERROR - post_service.post_service.py - SavePost - < floor:30017, pid:153291314259, pn:929 > - UNIQUE constraint failed: post.id
2026-04-14 14:05:15,597 - ERROR - post_service.post_service.py - SavePost - < floor:30018, pid:153291314813, pn:929 > - UNIQUE constraint failed: post.id
2026-04-14 14:05:15,597 - ERROR - post_service.post_service.py - SavePost - < floor:30019, pid:153291315012, pn:929 > - UNIQUE constraint failed: post.id
2026-04-14 14:05:15,597 - ERROR - post_service.post_service.py - SavePost - < floor:30020, pid:153291315295, pn:929 > - UNIQUE constraint failed: post.id
2026-04-14 14:05:15,598 - ERROR - post_service.post_service.py - SavePost - < floor:30021, pid:153291315853, pn:929 > - UNIQUE constraint failed: post.id
2026-04-14 14:05:15,598 - ERROR - post_service.post_service.py - SavePost - < floor:30022, pid:153291316017, pn:929 > - UNIQUE constraint failed: post.id
2026-04-14 14:05:15,598 - ERROR - post_service.post_service.py - SavePost - < floor:30023, pid:153291316089, pn:929 > - UNIQUE constraint failed: post.id
2026-04-14 14:05:15,598 - ERROR - post_service.post_service.py - SavePost - < floor:30024, pid:153291316582, pn:929 > - UNIQUE constraint failed: post.id
2026-04-14 14:05:15,598 - ERROR - post_service.post_service.py - SavePost - < floor:30026, pid:153291317122, pn:929 > - UNIQUE constraint failed: post.id
2026-04-14 14:05:15,599 - ERROR - post_service.post_service.py - SavePost - < floor:30028, pid:153291318041, pn:929 > - UNIQUE constraint failed: post.id
2026-04-14 14:05:15,599 - ERROR - post_service.post_service.py - SavePost - < floor:30029, pid:153291318148, pn:929 > - UNIQUE constraint failed: post.id
2026-04-14 14:05:15,599 - ERROR - post_service.post_service.py - SavePost - < floor:30030, pid:153291319048, pn:929 > - UNIQUE constraint failed: post.id
2026-04-14 14:05:15,599 - ERROR - post_service.post_service.py - SavePost - < floor:30031, pid:153291319243, pn:929 > - UNIQUE constraint failed: post.id
2026-04-14 14:05:15,600 - ERROR - post_service.post_service.py - SavePost - < floor:30032, pid:153291319666, pn:929 > - UNIQUE constraint failed: post.id
2026-04-14 14:05:15,600 - ERROR - post_service.post_service.py - SavePost - < floor:30033, pid:153291320092, pn:929 > - UNIQUE constraint failed: post.id
2026-04-14 14:05:15,600 - ERROR - post_service.post_service.py - SavePost - < floor:30035, pid:153291321224, pn:929 > - UNIQUE constraint failed: post.id
2026-04-14 14:05:15,600 - ERROR - post_service.post_service.py - SavePost - < floor:30036, pid:153291321316, pn:929 > - UNIQUE constraint failed: post.id
2026-04-14 14:05:15,601 - ERROR - post_service.post_service.py - SavePost - < floor:30037, pid:153291321491, pn:929 > - UNIQUE constraint failed: post.id
2026-04-14 14:05:16,203 - ERROR - post_service.post_service.py - SavePost - < floor:30038, pid:153291321520, pn:930 > - UNIQUE constraint failed: post.id
2026-04-14 14:05:16,203 - ERROR - post_service.post_service.py - SavePost - < floor:30039, pid:153291321668, pn:930 > - UNIQUE constraint failed: post.id
2026-04-14 14:05:16,203 - ERROR - post_service.post_service.py - SavePost - < floor:30040, pid:153291322081, pn:930 > - UNIQUE constraint failed: post.id
2026-04-14 14:05:16,203 - ERROR - post_service.post_service.py - SavePost - < floor:30041, pid:153291322366, pn:930 > - UNIQUE constraint failed: post.id
2026-04-14 14:05:16,204 - ERROR - post_service.post_service.py - SavePost - < floor:30042, pid:153291322508, pn:930 > - UNIQUE constraint failed: post.id
2026-04-14 14:05:16,204 - ERROR - post_service.post_service.py - SavePost - < floor:30043, pid:153291323199, pn:930 > - UNIQUE constraint failed: post.id
2026-04-14 14:05:16,204 - ERROR - post_service.post_service.py - SavePost - < floor:30044, pid:153291323647, pn:930 > - UNIQUE constraint failed: post.id
2026-04-14 14:05:38,048 - ERROR - post_service.post_service.py - FetchPosts - < pn:7948 > - 请求失败
2026-04-14 14:05:39,822 - ERROR - post_service.post_service.py - FetchPosts - < pn:4418 > - 请求失败
2026-04-14 14:05:41,056 - ERROR - post_service.post_service.py - FetchPosts - < pn:7953 > - 请求失败
2026-04-14 14:05:42,268 - ERROR - post_service.post_service.py - FetchPosts - < pn:964 > - 请求失败
2026-04-14 14:05:42,428 - ERROR - post_service.post_service.py - FetchPosts - < pn:965 > - 请求失败
2026-04-14 14:05:42,441 - ERROR - post_service.post_service.py - FetchPosts - < pn:7956 > - 请求失败
2026-04-14 14:05:42,447 - ERROR - post_service.post_service.py - FetchPosts - < pn:4422 > - 请求失败
2026-04-14 14:05:42,669 - ERROR - post_service.post_service.py - FetchPosts - < pn:966 > - 请求失败
2026-04-14 14:05:42,835 - ERROR - post_service.post_service.py - FetchPosts - < pn:967 > - 请求失败
2026-04-14 14:05:43,430 - ERROR - post_service.post_service.py - FetchPosts - < pn:7958 > - 请求失败
2026-04-14 14:05:44,175 - ERROR - post_service.post_service.py - FetchPosts - < pn:969 > - 请求失败
2026-04-14 14:05:44,253 - ERROR - post_service.post_service.py - FetchPosts - < pn:4425 > - 请求失败
2026-04-14 14:05:45,961 - ERROR - post_service.post_service.py - FetchPosts - < pn:4428 > - 请求失败
2026-04-14 14:05:46,948 - ERROR - content_service.content_service.py - Content-VideoFrag - < floor:0, pid:150718409333, pn:1, ppid:150665375513, ppn:4 > - Failed to download https://tiebac.baidu.com/c/p/voice?voice_md5=90aee4909dc189149d36e6d7915f61e0_6100602359&play_from=pb_voice_play after 3 attempts
2026-04-14 14:05:47,017 - ERROR - content_service.content_service.py - Content-VideoFrag - < floor:0, pid:150766392519, pn:2, ppid:150665375513, ppn:4 > - Failed to download https://tiebac.baidu.com/c/p/voice?voice_md5=e64234d6433aaf662e0692d0c2f5006a_6018712657&play_from=pb_voice_play after 3 attempts
2026-04-14 14:05:47,084 - ERROR - post_service.post_service.py - FetchPosts - < pn:973 > - 请求失败
2026-04-14 14:05:47,720 - ERROR - post_service.post_service.py - FetchPosts - < pn:7964 > - 请求失败
2026-04-14 14:05:49,185 - ERROR - post_service.post_service.py - FetchPosts - < pn:7966 > - 请求失败
2026-04-14 14:05:49,456 - ERROR - post_service.post_service.py - FetchPosts - < pn:7967 > - 请求失败
2026-04-14 14:05:49,907 - ERROR - content_service.content_service.py - Content-VideoFrag - < floor:0, pid:150766569060, pn:1, ppid:150644039545, ppn:2 > - Failed to download https://tiebac.baidu.com/c/p/voice?voice_md5=8ccff055fbf6f133e98f0fd41222d97c_6468468367&play_from=pb_voice_play after 3 attempts
2026-04-14 14:05:50,300 - ERROR - post_service.post_service.py - FetchPosts - < pn:977 > - 请求失败
2026-04-14 14:05:51,314 - ERROR - post_service.post_service.py - FetchPosts - < pn:979 > - 请求失败
2026-04-14 14:05:51,468 - ERROR - post_service.post_service.py - FetchPosts - < pn:980 > - 请求失败
2026-04-14 14:05:51,910 - ERROR - post_service.post_service.py - FetchPosts - < pn:981 > - 请求失败
2026-04-14 14:05:52,138 - ERROR - post_service.post_service.py - FetchPosts - < pn:4436 > - 请求失败
2026-04-14 14:05:52,140 - ERROR - post_service.post_service.py - FetchPosts - < pn:7972 > - 请求失败
2026-04-14 14:05:52,435 - ERROR - post_service.post_service.py - FetchPosts - < pn:4437 > - 请求失败
2026-04-14 14:05:52,436 - ERROR - post_service.post_service.py - FetchPosts - < pn:7973 > - 请求失败
2026-04-14 14:05:52,599 - ERROR - post_service.post_service.py - FetchPosts - < pn:4438 > - 请求失败
2026-04-14 14:05:52,602 - ERROR - post_service.post_service.py - FetchPosts - < pn:7974 > - 请求失败
2026-04-14 14:05:52,844 - ERROR - post_service.post_service.py - FetchPosts - < pn:4439 > - 请求失败
2026-04-14 14:05:52,846 - ERROR - post_service.post_service.py - FetchPosts - < pn:7975 > - 请求失败
2026-04-14 14:05:53,123 - ERROR - post_service.post_service.py - FetchPosts - < pn:7976 > - 请求失败
2026-04-14 14:05:53,248 - ERROR - post_service.post_service.py - FetchPosts - < pn:983 > - 请求失败
2026-04-14 14:05:53,489 - ERROR - post_service.post_service.py - FetchPosts - < pn:984 > - 请求失败
2026-04-14 14:05:53,733 - ERROR - post_service.post_service.py - FetchPosts - < pn:4441 > - 请求失败
2026-04-14 14:05:54,052 - ERROR - post_service.post_service.py - FetchPosts - < pn:4442 > - 请求失败
2026-04-14 14:05:55,432 - ERROR - post_service.post_service.py - FetchPosts - < pn:987 > - 请求失败
2026-04-14 14:05:55,668 - ERROR - post_service.post_service.py - FetchPosts - < pn:988 > - 请求失败
2026-04-14 14:05:56,213 - ERROR - post_service.post_service.py - FetchPosts - < pn:7981 > - 请求失败
2026-04-14 14:05:57,675 - ERROR - post_service.post_service.py - FetchPosts - < pn:991 > - 请求失败
2026-04-14 14:05:58,953 - ERROR - content_service.content_service.py - Content-VideoFrag - < floor:0, pid:150748541642, pn:2, ppid:150674455216, ppn:5 > - Failed to download https://tiebac.baidu.com/c/p/voice?voice_md5=2487d5fb59fc8aeb4f9bd254828c6806_806904007&play_from=pb_voice_play after 3 attempts
2026-04-14 14:05:58,963 - ERROR - post_service.post_service.py - FetchPosts - < pn:7985 > - 请求失败
2026-04-14 14:05:59,305 - ERROR - post_service.post_service.py - FetchPosts - < pn:7986 > - 请求失败
2026-04-14 14:05:59,498 - ERROR - post_service.post_service.py - FetchPosts - < pn:4449 > - 请求失败
2026-04-14 14:06:00,396 - ERROR - post_service.post_service.py - FetchPosts - < pn:4451 > - 请求失败
2026-04-14 14:06:00,535 - ERROR - post_service.post_service.py - FetchPosts - < pn:996 > - 请求失败
2026-04-14 14:06:00,572 - ERROR - post_service.post_service.py - FetchPosts - < pn:4452 > - 请求失败
2026-04-14 14:06:00,901 - ERROR - content_service.content_service.py - Content-VideoFrag - < floor:0, pid:151066829874, pn:5, ppid:150674455216, ppn:5 > - Failed to download https://tiebac.baidu.com/c/p/voice?voice_md5=0008b2640f20870b13c11b1bc601fbfc_3633192354&play_from=pb_voice_play after 3 attempts
2026-04-14 14:06:01,060 - ERROR - post_service.post_service.py - FetchPosts - < pn:997 > - 请求失败
2026-04-14 14:06:01,320 - ERROR - post_service.post_service.py - FetchPosts - < pn:7989 > - 请求失败
2026-04-14 14:06:01,647 - ERROR - post_service.post_service.py - FetchPosts - < pn:7990 > - 请求失败
2026-04-14 14:06:01,930 - ERROR - post_service.post_service.py - FetchPosts - < pn:7991 > - 请求失败
2026-04-14 14:06:02,135 - ERROR - post_service.post_service.py - FetchPosts - < pn:4455 > - 请求失败
2026-04-14 14:06:02,135 - ERROR - post_service.post_service.py - FetchPosts - < pn:999 > - 请求失败
2026-04-14 14:06:02,320 - ERROR - post_service.post_service.py - FetchPosts - < pn:7992 > - 请求失败
2026-04-14 14:06:02,388 - ERROR - post_service.post_service.py - FetchPosts - < pn:4456 > - 请求失败
2026-04-14 14:06:02,612 - ERROR - post_service.post_service.py - FetchPosts - < pn:7993 > - 请求失败
2026-04-14 14:06:02,636 - ERROR - post_service.post_service.py - FetchPosts - < pn:4457 > - 请求失败
2026-04-14 14:06:02,900 - ERROR - content_service.content_service.py - Content-VideoFrag - < floor:0, pid:150767778488, pn:2, ppid:150655412204, ppn:3 > - Failed to download https://tiebac.baidu.com/c/p/voice?voice_md5=1cb029b090610dd908039de559f24479_1088470394&play_from=pb_voice_play after 3 attempts
2026-04-14 14:06:02,904 - ERROR - post_service.post_service.py - FetchPosts - < pn:4458 > - 请求失败
2026-04-14 14:06:03,066 - ERROR - post_service.post_service.py - FetchPosts - < pn:4459 > - 请求失败
2026-04-14 14:06:03,663 - ERROR - post_service.post_service.py - FetchPosts - < pn:7995 > - 请求失败
2026-04-14 14:06:03,836 - ERROR - post_service.post_service.py - FetchPosts - < pn:4461 > - 请求失败
2026-04-14 14:06:04,999 - ERROR - post_service.post_service.py - FetchPosts - < pn:7997 > - 请求失败
2026-04-14 14:06:05,791 - ERROR - post_service.post_service.py - FetchPosts - < pn:1004 > - 请求失败
2026-04-14 14:06:05,800 - ERROR - post_service.post_service.py - FetchPosts - < pn:7999 > - 请求失败
2026-04-14 14:06:05,966 - ERROR - post_service.post_service.py - FetchPosts - < pn:8000 > - 请求失败
2026-04-14 14:06:07,099 - ERROR - post_service.post_service.py - FetchPosts - < pn:4466 > - 请求失败
2026-04-14 14:06:07,474 - ERROR - post_service.post_service.py - FetchPosts - < pn:4467 > - 请求失败
2026-04-14 14:06:07,606 - ERROR - post_service.post_service.py - FetchPosts - < pn:8003 > - 请求失败
2026-04-14 14:06:07,775 - ERROR - post_service.post_service.py - FetchPosts - < pn:8004 > - 请求失败
2026-04-14 14:06:08,604 - ERROR - post_service.post_service.py - FetchPosts - < pn:1008 > - 请求失败
2026-04-14 14:06:08,824 - ERROR - post_service.post_service.py - FetchPosts - < pn:1009 > - 请求失败
2026-04-14 14:06:09,218 - ERROR - post_service.post_service.py - FetchPosts - < pn:1010 > - 请求失败
2026-04-14 14:06:09,384 - ERROR - post_service.post_service.py - FetchPosts - < pn:1011 > - 请求失败
2026-04-14 14:06:11,125 - ERROR - post_service.post_service.py - FetchPosts - < pn:4473 > - 请求失败
2026-04-14 14:06:12,123 - ERROR - post_service.post_service.py - FetchPosts - < pn:1015 > - 请求失败
2026-04-14 14:06:12,775 - ERROR - post_service.post_service.py - FetchPosts - < pn:8011 > - 请求失败
2026-04-14 14:06:12,804 - ERROR - post_service.post_service.py - FetchPosts - < pn:4476 > - 请求失败
2026-04-14 14:06:13,065 - ERROR - post_service.post_service.py - FetchPosts - < pn:4477 > - 请求失败
2026-04-14 14:06:13,235 - ERROR - post_service.post_service.py - FetchPosts - < pn:1017 > - 请求失败
2026-04-14 14:06:13,239 - ERROR - post_service.post_service.py - FetchPosts - < pn:4478 > - 请求失败
2026-04-14 14:06:13,495 - ERROR - post_service.post_service.py - FetchPosts - < pn:4479 > - 请求失败
2026-04-14 14:06:13,501 - ERROR - post_service.post_service.py - FetchPosts - < pn:1018 > - 请求失败
2026-04-14 14:06:13,713 - ERROR - post_service.post_service.py - FetchPosts - < pn:1019 > - 请求失败
2026-04-14 14:06:14,355 - ERROR - post_service.post_service.py - FetchPosts - < pn:8014 > - 请求失败
2026-04-14 14:06:14,575 - ERROR - post_service.post_service.py - FetchPosts - < pn:8015 > - 请求失败
2026-04-14 14:06:15,929 - ERROR - post_service.post_service.py - FetchPosts - < pn:4483 > - 请求失败
2026-04-14 14:06:15,933 - ERROR - post_service.post_service.py - FetchPosts - < pn:8017 > - 请求失败
2026-04-14 14:06:16,106 - ERROR - post_service.post_service.py - FetchPosts - < pn:8018 > - 请求失败
2026-04-14 14:06:16,377 - ERROR - post_service.post_service.py - FetchPosts - < pn:8019 > - 请求失败
2026-04-14 14:06:16,556 - ERROR - post_service.post_service.py - FetchPosts - < pn:8020 > - 请求失败
2026-04-14 14:06:17,426 - ERROR - post_service.post_service.py - FetchPosts - < pn:8022 > - 请求失败
2026-04-14 14:06:17,594 - ERROR - post_service.post_service.py - FetchPosts - < pn:8023 > - 请求失败
2026-04-14 14:06:17,882 - ERROR - post_service.post_service.py - FetchPosts - < pn:8024 > - 请求失败
2026-04-14 14:06:18,113 - ERROR - post_service.post_service.py - FetchPosts - < pn:4486 > - 请求失败
2026-04-14 14:06:18,980 - ERROR - post_service.post_service.py - FetchPosts - < pn:1026 > - 请求失败
2026-04-14 14:06:19,558 - ERROR - post_service.post_service.py - FetchPosts - < pn:8027 > - 请求失败
2026-04-14 14:06:19,852 - ERROR - post_service.post_service.py - FetchPosts - < pn:1028 > - 请求失败
2026-04-14 14:06:20,026 - ERROR - post_service.post_service.py - FetchPosts - < pn:1029 > - 请求失败
2026-04-14 14:06:20,202 - ERROR - post_service.post_service.py - FetchPosts - < pn:1030 > - 请求失败
2026-04-14 14:06:20,694 - ERROR - post_service.post_service.py - FetchPosts - < pn:1031 > - 请求失败
2026-04-14 14:06:21,645 - ERROR - post_service.post_service.py - FetchPosts - < pn:4491 > - 请求失败
2026-04-14 14:06:22,743 - ERROR - post_service.post_service.py - FetchPosts - < pn:8031 > - 请求失败
2026-04-14 14:06:23,134 - ERROR - post_service.post_service.py - FetchPosts - < pn:8032 > - 请求失败
2026-04-14 14:06:23,137 - ERROR - post_service.post_service.py - FetchPosts - < pn:1034 > - 请求失败
2026-04-14 14:06:23,398 - ERROR - post_service.post_service.py - FetchPosts - < pn:4494 > - 请求失败
2026-04-14 14:06:23,717 - ERROR - post_service.post_service.py - FetchPosts - < pn:4495 > - 请求失败
2026-04-14 14:06:24,816 - ERROR - post_service.post_service.py - FetchPosts - < pn:8035 > - 请求失败
2026-04-14 14:06:25,105 - ERROR - post_service.post_service.py - FetchPosts - < pn:8036 > - 请求失败
2026-04-14 14:06:26,012 - ERROR - post_service.post_service.py - FetchPosts - < pn:1038 > - 请求失败
2026-04-14 14:06:26,049 - ERROR - post_service.post_service.py - FetchPosts - < pn:8038 > - 请求失败
2026-04-14 14:06:26,189 - ERROR - post_service.post_service.py - FetchPosts - < pn:1039 > - 请求失败
2026-04-14 14:06:26,224 - ERROR - post_service.post_service.py - FetchPosts - < pn:8039 > - 请求失败
2026-04-14 14:06:26,343 - ERROR - post_service.post_service.py - FetchPosts - < pn:1040 > - 请求失败
2026-04-14 14:06:26,647 - ERROR - post_service.post_service.py - FetchPosts - < pn:1041 > - 请求失败
2026-04-14 14:06:26,747 - ERROR - post_service.post_service.py - FetchPosts - < pn:4500 > - 请求失败
2026-04-14 14:06:27,004 - ERROR - post_service.post_service.py - FetchPosts - < pn:4501 > - 请求失败
2026-04-14 14:06:27,484 - ERROR - post_service.post_service.py - FetchPosts - < pn:1043 > - 请求失败
2026-04-14 14:06:28,994 - ERROR - post_service.post_service.py - FetchPosts - < pn:8044 > - 请求失败
2026-04-14 14:06:29,150 - ERROR - post_service.post_service.py - FetchPosts - < pn:8045 > - 请求失败
2026-04-14 14:06:29,394 - ERROR - post_service.post_service.py - FetchPosts - < pn:8046 > - 请求失败
2026-04-14 14:06:29,550 - ERROR - post_service.post_service.py - FetchPosts - < pn:1046 > - 请求失败
2026-04-14 14:06:29,563 - ERROR - post_service.post_service.py - FetchPosts - < pn:8047 > - 请求失败
2026-04-14 14:06:29,837 - ERROR - post_service.post_service.py - FetchPosts - < pn:1047 > - 请求失败
2026-04-14 14:06:29,946 - ERROR - post_service.post_service.py - FetchPosts - < pn:4505 > - 请求失败
2026-04-14 14:06:30,006 - ERROR - post_service.post_service.py - FetchPosts - < pn:1048 > - 请求失败
2026-04-14 14:06:30,107 - ERROR - post_service.post_service.py - FetchPosts - < pn:4506 > - 请求失败
2026-04-14 14:06:30,388 - ERROR - post_service.post_service.py - FetchPosts - < pn:4507 > - 请求失败
2026-04-14 14:06:30,765 - ERROR - post_service.post_service.py - FetchPosts - < pn:4508 > - 请求失败
2026-04-14 14:06:30,918 - ERROR - post_service.post_service.py - FetchPosts - < pn:4509 > - 请求失败
2026-04-14 14:06:31,087 - ERROR - post_service.post_service.py - FetchPosts - < pn:4510 > - 请求失败
2026-04-14 14:06:32,601 - ERROR - post_service.post_service.py - FetchPosts - < pn:4513 > - 请求失败
2026-04-14 14:06:32,773 - ERROR - post_service.post_service.py - FetchPosts - < pn:4514 > - 请求失败
2026-04-14 14:06:33,008 - ERROR - post_service.post_service.py - FetchPosts - < pn:1053 > - 请求失败
2026-04-14 14:06:33,326 - ERROR - post_service.post_service.py - FetchPosts - < pn:1054 > - 请求失败
2026-04-14 14:06:34,252 - ERROR - post_service.post_service.py - FetchPosts - < pn:4517 > - 请求失败
2026-04-14 14:06:34,649 - ERROR - post_service.post_service.py - FetchPosts - < pn:1056 > - 请求失败
2026-04-14 14:06:35,034 - ERROR - post_service.post_service.py - FetchPosts - < pn:1057 > - 请求失败
2026-04-14 14:06:35,280 - ERROR - post_service.post_service.py - FetchPosts - < pn:1058 > - 请求失败
2026-04-14 14:06:35,286 - ERROR - post_service.post_service.py - FetchPosts - < pn:8056 > - 请求失败
2026-04-14 14:06:35,589 - ERROR - post_service.post_service.py - FetchPosts - < pn:8057 > - 请求失败
2026-04-14 14:06:35,628 - ERROR - post_service.post_service.py - FetchPosts - < pn:4520 > - 请求失败
2026-04-14 14:06:36,648 - ERROR - post_service.post_service.py - FetchPosts - < pn:4522 > - 请求失败
2026-04-14 14:06:36,649 - ERROR - post_service.post_service.py - FetchPosts - < pn:8059 > - 请求失败
2026-04-14 14:06:36,689 - ERROR - post_service.post_service.py - FetchPosts - < pn:1061 > - 请求失败
2026-04-14 14:06:36,803 - ERROR - post_service.post_service.py - FetchPosts - < pn:4523 > - 请求失败
2026-04-14 14:06:36,823 - ERROR - post_service.post_service.py - FetchPosts - < pn:8060 > - 请求失败
2026-04-14 14:06:36,856 - ERROR - post_service.post_service.py - FetchPosts - < pn:1062 > - 请求失败
2026-04-14 14:06:36,991 - ERROR - post_service.post_service.py - FetchPosts - < pn:8061 > - 请求失败
2026-04-14 14:06:37,178 - ERROR - post_service.post_service.py - FetchPosts - < pn:8062 > - 请求失败
2026-04-14 14:06:37,352 - ERROR - post_service.post_service.py - FetchPosts - < pn:8063 > - 请求失败
2026-04-14 14:06:37,716 - ERROR - post_service.post_service.py - FetchPosts - < pn:4525 > - 请求失败
2026-04-14 14:06:37,755 - ERROR - post_service.post_service.py - FetchPosts - < pn:1064 > - 请求失败
2026-04-14 14:06:37,910 - ERROR - post_service.post_service.py - FetchPosts - < pn:1065 > - 请求失败
2026-04-14 14:06:38,589 - ERROR - post_service.post_service.py - FetchPosts - < pn:8065 > - 请求失败
2026-04-14 14:06:38,649 - ERROR - post_service.post_service.py - FetchPosts - < pn:4527 > - 请求失败
2026-04-14 14:06:38,666 - ERROR - post_service.post_service.py - FetchPosts - < pn:1067 > - 请求失败
2026-04-14 14:06:38,830 - ERROR - post_service.post_service.py - FetchPosts - < pn:1068 > - 请求失败
2026-04-14 14:06:39,728 - ERROR - post_service.post_service.py - FetchPosts - < pn:8067 > - 请求失败
2026-04-14 14:06:40,945 - ERROR - post_service.post_service.py - FetchPosts - < pn:1072 > - 请求失败
2026-04-14 14:06:41,394 - ERROR - post_service.post_service.py - FetchPosts - < pn:4532 > - 请求失败
2026-04-14 14:06:41,876 - ERROR - post_service.post_service.py - FetchPosts - < pn:1074 > - 请求失败
2026-04-14 14:06:42,669 - ERROR - post_service.post_service.py - FetchPosts - < pn:1076 > - 请求失败
2026-04-14 14:06:43,273 - ERROR - post_service.post_service.py - FetchPosts - < pn:8073 > - 请求失败
2026-04-14 14:06:43,540 - ERROR - post_service.post_service.py - FetchPosts - < pn:8074 > - 请求失败
2026-04-14 14:06:43,622 - ERROR - post_service.post_service.py - FetchPosts - < pn:4535 > - 请求失败
2026-04-14 14:06:43,788 - ERROR - post_service.post_service.py - FetchPosts - < pn:4536 > - 请求失败
2026-04-14 14:06:44,548 - ERROR - post_service.post_service.py - FetchPosts - < pn:1079 > - 请求失败
2026-04-14 14:06:44,671 - ERROR - post_service.post_service.py - FetchPosts - < pn:8076 > - 请求失败
2026-04-14 14:06:45,484 - ERROR - post_service.post_service.py - FetchPosts - < pn:1081 > - 请求失败
2026-04-14 14:06:45,653 - ERROR - post_service.post_service.py - FetchPosts - < pn:1082 > - 请求失败
2026-04-14 14:06:45,816 - ERROR - post_service.post_service.py - FetchPosts - < pn:1083 > - 请求失败
2026-04-14 14:06:46,179 - ERROR - post_service.post_service.py - FetchPosts - < pn:1084 > - 请求失败
2026-04-14 14:06:47,390 - ERROR - post_service.post_service.py - FetchPosts - < pn:4542 > - 请求失败
2026-04-14 14:06:47,548 - ERROR - post_service.post_service.py - FetchPosts - < pn:4543 > - 请求失败
2026-04-14 14:06:49,139 - ERROR - post_service.post_service.py - FetchPosts - < pn:1088 > - 请求失败
2026-04-14 14:06:49,158 - ERROR - post_service.post_service.py - FetchPosts - < pn:4546 > - 请求失败
2026-04-14 14:06:49,332 - ERROR - post_service.post_service.py - FetchPosts - < pn:4547 > - 请求失败
2026-04-14 14:06:49,540 - ERROR - post_service.post_service.py - FetchPosts - < pn:4548 > - 请求失败
2026-04-14 14:06:50,025 - ERROR - post_service.post_service.py - FetchPosts - < pn:1090 > - 请求失败
2026-04-14 14:06:50,622 - ERROR - post_service.post_service.py - FetchPosts - < pn:1091 > - 请求失败
2026-04-14 14:06:50,745 - ERROR - post_service.post_service.py - FetchPosts - < pn:8085 > - 请求失败
2026-04-14 14:06:50,805 - ERROR - post_service.post_service.py - FetchPosts - < pn:1092 > - 请求失败
2026-04-14 14:06:50,975 - ERROR - post_service.post_service.py - FetchPosts - < pn:1093 > - 请求失败
2026-04-14 14:06:51,228 - ERROR - post_service.post_service.py - FetchPosts - < pn:1094 > - 请求失败
2026-04-14 14:06:51,413 - ERROR - post_service.post_service.py - FetchPosts - < pn:1095 > - 请求失败
2026-04-14 14:06:52,242 - ERROR - post_service.post_service.py - FetchPosts - < pn:4552 > - 请求失败
2026-04-14 14:06:52,312 - ERROR - post_service.post_service.py - FetchPosts - < pn:1097 > - 请求失败
2026-04-14 14:06:52,434 - ERROR - post_service.post_service.py - FetchPosts - < pn:4553 > - 请求失败
2026-04-14 14:06:53,711 - ERROR - post_service.post_service.py - FetchPosts - < pn:4555 > - 请求失败
2026-04-14 14:06:53,830 - ERROR - post_service.post_service.py - FetchPosts - < pn:8088 > - 请求失败
2026-04-14 14:06:53,886 - ERROR - post_service.post_service.py - FetchPosts - < pn:4556 > - 请求失败
2026-04-14 14:06:54,478 - ERROR - post_service.post_service.py - FetchPosts - < pn:1101 > - 请求失败
2026-04-14 14:06:55,526 - ERROR - post_service.post_service.py - FetchPosts - < pn:4559 > - 请求失败
2026-04-14 14:06:55,825 - ERROR - post_service.post_service.py - FetchPosts - < pn:1104 > - 请求失败
2026-04-14 14:06:56,055 - ERROR - post_service.post_service.py - FetchPosts - < pn:1105 > - 请求失败
2026-04-14 14:06:56,111 - ERROR - post_service.post_service.py - FetchPosts - < pn:8092 > - 请求失败
2026-04-14 14:06:56,308 - ERROR - post_service.post_service.py - FetchPosts - < pn:1106 > - 请求失败
2026-04-14 14:06:56,393 - ERROR - post_service.post_service.py - FetchPosts - < pn:8093 > - 请求失败
2026-04-14 14:06:56,473 - ERROR - post_service.post_service.py - FetchPosts - < pn:4561 > - 请求失败
2026-04-14 14:06:56,551 - ERROR - post_service.post_service.py - FetchPosts - < pn:8094 > - 请求失败
2026-04-14 14:06:56,715 - ERROR - post_service.post_service.py - FetchPosts - < pn:8095 > - 请求失败
2026-04-14 14:06:57,092 - ERROR - post_service.post_service.py - FetchPosts - < pn:8096 > - 请求失败
2026-04-14 14:06:57,200 - ERROR - post_service.post_service.py - FetchPosts - < pn:4563 > - 请求失败
2026-04-14 14:06:58,075 - ERROR - post_service.post_service.py - FetchPosts - < pn:8098 > - 请求失败
2026-04-14 14:06:58,251 - ERROR - post_service.post_service.py - FetchPosts - < pn:8099 > - 请求失败
2026-04-14 14:06:58,408 - ERROR - post_service.post_service.py - FetchPosts - < pn:8100 > - 请求失败
2026-04-14 14:06:58,736 - ERROR - post_service.post_service.py - FetchPosts - < pn:8101 > - 请求失败
2026-04-14 14:06:58,878 - ERROR - post_service.post_service.py - FetchPosts - < pn:4566 > - 请求失败
2026-04-14 14:06:58,980 - ERROR - post_service.post_service.py - FetchPosts - < pn:8102 > - 请求失败
2026-04-14 14:06:59,046 - ERROR - post_service.post_service.py - FetchPosts - < pn:4567 > - 请求失败
2026-04-14 14:06:59,222 - ERROR - post_service.post_service.py - FetchPosts - < pn:8103 > - 请求失败
2026-04-14 14:06:59,404 - ERROR - post_service.post_service.py - FetchPosts - < pn:8104 > - 请求失败
2026-04-14 14:07:00,266 - ERROR - post_service.post_service.py - FetchPosts - < pn:8106 > - 请求失败
2026-04-14 14:07:00,428 - ERROR - post_service.post_service.py - FetchPosts - < pn:8107 > - 请求失败
2026-04-14 14:07:01,438 - ERROR - post_service.post_service.py - FetchPosts - < pn:8109 > - 请求失败
2026-04-14 14:07:01,601 - ERROR - post_service.post_service.py - FetchPosts - < pn:1114 > - 请求失败
2026-04-14 14:07:01,640 - ERROR - post_service.post_service.py - FetchPosts - < pn:4571 > - 请求失败
2026-04-14 14:07:01,844 - ERROR - post_service.post_service.py - FetchPosts - < pn:4572 > - 请求失败
2026-04-14 14:07:02,208 - ERROR - post_service.post_service.py - FetchPosts - < pn:4573 > - 请求失败
2026-04-14 14:07:02,385 - ERROR - post_service.post_service.py - FetchPosts - < pn:1116 > - 请求失败
2026-04-14 14:07:02,550 - ERROR - post_service.post_service.py - FetchPosts - < pn:1117 > - 请求失败
2026-04-14 14:07:02,716 - ERROR - post_service.post_service.py - FetchPosts - < pn:1118 > - 请求失败
2026-04-14 14:07:02,952 - ERROR - post_service.post_service.py - FetchPosts - < pn:1119 > - 请求失败
2026-04-14 14:07:03,165 - ERROR - post_service.post_service.py - FetchPosts - < pn:8112 > - 请求失败
2026-04-14 14:07:03,208 - ERROR - post_service.post_service.py - FetchPosts - < pn:1120 > - 请求失败
2026-04-14 14:07:03,508 - ERROR - post_service.post_service.py - FetchPosts - < pn:1121 > - 请求失败
2026-04-14 14:07:04,173 - ERROR - post_service.post_service.py - FetchPosts - < pn:8114 > - 请求失败
2026-04-14 14:07:04,866 - ERROR - post_service.post_service.py - FetchPosts - < pn:1124 > - 请求失败
2026-04-14 14:07:05,043 - ERROR - post_service.post_service.py - FetchPosts - < pn:1125 > - 请求失败
2026-04-14 14:07:05,203 - ERROR - post_service.post_service.py - FetchPosts - < pn:1126 > - 请求失败
2026-04-14 14:07:05,569 - ERROR - post_service.post_service.py - FetchPosts - < pn:1127 > - 请求失败
2026-04-14 14:07:05,620 - ERROR - post_service.post_service.py - FetchPosts - < pn:4578 > - 请求失败
2026-04-14 14:07:05,738 - ERROR - post_service.post_service.py - FetchPosts - < pn:1128 > - 请求失败
2026-04-14 14:07:05,769 - ERROR - post_service.post_service.py - FetchPosts - < pn:4579 > - 请求失败
2026-04-14 14:07:05,890 - ERROR - post_service.post_service.py - FetchPosts - < pn:1129 > - 请求失败
2026-04-14 14:07:06,252 - ERROR - post_service.post_service.py - FetchPosts - < pn:8118 > - 请求失败
2026-04-14 14:07:06,602 - ERROR - post_service.post_service.py - FetchPosts - < pn:8119 > - 请求失败
2026-04-14 14:07:06,647 - ERROR - post_service.post_service.py - FetchPosts - < pn:4581 > - 请求失败
2026-04-14 14:07:07,491 - ERROR - post_service.post_service.py - FetchPosts - < pn:8121 > - 请求失败
2026-04-14 14:07:07,692 - ERROR - post_service.post_service.py - FetchPosts - < pn:8122 > - 请求失败
2026-04-14 14:07:08,182 - ERROR - post_service.post_service.py - FetchPosts - < pn:1133 > - 请求失败
2026-04-14 14:07:08,236 - ERROR - post_service.post_service.py - FetchPosts - < pn:4584 > - 请求失败
2026-04-14 14:07:09,064 - ERROR - post_service.post_service.py - FetchPosts - < pn:4586 > - 请求失败
2026-04-14 14:07:09,329 - ERROR - post_service.post_service.py - FetchPosts - < pn:4587 > - 请求失败
2026-04-14 14:07:09,732 - ERROR - post_service.post_service.py - FetchPosts - < pn:8125 > - 请求失败
2026-04-14 14:07:09,967 - ERROR - post_service.post_service.py - FetchPosts - < pn:8126 > - 请求失败
2026-04-14 14:07:10,329 - ERROR - post_service.post_service.py - FetchPosts - < pn:8127 > - 请求失败
2026-04-14 14:07:10,548 - ERROR - post_service.post_service.py - FetchPosts - < pn:8128 > - 请求失败
2026-04-14 14:07:11,295 - ERROR - post_service.post_service.py - FetchPosts - < pn:4590 > - 请求失败
2026-04-14 14:07:11,619 - ERROR - post_service.post_service.py - FetchPosts - < pn:4591 > - 请求失败
2026-04-14 14:07:12,635 - ERROR - post_service.post_service.py - FetchPosts - < pn:4593 > - 请求失败
2026-04-14 14:07:12,674 - ERROR - post_service.post_service.py - FetchPosts - < pn:8132 > - 请求失败
2026-04-14 14:07:13,389 - ERROR - post_service.post_service.py - FetchPosts - < pn:4595 > - 请求失败
2026-04-14 14:07:14,813 - ERROR - post_service.post_service.py - FetchPosts - < pn:8136 > - 请求失败
2026-04-14 14:07:15,152 - ERROR - post_service.post_service.py - FetchPosts - < pn:1144 > - 请求失败
2026-04-14 14:07:15,396 - ERROR - post_service.post_service.py - FetchPosts - < pn:1145 > - 请求失败
2026-04-14 14:07:15,508 - ERROR - post_service.post_service.py - FetchPosts - < pn:4599 > - 请求失败
2026-04-14 14:07:15,631 - ERROR - post_service.post_service.py - FetchPosts - < pn:1146 > - 请求失败
2026-04-14 14:07:15,729 - ERROR - post_service.post_service.py - FetchPosts - < pn:4600 > - 请求失败
2026-04-14 14:07:15,775 - ERROR - post_service.post_service.py - FetchPosts - < pn:8138 > - 请求失败
2026-04-14 14:07:15,884 - ERROR - post_service.post_service.py - FetchPosts - < pn:4601 > - 请求失败
2026-04-14 14:07:15,934 - ERROR - post_service.post_service.py - FetchPosts - < pn:8139 > - 请求失败
2026-04-14 14:07:16,054 - ERROR - post_service.post_service.py - FetchPosts - < pn:4602 > - 请求失败
2026-04-14 14:07:16,114 - ERROR - post_service.post_service.py - FetchPosts - < pn:8140 > - 请求失败
2026-04-14 14:07:16,374 - ERROR - post_service.post_service.py - FetchPosts - < pn:8141 > - 请求失败
2026-04-14 14:07:16,495 - ERROR - post_service.post_service.py - FetchPosts - < pn:1148 > - 请求失败
2026-04-14 14:07:16,551 - ERROR - post_service.post_service.py - FetchPosts - < pn:8142 > - 请求失败
2026-04-14 14:07:16,806 - ERROR - post_service.post_service.py - FetchPosts - < pn:4604 > - 请求失败
2026-04-14 14:07:17,417 - ERROR - post_service.post_service.py - FetchPosts - < pn:1150 > - 请求失败
2026-04-14 14:07:17,579 - ERROR - post_service.post_service.py - FetchPosts - < pn:4606 > - 请求失败
2026-04-14 14:07:18,250 - ERROR - post_service.post_service.py - FetchPosts - < pn:8145 > - 请求失败
2026-04-14 14:07:19,643 - ERROR - post_service.post_service.py - FetchPosts - < pn:8147 > - 请求失败
2026-04-14 14:07:19,826 - ERROR - post_service.post_service.py - FetchPosts - < pn:8148 > - 请求失败
2026-04-14 14:07:19,903 - ERROR - content_service.content_service.py - Content-VideoFrag - < floor:0, pid:150787084322, pn:2, ppid:150665375513, ppn:4 > - Failed to download https://tiebac.baidu.com/c/p/voice?voice_md5=05890790d0694dd9fd8930191977ed32_4917850669&play_from=pb_voice_play after 3 attempts
2026-04-14 14:07:19,943 - ERROR - content_service.content_service.py - Content-VideoFrag - < floor:0, pid:150766365553, pn:1, ppid:150665375513, ppn:4 > - Failed to download https://tiebac.baidu.com/c/p/voice?voice_md5=e64234d6433aaf662e0692d0c2f5006a_6018712657&play_from=pb_voice_play after 3 attempts
2026-04-14 14:07:20,553 - ERROR - post_service.post_service.py - FetchPosts - < pn:1155 > - 请求失败
2026-04-14 14:07:20,711 - ERROR - post_service.post_service.py - FetchPosts - < pn:1156 > - 请求失败
2026-04-14 14:07:21,085 - ERROR - post_service.post_service.py - FetchPosts - < pn:1157 > - 请求失败
2026-04-14 14:07:21,104 - ERROR - post_service.post_service.py - FetchPosts - < pn:4611 > - 请求失败
2026-04-14 14:07:21,252 - ERROR - post_service.post_service.py - FetchPosts - < pn:1158 > - 请求失败
2026-04-14 14:07:21,271 - ERROR - post_service.post_service.py - FetchPosts - < pn:4612 > - 请求失败
2026-04-14 14:07:21,414 - ERROR - post_service.post_service.py - FetchPosts - < pn:1159 > - 请求失败
2026-04-14 14:07:21,583 - ERROR - post_service.post_service.py - FetchPosts - < pn:1160 > - 请求失败
2026-04-14 14:07:21,939 - ERROR - post_service.post_service.py - FetchPosts - < pn:1161 > - 请求失败
2026-04-14 14:07:22,092 - ERROR - post_service.post_service.py - FetchPosts - < pn:1162 > - 请求失败
2026-04-14 14:07:22,094 - ERROR - post_service.post_service.py - FetchPosts - < pn:4614 > - 请求失败
2026-04-14 14:07:22,283 - ERROR - post_service.post_service.py - FetchPosts - < pn:1163 > - 请求失败
2026-04-14 14:07:22,295 - ERROR - post_service.post_service.py - FetchPosts - < pn:4615 > - 请求失败
2026-04-14 14:07:22,453 - ERROR - post_service.post_service.py - FetchPosts - < pn:1164 > - 请求失败
2026-04-14 14:07:22,695 - ERROR - post_service.post_service.py - FetchPosts - < pn:1165 > - 请求失败
2026-04-14 14:07:22,867 - ERROR - post_service.post_service.py - FetchPosts - < pn:1166 > - 请求失败
2026-04-14 14:07:22,908 - ERROR - content_service.content_service.py - Content-VideoFrag - < floor:0, pid:151915612987, pn:1, ppid:150644039545, ppn:2 > - Failed to download https://tiebac.baidu.com/c/p/voice?voice_md5=8102bb7ca75184067d6742246e4ef3cc_6791200401&play_from=pb_voice_play after 3 attempts
2026-04-14 14:07:23,098 - ERROR - post_service.post_service.py - FetchPosts - < pn:1167 > - 请求失败
2026-04-14 14:07:23,367 - ERROR - post_service.post_service.py - FetchPosts - < pn:8154 > - 请求失败
2026-04-14 14:07:23,717 - ERROR - post_service.post_service.py - FetchPosts - < pn:8155 > - 请求失败
2026-04-14 14:07:23,926 - ERROR - post_service.post_service.py - FetchPosts - < pn:8156 > - 请求失败
2026-04-14 14:07:24,339 - ERROR - post_service.post_service.py - FetchPosts - < pn:1169 > - 请求失败
2026-04-14 14:07:24,606 - ERROR - post_service.post_service.py - FetchPosts - < pn:1170 > - 请求失败
2026-04-14 14:07:24,676 - ERROR - post_service.post_service.py - FetchPosts - < pn:8158 > - 请求失败
2026-04-14 14:07:25,410 - ERROR - post_service.post_service.py - FetchPosts - < pn:1172 > - 请求失败
2026-04-14 14:07:25,573 - ERROR - post_service.post_service.py - FetchPosts - < pn:1173 > - 请求失败
2026-04-14 14:07:25,862 - ERROR - post_service.post_service.py - FetchPosts - < pn:1174 > - 请求失败
2026-04-14 14:07:25,895 - ERROR - post_service.post_service.py - FetchPosts - < pn:4620 > - 请求失败
2026-04-14 14:07:25,961 - ERROR - post_service.post_service.py - FetchPosts - < pn:8161 > - 请求失败
2026-04-14 14:07:26,047 - ERROR - post_service.post_service.py - FetchPosts - < pn:1175 > - 请求失败
2026-04-14 14:07:27,048 - ERROR - post_service.post_service.py - FetchPosts - < pn:8163 > - 请求失败
2026-04-14 14:07:27,387 - ERROR - post_service.post_service.py - FetchPosts - < pn:4622 > - 请求失败
2026-04-14 14:07:28,090 - ERROR - post_service.post_service.py - FetchPosts - < pn:8165 > - 请求失败
2026-04-14 14:07:29,773 - ERROR - post_service.post_service.py - FetchPosts - < pn:1181 > - 请求失败
2026-04-14 14:07:29,868 - ERROR - post_service.post_service.py - FetchPosts - < pn:8169 > - 请求失败
2026-04-14 14:07:29,958 - ERROR - post_service.post_service.py - FetchPosts - < pn:1182 > - 请求失败
2026-04-14 14:07:30,617 - ERROR - post_service.post_service.py - FetchPosts - < pn:8171 > - 请求失败
2026-04-14 14:07:31,020 - ERROR - post_service.post_service.py - FetchPosts - < pn:4628 > - 请求失败
2026-04-14 14:07:31,432 - ERROR - post_service.post_service.py - FetchPosts - < pn:8173 > - 请求失败
2026-04-14 14:07:31,717 - ERROR - post_service.post_service.py - FetchPosts - < pn:1185 > - 请求失败
2026-04-14 14:07:31,903 - ERROR - content_service.content_service.py - Content-VideoFrag - < floor:0, pid:150741445957, pn:2, ppid:150643612235, ppn:1 > - Failed to download https://tiebac.baidu.com/c/p/voice?voice_md5=fdd1d6f53300647d708b8fda1d850a9f_592484849&play_from=pb_voice_play after 3 attempts
2026-04-14 14:07:31,953 - ERROR - content_service.content_service.py - Content-VideoFrag - < floor:0, pid:150718090439, pn:1, ppid:150643612235, ppn:1 > - Failed to download https://tiebac.baidu.com/c/p/voice?voice_md5=a70ddc8d901a4b3864f1cd6c325eb106_6100602359&play_from=pb_voice_play after 3 attempts
2026-04-14 14:07:32,207 - ERROR - post_service.post_service.py - FetchPosts - < pn:1186 > - 请求失败
2026-04-14 14:07:32,277 - ERROR - post_service.post_service.py - FetchPosts - < pn:4630 > - 请求失败
2026-04-14 14:07:32,392 - ERROR - post_service.post_service.py - FetchPosts - < pn:1187 > - 请求失败
2026-04-14 14:07:32,451 - ERROR - post_service.post_service.py - FetchPosts - < pn:4631 > - 请求失败
2026-04-14 14:07:32,562 - ERROR - post_service.post_service.py - FetchPosts - < pn:1188 > - 请求失败
2026-04-14 14:07:32,622 - ERROR - post_service.post_service.py - FetchPosts - < pn:4632 > - 请求失败
2026-04-14 14:07:32,791 - ERROR - post_service.post_service.py - FetchPosts - < pn:4633 > - 请求失败
2026-04-14 14:07:32,973 - ERROR - content_service.content_service.py - Content-VideoFrag - < floor:0, pid:150765313345, pn:3, ppid:150643612235, ppn:1 > - Failed to download https://tiebac.baidu.com/c/p/voice?voice_md5=8a605b6861eb2fdb1819c990de7f6fe5_6526572797&play_from=pb_voice_play after 3 attempts
2026-04-14 14:07:33,102 - ERROR - post_service.post_service.py - FetchPosts - < pn:4634 > - 请求失败
2026-04-14 14:07:33,470 - ERROR - post_service.post_service.py - FetchPosts - < pn:1190 > - 请求失败
2026-04-14 14:07:33,708 - ERROR - post_service.post_service.py - FetchPosts - < pn:1191 > - 请求失败
2026-04-14 14:07:33,807 - ERROR - post_service.post_service.py - FetchPosts - < pn:4636 > - 请求失败
2026-04-14 14:07:33,898 - ERROR - post_service.post_service.py - FetchPosts - < pn:1192 > - 请求失败
2026-04-14 14:07:33,900 - ERROR - content_service.content_service.py - Content-VideoFrag - < floor:0, pid:150766525912, pn:1, ppid:150674498015, ppn:5 > - Failed to download https://tiebac.baidu.com/c/p/voice?voice_md5=b4b60c32d1e7f1464ae8b8b92bd67ce6_6468468367&play_from=pb_voice_play after 3 attempts
2026-04-14 14:07:33,907 - ERROR - content_service.content_service.py - Content-VideoFrag - < floor:0, pid:152991040263, pn:6, ppid:150643612235, ppn:1 > - Failed to download https://tiebac.baidu.com/c/p/voice?voice_md5=2737c1d998988ff856aa45310787e69d_4071189998&play_from=pb_voice_play after 3 attempts
2026-04-14 14:07:34,900 - ERROR - post_service.post_service.py - FetchPosts - < pn:1194 > - 请求失败
2026-04-14 14:07:35,141 - ERROR - post_service.post_service.py - FetchPosts - < pn:1195 > - 请求失败
2026-04-14 14:07:35,505 - ERROR - post_service.post_service.py - FetchPosts - < pn:1196 > - 请求失败
2026-04-14 14:07:35,632 - ERROR - post_service.post_service.py - FetchPosts - < pn:8179 > - 请求失败
2026-04-14 14:07:35,907 - ERROR - content_service.content_service.py - Content-VideoFrag - < floor:0, pid:150783779578, pn:2, ppid:150655412204, ppn:3 > - Failed to download https://tiebac.baidu.com/c/p/voice?voice_md5=67d927ea7cb2dbe08da5aceab01fd7dc_4803175539&play_from=pb_voice_play after 3 attempts
2026-04-14 14:07:35,973 - ERROR - post_service.post_service.py - FetchPosts - < pn:8180 > - 请求失败
2026-04-14 14:07:36,064 - ERROR - post_service.post_service.py - FetchPosts - < pn:4639 > - 请求失败
2026-04-14 14:07:36,146 - ERROR - post_service.post_service.py - FetchPosts - < pn:8181 > - 请求失败
2026-04-14 14:07:36,285 - ERROR - post_service.post_service.py - FetchPosts - < pn:4640 > - 请求失败
2026-04-14 14:07:36,415 - ERROR - post_service.post_service.py - FetchPosts - < pn:8182 > - 请求失败
2026-04-14 14:07:36,578 - ERROR - post_service.post_service.py - FetchPosts - < pn:8183 > - 请求失败
2026-04-14 14:07:36,824 - ERROR - post_service.post_service.py - FetchPosts - < pn:8184 > - 请求失败
2026-04-14 14:07:36,979 - ERROR - post_service.post_service.py - FetchPosts - < pn:1199 > - 请求失败
2026-04-14 14:07:37,034 - ERROR - post_service.post_service.py - FetchPosts - < pn:8185 > - 请求失败
2026-04-14 14:07:37,483 - ERROR - post_service.post_service.py - FetchPosts - < pn:4642 > - 请求失败
2026-04-14 14:07:37,707 - ERROR - post_service.post_service.py - FetchPosts - < pn:4643 > - 请求失败
2026-04-14 14:07:37,847 - ERROR - post_service.post_service.py - FetchPosts - < pn:8187 > - 请求失败
2026-04-14 14:07:39,184 - ERROR - post_service.post_service.py - FetchPosts - < pn:1202 > - 请求失败
2026-04-14 14:07:39,345 - ERROR - post_service.post_service.py - FetchPosts - < pn:1203 > - 请求失败
2026-04-14 14:07:39,512 - ERROR - post_service.post_service.py - FetchPosts - < pn:1204 > - 请求失败
2026-04-14 14:07:39,937 - ERROR - post_service.post_service.py - FetchPosts - < pn:4647 > - 请求失败
2026-04-14 14:07:41,178 - ERROR - post_service.post_service.py - FetchPosts - < pn:1207 > - 请求失败
2026-04-14 14:07:42,091 - ERROR - post_service.post_service.py - FetchPosts - < pn:1209 > - 请求失败
2026-04-14 14:07:42,916 - ERROR - post_service.post_service.py - FetchPosts - < pn:8194 > - 请求失败
2026-04-14 14:07:43,148 - ERROR - post_service.post_service.py - FetchPosts - < pn:8195 > - 请求失败
2026-04-14 14:07:43,413 - ERROR - post_service.post_service.py - FetchPosts - < pn:8196 > - 请求失败
2026-04-14 14:07:43,536 - ERROR - post_service.post_service.py - FetchPosts - < pn:1212 > - 请求失败
2026-04-14 14:07:43,698 - ERROR - post_service.post_service.py - FetchPosts - < pn:1213 > - 请求失败
2026-04-14 14:07:44,194 - ERROR - post_service.post_service.py - FetchPosts - < pn:8198 > - 请求失败
2026-04-14 14:07:45,772 - ERROR - post_service.post_service.py - FetchPosts - < pn:1216 > - 请求失败
2026-04-14 14:07:45,859 - ERROR - post_service.post_service.py - FetchPosts - < pn:8201 > - 请求失败
2026-04-14 14:07:46,101 - ERROR - post_service.post_service.py - FetchPosts - < pn:8202 > - 请求失败
2026-04-14 14:07:46,337 - ERROR - post_service.post_service.py - FetchPosts - < pn:8203 > - 请求失败
2026-04-14 14:07:46,574 - ERROR - post_service.post_service.py - FetchPosts - < pn:1218 > - 请求失败
2026-04-14 14:07:46,615 - ERROR - post_service.post_service.py - FetchPosts - < pn:8204 > - 请求失败
2026-04-14 14:07:46,735 - ERROR - post_service.post_service.py - FetchPosts - < pn:1219 > - 请求失败
2026-04-14 14:07:46,788 - ERROR - post_service.post_service.py - FetchPosts - < pn:8205 > - 请求失败
2026-04-14 14:07:47,167 - ERROR - post_service.post_service.py - FetchPosts - < pn:4657 > - 请求失败
2026-04-14 14:07:47,196 - ERROR - post_service.post_service.py - FetchPosts - < pn:8206 > - 请求失败
2026-04-14 14:07:47,420 - ERROR - post_service.post_service.py - FetchPosts - < pn:4658 > - 请求失败
2026-04-14 14:07:47,463 - ERROR - post_service.post_service.py - FetchPosts - < pn:8207 > - 请求失败
2026-04-14 14:07:47,601 - ERROR - post_service.post_service.py - FetchPosts - < pn:4659 > - 请求失败
2026-04-14 14:07:47,649 - ERROR - post_service.post_service.py - FetchPosts - < pn:8208 > - 请求失败
2026-04-14 14:07:47,821 - ERROR - post_service.post_service.py - FetchPosts - < pn:8209 > - 请求失败
2026-04-14 14:07:48,099 - ERROR - post_service.post_service.py - FetchPosts - < pn:8210 > - 请求失败
2026-04-14 14:07:48,385 - ERROR - post_service.post_service.py - FetchPosts - < pn:1222 > - 请求失败
2026-04-14 14:07:48,747 - ERROR - post_service.post_service.py - FetchPosts - < pn:8211 > - 请求失败
2026-04-14 14:07:49,041 - ERROR - post_service.post_service.py - FetchPosts - < pn:4662 > - 请求失败
2026-04-14 14:07:49,078 - ERROR - post_service.post_service.py - FetchPosts - < pn:8212 > - 请求失败
2026-04-14 14:07:49,206 - ERROR - post_service.post_service.py - FetchPosts - < pn:1224 > - 请求失败
2026-04-14 14:07:49,245 - ERROR - post_service.post_service.py - FetchPosts - < pn:8213 > - 请求失败
2026-04-14 14:07:50,030 - ERROR - post_service.post_service.py - FetchPosts - < pn:4664 > - 请求失败
2026-04-14 14:07:50,292 - ERROR - post_service.post_service.py - FetchPosts - < pn:4665 > - 请求失败
2026-04-14 14:07:50,323 - ERROR - post_service.post_service.py - FetchPosts - < pn:1226 > - 请求失败
2026-04-14 14:07:50,674 - ERROR - post_service.post_service.py - FetchPosts - < pn:8216 > - 请求失败
2026-04-14 14:07:51,553 - ERROR - post_service.post_service.py - FetchPosts - < pn:8218 > - 请求失败
2026-04-14 14:07:51,903 - ERROR - post_service.post_service.py - FetchPosts - < pn:4668 > - 请求失败
2026-04-14 14:07:52,144 - ERROR - post_service.post_service.py - FetchPosts - < pn:4669 > - 请求失败
2026-04-14 14:07:52,314 - ERROR - post_service.post_service.py - FetchPosts - < pn:1230 > - 请求失败
2026-04-14 14:07:53,649 - ERROR - post_service.post_service.py - FetchPosts - < pn:1232 > - 请求失败
2026-04-14 14:07:53,664 - ERROR - post_service.post_service.py - FetchPosts - < pn:4672 > - 请求失败
2026-04-14 14:07:53,843 - ERROR - post_service.post_service.py - FetchPosts - < pn:4673 > - 请求失败
2026-04-14 14:07:54,002 - ERROR - post_service.post_service.py - FetchPosts - < pn:4674 > - 请求失败
2026-04-14 14:07:55,124 - ERROR - post_service.post_service.py - FetchPosts - < pn:4676 > - 请求失败
2026-04-14 14:07:55,297 - ERROR - post_service.post_service.py - FetchPosts - < pn:4677 > - 请求失败
2026-04-14 14:07:55,563 - ERROR - post_service.post_service.py - FetchPosts - < pn:4678 > - 请求失败
2026-04-14 14:07:55,845 - ERROR - post_service.post_service.py - FetchPosts - < pn:1236 > - 请求失败
2026-04-14 14:07:56,030 - ERROR - post_service.post_service.py - FetchPosts - < pn:1237 > - 请求失败
2026-04-14 14:07:56,543 - ERROR - post_service.post_service.py - FetchPosts - < pn:8225 > - 请求失败
2026-04-14 14:07:56,791 - ERROR - post_service.post_service.py - FetchPosts - < pn:8226 > - 请求失败
2026-04-14 14:07:56,961 - ERROR - post_service.post_service.py - FetchPosts - < pn:8227 > - 请求失败
2026-04-14 14:07:57,709 - ERROR - post_service.post_service.py - FetchPosts - < pn:8229 > - 请求失败
2026-04-14 14:07:58,078 - ERROR - post_service.post_service.py - FetchPosts - < pn:8230 > - 请求失败
2026-04-14 14:07:58,181 - ERROR - post_service.post_service.py - FetchPosts - < pn:1241 > - 请求失败
2026-04-14 14:07:58,187 - ERROR - post_service.post_service.py - FetchPosts - < pn:4682 > - 请求失败
2026-04-14 14:07:59,727 - ERROR - post_service.post_service.py - FetchPosts - < pn:1244 > - 请求失败
2026-04-14 14:07:59,753 - ERROR - post_service.post_service.py - FetchPosts - < pn:8233 > - 请求失败
2026-04-14 14:08:00,575 - ERROR - post_service.post_service.py - FetchPosts - < pn:8235 > - 请求失败
2026-04-14 14:08:00,872 - ERROR - post_service.post_service.py - FetchPosts - < pn:8236 > - 请求失败
2026-04-14 14:08:01,141 - ERROR - post_service.post_service.py - FetchPosts - < pn:8237 > - 请求失败
2026-04-14 14:08:01,835 - ERROR - post_service.post_service.py - FetchPosts - < pn:1248 > - 请求失败
2026-04-14 14:08:01,884 - ERROR - post_service.post_service.py - FetchPosts - < pn:8238 > - 请求失败
2026-04-14 14:08:01,921 - ERROR - post_service.post_service.py - FetchPosts - < pn:4687 > - 请求失败
2026-04-14 14:08:01,996 - ERROR - post_service.post_service.py - FetchPosts - < pn:1249 > - 请求失败
2026-04-14 14:08:02,051 - ERROR - post_service.post_service.py - FetchPosts - < pn:8239 > - 请求失败
2026-04-14 14:08:02,078 - ERROR - post_service.post_service.py - FetchPosts - < pn:4688 > - 请求失败
2026-04-14 14:08:02,172 - ERROR - post_service.post_service.py - FetchPosts - < pn:1250 > - 请求失败
2026-04-14 14:08:02,269 - ERROR - post_service.post_service.py - FetchPosts - < pn:4689 > - 请求失败
2026-04-14 14:08:02,353 - ERROR - post_service.post_service.py - FetchPosts - < pn:1251 > - 请求失败
2026-04-14 14:08:02,957 - ERROR - post_service.post_service.py - FetchPosts - < pn:8241 > - 请求失败
2026-04-14 14:08:03,049 - ERROR - post_service.post_service.py - FetchPosts - < pn:4691 > - 请求失败
2026-04-14 14:08:03,218 - ERROR - post_service.post_service.py - FetchPosts - < pn:4692 > - 请求失败
2026-04-14 14:08:03,591 - ERROR - post_service.post_service.py - FetchPosts - < pn:4693 > - 请求失败
2026-04-14 14:08:04,870 - ERROR - post_service.post_service.py - FetchPosts - < pn:1254 > - 请求失败
2026-04-14 14:08:05,790 - ERROR - post_service.post_service.py - FetchPosts - < pn:1256 > - 请求失败
2026-04-14 14:08:05,905 - ERROR - post_service.post_service.py - FetchPosts - < pn:8246 > - 请求失败
2026-04-14 14:08:05,915 - ERROR - post_service.post_service.py - FetchPosts - < pn:4697 > - 请求失败
2026-04-14 14:08:06,082 - ERROR - post_service.post_service.py - FetchPosts - < pn:4698 > - 请求失败
2026-04-14 14:08:06,288 - ERROR - post_service.post_service.py - FetchPosts - < pn:8247 > - 请求失败
2026-04-14 14:08:07,053 - ERROR - post_service.post_service.py - FetchPosts - < pn:1258 > - 请求失败
2026-04-14 14:08:07,239 - ERROR - post_service.post_service.py - FetchPosts - < pn:1259 > - 请求失败
2026-04-14 14:08:07,563 - ERROR - post_service.post_service.py - FetchPosts - < pn:1260 > - 请求失败
2026-04-14 14:08:08,490 - ERROR - post_service.post_service.py - FetchPosts - < pn:1262 > - 请求失败
2026-04-14 14:08:08,646 - ERROR - post_service.post_service.py - FetchPosts - < pn:1263 > - 请求失败
2026-04-14 14:08:08,917 - ERROR - post_service.post_service.py - SavePost - < floor:150008, pid:153345404529, pn:4701 > - UNIQUE constraint failed: post.id
2026-04-14 14:08:08,917 - ERROR - post_service.post_service.py - SavePost - < floor:150009, pid:153345405029, pn:4701 > - UNIQUE constraint failed: post.id
2026-04-14 14:08:08,918 - ERROR - post_service.post_service.py - SavePost - < floor:150010, pid:153345405100, pn:4701 > - UNIQUE constraint failed: post.id
2026-04-14 14:08:08,918 - ERROR - post_service.post_service.py - SavePost - < floor:150011, pid:153345405444, pn:4701 > - UNIQUE constraint failed: post.id
2026-04-14 14:08:08,918 - ERROR - post_service.post_service.py - SavePost - < floor:150012, pid:153345405918, pn:4701 > - UNIQUE constraint failed: post.id
2026-04-14 14:08:08,918 - ERROR - post_service.post_service.py - SavePost - < floor:150013, pid:153345405938, pn:4701 > - UNIQUE constraint failed: post.id
2026-04-14 14:08:08,918 - ERROR - post_service.post_service.py - SavePost - < floor:150014, pid:153345406746, pn:4701 > - UNIQUE constraint failed: post.id
2026-04-14 14:08:08,919 - ERROR - post_service.post_service.py - SavePost - < floor:150015, pid:153345406959, pn:4701 > - UNIQUE constraint failed: post.id
2026-04-14 14:08:08,919 - ERROR - post_service.post_service.py - SavePost - < floor:150016, pid:153345407439, pn:4701 > - UNIQUE constraint failed: post.id
2026-04-14 14:08:08,919 - ERROR - post_service.post_service.py - SavePost - < floor:150017, pid:153345408389, pn:4701 > - UNIQUE constraint failed: post.id
2026-04-14 14:08:08,919 - ERROR - post_service.post_service.py - SavePost - < floor:150018, pid:153345408835, pn:4701 > - UNIQUE constraint failed: post.id
2026-04-14 14:08:08,919 - ERROR - post_service.post_service.py - SavePost - < floor:150019, pid:153345409495, pn:4701 > - UNIQUE constraint failed: post.id
2026-04-14 14:08:08,919 - ERROR - post_service.post_service.py - SavePost - < floor:150020, pid:153345409616, pn:4701 > - UNIQUE constraint failed: post.id
2026-04-14 14:08:08,920 - ERROR - post_service.post_service.py - SavePost - < floor:150021, pid:153345410115, pn:4701 > - UNIQUE constraint failed: post.id
2026-04-14 14:08:08,920 - ERROR - post_service.post_service.py - SavePost - < floor:150022, pid:153345410467, pn:4701 > - UNIQUE constraint failed: post.id
2026-04-14 14:08:08,920 - ERROR - post_service.post_service.py - SavePost - < floor:150023, pid:153345410473, pn:4701 > - UNIQUE constraint failed: post.id
2026-04-14 14:08:08,920 - ERROR - post_service.post_service.py - SavePost - < floor:150024, pid:153345410511, pn:4701 > - UNIQUE constraint failed: post.id
2026-04-14 14:08:08,920 - ERROR - post_service.post_service.py - SavePost - < floor:150025, pid:153345410615, pn:4701 > - UNIQUE constraint failed: post.id
2026-04-14 14:08:09,771 - ERROR - post_service.post_service.py - FetchPosts - < pn:1265 > - 请求失败
2026-04-14 14:08:09,776 - ERROR - post_service.post_service.py - FetchPosts - < pn:8251 > - 请求失败
2026-04-14 14:08:09,830 - ERROR - post_service.post_service.py - FetchPosts - < pn:4704 > - 请求失败
2026-04-14 14:08:09,989 - ERROR - post_service.post_service.py - FetchPosts - < pn:4705 > - 请求失败
2026-04-14 14:08:10,161 - ERROR - post_service.post_service.py - FetchPosts - < pn:1266 > - 请求失败
2026-04-14 14:08:10,390 - ERROR - post_service.post_service.py - FetchPosts - < pn:1267 > - 请求失败
2026-04-14 14:08:10,423 - ERROR - post_service.post_service.py - FetchPosts - < pn:8253 > - 请求失败
2026-04-14 14:08:10,629 - ERROR - post_service.post_service.py - FetchPosts - < pn:8254 > - 请求失败
2026-04-14 14:08:11,139 - ERROR - post_service.post_service.py - FetchPosts - < pn:4707 > - 请求失败
2026-04-14 14:08:11,395 - ERROR - post_service.post_service.py - FetchPosts - < pn:8256 > - 请求失败
2026-04-14 14:08:11,414 - ERROR - post_service.post_service.py - FetchPosts - < pn:1269 > - 请求失败
2026-04-14 14:08:11,558 - ERROR - post_service.post_service.py - FetchPosts - < pn:8257 > - 请求失败
2026-04-14 14:08:11,587 - ERROR - post_service.post_service.py - FetchPosts - < pn:1270 > - 请求失败
2026-04-14 14:08:11,720 - ERROR - post_service.post_service.py - FetchPosts - < pn:8258 > - 请求失败
2026-04-14 14:08:11,864 - ERROR - post_service.post_service.py - FetchPosts - < pn:1271 > - 请求失败
2026-04-14 14:08:11,981 - ERROR - post_service.post_service.py - FetchPosts - < pn:8259 > - 请求失败
2026-04-14 14:08:12,143 - ERROR - post_service.post_service.py - FetchPosts - < pn:8260 > - 请求失败
2026-04-14 14:08:12,646 - ERROR - post_service.post_service.py - FetchPosts - < pn:4710 > - 请求失败
2026-04-14 14:08:12,683 - ERROR - post_service.post_service.py - FetchPosts - < pn:1273 > - 请求失败
2026-04-14 14:08:12,818 - ERROR - post_service.post_service.py - FetchPosts - < pn:4711 > - 请求失败
2026-04-14 14:08:13,061 - ERROR - post_service.post_service.py - FetchPosts - < pn:4712 > - 请求失败
2026-04-14 14:08:13,519 - ERROR - post_service.post_service.py - FetchPosts - < pn:1275 > - 请求失败
2026-04-14 14:08:13,897 - ERROR - post_service.post_service.py - FetchPosts - < pn:4714 > - 请求失败
2026-04-14 14:08:14,332 - ERROR - post_service.post_service.py - FetchPosts - < pn:4715 > - 请求失败
2026-04-14 14:08:14,336 - ERROR - post_service.post_service.py - FetchPosts - < pn:8263 > - 请求失败
2026-04-14 14:08:14,614 - ERROR - post_service.post_service.py - FetchPosts - < pn:4716 > - 请求失败
2026-04-14 14:08:14,785 - ERROR - post_service.post_service.py - FetchPosts - < pn:4717 > - 请求失败
2026-04-14 14:08:15,035 - ERROR - post_service.post_service.py - FetchPosts - < pn:4718 > - 请求失败
2026-04-14 14:08:15,271 - ERROR - post_service.post_service.py - FetchPosts - < pn:4719 > - 请求失败
2026-04-14 14:08:15,273 - ERROR - post_service.post_service.py - FetchPosts - < pn:1278 > - 请求失败
2026-04-14 14:08:15,435 - ERROR - post_service.post_service.py - FetchPosts - < pn:4720 > - 请求失败
2026-04-14 14:08:15,440 - ERROR - post_service.post_service.py - FetchPosts - < pn:1279 > - 请求失败
2026-04-14 14:08:15,720 - ERROR - post_service.post_service.py - FetchPosts - < pn:1280 > - 请求失败
2026-04-14 14:08:15,721 - ERROR - post_service.post_service.py - FetchPosts - < pn:4721 > - 请求失败
2026-04-14 14:08:15,879 - ERROR - post_service.post_service.py - FetchPosts - < pn:4722 > - 请求失败
2026-04-14 14:08:15,881 - ERROR - post_service.post_service.py - FetchPosts - < pn:1281 > - 请求失败
2026-04-14 14:08:16,195 - ERROR - post_service.post_service.py - FetchPosts - < pn:4723 > - 请求失败
2026-04-14 14:08:16,274 - ERROR - post_service.post_service.py - FetchPosts - < pn:1282 > - 请求失败
2026-04-14 14:08:16,488 - ERROR - post_service.post_service.py - FetchPosts - < pn:1283 > - 请求失败
2026-04-14 14:08:17,431 - ERROR - post_service.post_service.py - FetchPosts - < pn:8268 > - 请求失败
2026-04-14 14:08:17,608 - ERROR - post_service.post_service.py - FetchPosts - < pn:8269 > - 请求失败
2026-04-14 14:08:18,665 - ERROR - post_service.post_service.py - FetchPosts - < pn:4726 > - 请求失败
2026-04-14 14:08:18,841 - ERROR - post_service.post_service.py - FetchPosts - < pn:4727 > - 请求失败
2026-04-14 14:08:19,705 - ERROR - post_service.post_service.py - FetchPosts - < pn:8272 > - 请求失败
2026-04-14 14:08:19,722 - ERROR - post_service.post_service.py - FetchPosts - < pn:4729 > - 请求失败
2026-04-14 14:08:19,879 - ERROR - post_service.post_service.py - FetchPosts - < pn:4730 > - 请求失败
2026-04-14 14:08:20,058 - ERROR - post_service.post_service.py - FetchPosts - < pn:4731 > - 请求失败
2026-04-14 14:08:20,217 - ERROR - post_service.post_service.py - FetchPosts - < pn:4732 > - 请求失败
2026-04-14 14:08:22,385 - ERROR - post_service.post_service.py - FetchPosts - < pn:4735 > - 请求失败
2026-04-14 14:08:23,528 - ERROR - post_service.post_service.py - FetchPosts - < pn:1289 > - 请求失败
2026-04-14 14:08:23,567 - ERROR - post_service.post_service.py - FetchPosts - < pn:8276 > - 请求失败
2026-04-14 14:08:23,697 - ERROR - post_service.post_service.py - FetchPosts - < pn:1290 > - 请求失败
2026-04-14 14:08:24,384 - ERROR - post_service.post_service.py - FetchPosts - < pn:8278 > - 请求失败
2026-04-14 14:08:24,634 - ERROR - post_service.post_service.py - FetchPosts - < pn:8279 > - 请求失败
2026-04-14 14:08:24,883 - ERROR - post_service.post_service.py - FetchPosts - < pn:4739 > - 请求失败
2026-04-14 14:08:24,897 - ERROR - post_service.post_service.py - FetchPosts - < pn:8280 > - 请求失败
2026-04-14 14:08:24,924 - ERROR - post_service.post_service.py - FetchPosts - < pn:1292 > - 请求失败
2026-04-14 14:08:25,068 - ERROR - post_service.post_service.py - FetchPosts - < pn:8281 > - 请求失败
2026-04-14 14:08:25,103 - ERROR - post_service.post_service.py - FetchPosts - < pn:1293 > - 请求失败
2026-04-14 14:08:25,264 - ERROR - post_service.post_service.py - FetchPosts - < pn:1294 > - 请求失败
2026-04-14 14:08:26,128 - ERROR - post_service.post_service.py - FetchPosts - < pn:8283 > - 请求失败
2026-04-14 14:08:26,955 - ERROR - post_service.post_service.py - FetchPosts - < pn:1297 > - 请求失败
2026-04-14 14:08:27,129 - ERROR - post_service.post_service.py - FetchPosts - < pn:1298 > - 请求失败
2026-04-14 14:08:27,617 - ERROR - post_service.post_service.py - FetchPosts - < pn:8286 > - 请求失败
2026-04-14 14:08:27,775 - ERROR - post_service.post_service.py - FetchPosts - < pn:8287 > - 请求失败
2026-04-14 14:08:29,020 - ERROR - post_service.post_service.py - FetchPosts - < pn:4745 > - 请求失败
2026-04-14 14:08:29,124 - ERROR - post_service.post_service.py - FetchPosts - < pn:1301 > - 请求失败
2026-04-14 14:08:29,288 - ERROR - post_service.post_service.py - FetchPosts - < pn:1302 > - 请求失败
2026-04-14 14:08:29,452 - ERROR - post_service.post_service.py - FetchPosts - < pn:1303 > - 请求失败
2026-04-14 14:08:29,700 - ERROR - post_service.post_service.py - FetchPosts - < pn:8290 > - 请求失败
2026-04-14 14:08:30,506 - ERROR - post_service.post_service.py - FetchPosts - < pn:4747 > - 请求失败
2026-04-14 14:08:30,673 - ERROR - post_service.post_service.py - FetchPosts - < pn:4748 > - 请求失败
2026-04-14 14:08:31,483 - ERROR - post_service.post_service.py - FetchPosts - < pn:4750 > - 请求失败
2026-04-14 14:08:31,653 - ERROR - post_service.post_service.py - FetchPosts - < pn:4751 > - 请求失败
2026-04-14 14:08:31,977 - ERROR - post_service.post_service.py - FetchPosts - < pn:4752 > - 请求失败
2026-04-14 14:08:32,255 - ERROR - post_service.post_service.py - FetchPosts - < pn:4753 > - 请求失败
2026-04-14 14:08:32,293 - ERROR - post_service.post_service.py - FetchPosts - < pn:8294 > - 请求失败
2026-04-14 14:08:32,478 - ERROR - post_service.post_service.py - FetchPosts - < pn:8295 > - 请求失败
2026-04-14 14:08:32,677 - ERROR - post_service.post_service.py - FetchPosts - < pn:8296 > - 请求失败
2026-04-14 14:08:32,846 - ERROR - post_service.post_service.py - FetchPosts - < pn:8297 > - 请求失败
2026-04-14 14:08:33,185 - ERROR - post_service.post_service.py - FetchPosts - < pn:8298 > - 请求失败
2026-04-14 14:08:33,275 - ERROR - post_service.post_service.py - FetchPosts - < pn:4755 > - 请求失败
2026-04-14 14:08:33,350 - ERROR - post_service.post_service.py - FetchPosts - < pn:8299 > - 请求失败
2026-04-14 14:08:33,448 - ERROR - post_service.post_service.py - FetchPosts - < pn:4756 > - 请求失败
2026-04-14 14:08:33,525 - ERROR - post_service.post_service.py - FetchPosts - < pn:8300 > - 请求失败
2026-04-14 14:08:34,528 - ERROR - post_service.post_service.py - FetchPosts - < pn:1310 > - 请求失败
2026-04-14 14:08:34,725 - ERROR - post_service.post_service.py - FetchPosts - < pn:4758 > - 请求失败
2026-04-14 14:08:35,357 - ERROR - post_service.post_service.py - FetchPosts - < pn:8302 > - 请求失败
2026-04-14 14:08:36,128 - ERROR - post_service.post_service.py - FetchPosts - < pn:8304 > - 请求失败
2026-04-14 14:08:36,487 - ERROR - post_service.post_service.py - FetchPosts - < pn:8305 > - 请求失败
2026-04-14 14:08:37,563 - ERROR - post_service.post_service.py - FetchPosts - < pn:8307 > - 请求失败
2026-04-14 14:08:37,726 - ERROR - post_service.post_service.py - FetchPosts - < pn:8308 > - 请求失败
2026-04-14 14:08:39,309 - ERROR - post_service.post_service.py - FetchPosts - < pn:4764 > - 请求失败
2026-04-14 14:08:39,483 - ERROR - post_service.post_service.py - FetchPosts - < pn:4765 > - 请求失败
2026-04-14 14:08:39,921 - ERROR - post_service.post_service.py - FetchPosts - < pn:1319 > - 请求失败
2026-04-14 14:08:40,516 - ERROR - post_service.post_service.py - FetchPosts - < pn:4767 > - 请求失败
2026-04-14 14:08:40,690 - ERROR - post_service.post_service.py - FetchPosts - < pn:4768 > - 请求失败
2026-04-14 14:08:40,882 - ERROR - post_service.post_service.py - FetchPosts - < pn:4769 > - 请求失败
2026-04-14 14:08:41,631 - ERROR - post_service.post_service.py - FetchPosts - < pn:8314 > - 请求失败
2026-04-14 14:08:41,992 - ERROR - post_service.post_service.py - FetchPosts - < pn:8315 > - 请求失败
2026-04-14 14:08:42,154 - ERROR - post_service.post_service.py - FetchPosts - < pn:8316 > - 请求失败
2026-04-14 14:08:42,328 - ERROR - post_service.post_service.py - FetchPosts - < pn:8317 > - 请求失败
2026-04-14 14:08:42,670 - ERROR - post_service.post_service.py - FetchPosts - < pn:4772 > - 请求失败
2026-04-14 14:08:42,835 - ERROR - post_service.post_service.py - FetchPosts - < pn:4773 > - 请求失败
2026-04-14 14:08:43,726 - ERROR - post_service.post_service.py - FetchPosts - < pn:8319 > - 请求失败
2026-04-14 14:08:43,779 - ERROR - post_service.post_service.py - FetchPosts - < pn:1325 > - 请求失败
2026-04-14 14:08:43,963 - ERROR - post_service.post_service.py - FetchPosts - < pn:1326 > - 请求失败
2026-04-14 14:08:45,058 - ERROR - post_service.post_service.py - FetchPosts - < pn:4777 > - 请求失败
2026-04-14 14:08:45,078 - ERROR - post_service.post_service.py - FetchPosts - < pn:1328 > - 请求失败
2026-04-14 14:08:45,238 - ERROR - post_service.post_service.py - FetchPosts - < pn:1329 > - 请求失败
2026-04-14 14:08:45,419 - ERROR - post_service.post_service.py - FetchPosts - < pn:1330 > - 请求失败
2026-04-14 14:08:46,598 - ERROR - post_service.post_service.py - FetchPosts - < pn:8324 > - 请求失败
2026-04-14 14:08:46,618 - ERROR - post_service.post_service.py - FetchPosts - < pn:1332 > - 请求失败
2026-04-14 14:08:47,388 - ERROR - post_service.post_service.py - FetchPosts - < pn:4781 > - 请求失败
2026-04-14 14:08:47,431 - ERROR - post_service.post_service.py - FetchPosts - < pn:1334 > - 请求失败
2026-04-14 14:08:48,342 - ERROR - post_service.post_service.py - FetchPosts - < pn:4783 > - 请求失败
2026-04-14 14:08:48,506 - ERROR - post_service.post_service.py - FetchPosts - < pn:4784 > - 请求失败
2026-04-14 14:08:48,772 - ERROR - post_service.post_service.py - FetchPosts - < pn:1337 > - 请求失败
2026-04-14 14:08:49,045 - ERROR - post_service.post_service.py - FetchPosts - < pn:1338 > - 请求失败
2026-04-14 14:08:50,580 - ERROR - post_service.post_service.py - FetchPosts - < pn:4787 > - 请求失败
2026-04-14 14:08:50,746 - ERROR - post_service.post_service.py - FetchPosts - < pn:4788 > - 请求失败
2026-04-14 14:08:51,213 - ERROR - post_service.post_service.py - FetchPosts - < pn:8331 > - 请求失败
2026-04-14 14:08:51,348 - ERROR - post_service.post_service.py - FetchPosts - < pn:1342 > - 请求失败
2026-04-14 14:08:51,474 - ERROR - post_service.post_service.py - FetchPosts - < pn:8332 > - 请求失败
2026-04-14 14:08:51,516 - ERROR - post_service.post_service.py - FetchPosts - < pn:4790 > - 请求失败
2026-04-14 14:08:51,518 - ERROR - post_service.post_service.py - FetchPosts - < pn:1343 > - 请求失败
2026-04-14 14:08:51,626 - ERROR - post_service.post_service.py - FetchPosts - < pn:8333 > - 请求失败
2026-04-14 14:08:51,717 - ERROR - post_service.post_service.py - FetchPosts - < pn:1344 > - 请求失败
2026-04-14 14:08:51,845 - ERROR - post_service.post_service.py - FetchPosts - < pn:8334 > - 请求失败
2026-04-14 14:08:51,956 - ERROR - post_service.post_service.py - FetchPosts - < pn:1345 > - 请求失败
2026-04-14 14:08:52,291 - ERROR - post_service.post_service.py - FetchPosts - < pn:1346 > - 请求失败
2026-04-14 14:08:52,957 - ERROR - content_service.content_service.py - Content-VideoFrag - < floor:0, pid:150718177530, pn:1, ppid:150665431548, ppn:4 > - Failed to download https://tiebac.baidu.com/c/p/voice?voice_md5=d1378a5cf3f943ecd3509621ba855f4f_6100602359&play_from=pb_voice_play after 3 attempts
2026-04-14 14:08:53,332 - ERROR - post_service.post_service.py - FetchPosts - < pn:4793 > - 请求失败
2026-04-14 14:08:53,578 - ERROR - post_service.post_service.py - FetchPosts - < pn:4794 > - 请求失败
2026-04-14 14:08:53,840 - ERROR - post_service.post_service.py - FetchPosts - < pn:4795 > - 请求失败
2026-04-14 14:08:53,973 - ERROR - content_service.content_service.py - Content-VideoFrag - < floor:0, pid:150766400102, pn:3, ppid:150665431548, ppn:4 > - Failed to download https://tiebac.baidu.com/c/p/voice?voice_md5=2b5eee0b8aaa536eca14d8114ceb392d_6018712657&play_from=pb_voice_play after 3 attempts
2026-04-14 14:08:54,951 - ERROR - post_service.post_service.py - FetchPosts - < pn:8338 > - 请求失败
2026-04-14 14:08:54,964 - ERROR - post_service.post_service.py - FetchPosts - < pn:1350 > - 请求失败
2026-04-14 14:08:55,137 - ERROR - post_service.post_service.py - FetchPosts - < pn:1351 > - 请求失败
2026-04-14 14:08:55,837 - ERROR - post_service.post_service.py - FetchPosts - < pn:8340 > - 请求失败
2026-04-14 14:08:55,909 - ERROR - content_service.content_service.py - Content-VideoFrag - < floor:0, pid:150718132034, pn:1, ppid:150644083842, ppn:2 > - Failed to download https://tiebac.baidu.com/c/p/voice?voice_md5=b4ff452c37ad34f557a966d9daf0a8e6_6100602359&play_from=pb_voice_play after 3 attempts
2026-04-14 14:08:56,455 - ERROR - post_service.post_service.py - FetchPosts - < pn:1353 > - 请求失败
2026-04-14 14:08:57,089 - ERROR - post_service.post_service.py - FetchPosts - < pn:8342 > - 请求失败
2026-04-14 14:08:57,378 - ERROR - post_service.post_service.py - FetchPosts - < pn:8343 > - 请求失败
2026-04-14 14:08:57,623 - ERROR - post_service.post_service.py - FetchPosts - < pn:1355 > - 请求失败
2026-04-14 14:08:57,625 - ERROR - post_service.post_service.py - FetchPosts - < pn:8344 > - 请求失败
2026-04-14 14:08:57,804 - ERROR - post_service.post_service.py - FetchPosts - < pn:8345 > - 请求失败
2026-04-14 14:08:57,968 - ERROR - post_service.post_service.py - FetchPosts - < pn:8346 > - 请求失败
2026-04-14 14:08:58,448 - ERROR - post_service.post_service.py - FetchPosts - < pn:1357 > - 请求失败
2026-04-14 14:08:59,186 - ERROR - post_service.post_service.py - FetchPosts - < pn:4803 > - 请求失败
2026-04-14 14:08:59,225 - ERROR - post_service.post_service.py - FetchPosts - < pn:8348 > - 请求失败
2026-04-14 14:08:59,272 - ERROR - post_service.post_service.py - FetchPosts - < pn:1359 > - 请求失败
2026-04-14 14:08:59,396 - ERROR - post_service.post_service.py - FetchPosts - < pn:8349 > - 请求失败
2026-04-14 14:08:59,553 - ERROR - post_service.post_service.py - FetchPosts - < pn:8350 > - 请求失败
2026-04-14 14:08:59,719 - ERROR - post_service.post_service.py - FetchPosts - < pn:8351 > - 请求失败
2026-04-14 14:08:59,979 - ERROR - post_service.post_service.py - FetchPosts - < pn:1361 > - 请求失败
2026-04-14 14:09:00,268 - ERROR - post_service.post_service.py - FetchPosts - < pn:4805 > - 请求失败
2026-04-14 14:09:00,493 - ERROR - post_service.post_service.py - FetchPosts - < pn:4806 > - 请求失败
2026-04-14 14:09:00,575 - ERROR - post_service.post_service.py - FetchPosts - < pn:8353 > - 请求失败
2026-04-14 14:09:00,707 - ERROR - post_service.post_service.py - FetchPosts - < pn:4807 > - 请求失败
2026-04-14 14:09:00,757 - ERROR - post_service.post_service.py - FetchPosts - < pn:8354 > - 请求失败
2026-04-14 14:09:01,023 - ERROR - post_service.post_service.py - FetchPosts - < pn:8355 > - 请求失败
2026-04-14 14:09:01,057 - ERROR - post_service.post_service.py - FetchPosts - < pn:1363 > - 请求失败
2026-04-14 14:09:01,188 - ERROR - post_service.post_service.py - FetchPosts - < pn:8356 > - 请求失败
2026-04-14 14:09:01,237 - ERROR - post_service.post_service.py - FetchPosts - < pn:1364 > - 请求失败
2026-04-14 14:09:01,353 - ERROR - post_service.post_service.py - FetchPosts - < pn:8357 > - 请求失败
2026-04-14 14:09:01,409 - ERROR - post_service.post_service.py - FetchPosts - < pn:1365 > - 请求失败
2026-04-14 14:09:01,571 - ERROR - post_service.post_service.py - FetchPosts - < pn:1366 > - 请求失败
2026-04-14 14:09:02,020 - ERROR - post_service.post_service.py - FetchPosts - < pn:4809 > - 请求失败
2026-04-14 14:09:02,277 - ERROR - post_service.post_service.py - FetchPosts - < pn:4810 > - 请求失败
2026-04-14 14:09:02,722 - ERROR - post_service.post_service.py - FetchPosts - < pn:8359 > - 请求失败
2026-04-14 14:09:02,966 - ERROR - post_service.post_service.py - FetchPosts - < pn:8360 > - 请求失败
2026-04-14 14:09:03,238 - ERROR - post_service.post_service.py - FetchPosts - < pn:8361 > - 请求失败
2026-04-14 14:09:04,372 - ERROR - post_service.post_service.py - FetchPosts - < pn:8363 > - 请求失败
2026-04-14 14:09:04,927 - ERROR - content_service.content_service.py - Content-VideoFrag - < floor:0, pid:150762989625, pn:2, ppid:150643612235, ppn:1 > - Failed to download https://tiebac.baidu.com/c/p/voice?voice_md5=ea4c0a339601e8b460705d0dfdd38583_6035202769&play_from=pb_voice_play after 3 attempts
2026-04-14 14:09:05,154 - ERROR - post_service.post_service.py - FetchPosts - < pn:4814 > - 请求失败
2026-04-14 14:09:05,273 - ERROR - post_service.post_service.py - FetchPosts - < pn:1372 > - 请求失败
2026-04-14 14:09:05,313 - ERROR - post_service.post_service.py - FetchPosts - < pn:4815 > - 请求失败
2026-04-14 14:09:05,448 - ERROR - post_service.post_service.py - FetchPosts - < pn:1373 > - 请求失败
2026-04-14 14:09:05,462 - ERROR - post_service.post_service.py - FetchPosts - < pn:4816 > - 请求失败
2026-04-14 14:09:05,636 - ERROR - post_service.post_service.py - FetchPosts - < pn:1374 > - 请求失败
2026-04-14 14:09:05,643 - ERROR - post_service.post_service.py - FetchPosts - < pn:4817 > - 请求失败
2026-04-14 14:09:06,702 - ERROR - post_service.post_service.py - FetchPosts - < pn:4819 > - 请求失败
2026-04-14 14:09:06,904 - ERROR - content_service.content_service.py - Content-VideoFrag - < floor:0, pid:150738755715, pn:2, ppid:150674514382, ppn:5 > - Failed to download https://tiebac.baidu.com/c/p/voice?voice_md5=81b81da56b5c9a8221864b55a4972048_4703109307&play_from=pb_voice_play after 3 attempts
2026-04-14 14:09:07,909 - ERROR - content_service.content_service.py - Content-VideoFrag - < floor:0, pid:150765409930, pn:3, ppid:150674514382, ppn:5 > - Failed to download https://tiebac.baidu.com/c/p/voice?voice_md5=693736da875abe52fbe5eeadf0858890_5997690240&play_from=pb_voice_play after 3 attempts
2026-04-14 14:09:08,971 - ERROR - content_service.content_service.py - Content-VideoFrag - < floor:0, pid:150851396985, pn:2, ppid:150655412204, ppn:3 > - Failed to download https://tiebac.baidu.com/c/p/voice?voice_md5=c20f3b58939291ab190d6a84c2e682b1_4460775053&play_from=pb_voice_play after 3 attempts
2026-04-14 14:09:09,293 - ERROR - post_service.post_service.py - FetchPosts - < pn:1379 > - 请求失败
2026-04-14 14:09:10,349 - ERROR - post_service.post_service.py - FetchPosts - < pn:8372 > - 请求失败
2026-04-14 14:09:11,270 - ERROR - post_service.post_service.py - FetchPosts - < pn:1382 > - 请求失败
2026-04-14 14:09:11,333 - ERROR - post_service.post_service.py - FetchPosts - < pn:4825 > - 请求失败
2026-04-14 14:09:11,370 - ERROR - post_service.post_service.py - FetchPosts - < pn:8374 > - 请求失败
2026-04-14 14:09:11,581 - ERROR - post_service.post_service.py - FetchPosts - < pn:4826 > - 请求失败
2026-04-14 14:09:11,616 - ERROR - post_service.post_service.py - FetchPosts - < pn:8375 > - 请求失败
2026-04-14 14:09:12,312 - ERROR - post_service.post_service.py - FetchPosts - < pn:1384 > - 请求失败
2026-04-14 14:09:13,305 - ERROR - post_service.post_service.py - FetchPosts - < pn:8378 > - 请求失败
2026-04-14 14:09:13,496 - ERROR - post_service.post_service.py - FetchPosts - < pn:1386 > - 请求失败
2026-04-14 14:09:14,177 - ERROR - post_service.post_service.py - FetchPosts - < pn:8380 > - 请求失败
2026-04-14 14:09:14,440 - ERROR - post_service.post_service.py - FetchPosts - < pn:8381 > - 请求失败
2026-04-14 14:09:14,618 - ERROR - post_service.post_service.py - FetchPosts - < pn:8382 > - 请求失败
2026-04-14 14:09:15,845 - ERROR - post_service.post_service.py - FetchPosts - < pn:1390 > - 请求失败
2026-04-14 14:09:15,872 - ERROR - post_service.post_service.py - FetchPosts - < pn:8384 > - 请求失败
2026-04-14 14:09:15,881 - ERROR - post_service.post_service.py - FetchPosts - < pn:4831 > - 请求失败
2026-04-14 14:09:16,020 - ERROR - post_service.post_service.py - FetchPosts - < pn:1391 > - 请求失败
2026-04-14 14:09:16,588 - ERROR - post_service.post_service.py - FetchPosts - < pn:4833 > - 请求失败
2026-04-14 14:09:16,941 - ERROR - post_service.post_service.py - FetchPosts - < pn:4834 > - 请求失败
2026-04-14 14:09:17,102 - ERROR - post_service.post_service.py - FetchPosts - < pn:4835 > - 请求失败
2026-04-14 14:09:17,497 - ERROR - post_service.post_service.py - FetchPosts - < pn:1394 > - 请求失败
2026-04-14 14:09:17,921 - ERROR - post_service.post_service.py - FetchPosts - < pn:1395 > - 请求失败
2026-04-14 14:09:18,796 - ERROR - post_service.post_service.py - FetchPosts - < pn:1397 > - 请求失败
2026-04-14 14:09:18,819 - ERROR - post_service.post_service.py - FetchPosts - < pn:4838 > - 请求失败
2026-04-14 14:09:18,881 - ERROR - post_service.post_service.py - FetchPosts - < pn:8389 > - 请求失败
2026-04-14 14:09:19,765 - ERROR - post_service.post_service.py - FetchPosts - < pn:1399 > - 请求失败
2026-04-14 14:09:19,950 - ERROR - post_service.post_service.py - FetchPosts - < pn:1400 > - 请求失败
2026-04-14 14:09:20,169 - ERROR - post_service.post_service.py - FetchPosts - < pn:1401 > - 请求失败
2026-04-14 14:09:21,010 - ERROR - post_service.post_service.py - FetchPosts - < pn:4842 > - 请求失败
2026-04-14 14:09:21,091 - ERROR - post_service.post_service.py - FetchPosts - < pn:1403 > - 请求失败
2026-04-14 14:09:21,174 - ERROR - post_service.post_service.py - FetchPosts - < pn:4843 > - 请求失败
2026-04-14 14:09:21,355 - ERROR - post_service.post_service.py - FetchPosts - < pn:4844 > - 请求失败
2026-04-14 14:09:21,606 - ERROR - post_service.post_service.py - FetchPosts - < pn:4845 > - 请求失败
2026-04-14 14:09:21,626 - ERROR - post_service.post_service.py - FetchPosts - < pn:8394 > - 请求失败
2026-04-14 14:09:21,932 - ERROR - post_service.post_service.py - FetchPosts - < pn:8395 > - 请求失败
2026-04-14 14:09:21,971 - ERROR - post_service.post_service.py - FetchPosts - < pn:1405 > - 请求失败
2026-04-14 14:09:22,240 - ERROR - post_service.post_service.py - FetchPosts - < pn:1406 > - 请求失败
2026-04-14 14:09:22,378 - ERROR - post_service.post_service.py - FetchPosts - < pn:4847 > - 请求失败
2026-04-14 14:09:22,401 - ERROR - post_service.post_service.py - FetchPosts - < pn:1407 > - 请求失败
2026-04-14 14:09:22,567 - ERROR - post_service.post_service.py - FetchPosts - < pn:4848 > - 请求失败
2026-04-14 14:09:23,446 - ERROR - post_service.post_service.py - FetchPosts - < pn:1409 > - 请求失败
2026-04-14 14:09:23,455 - ERROR - post_service.post_service.py - FetchPosts - < pn:4850 > - 请求失败
2026-04-14 14:09:23,639 - ERROR - post_service.post_service.py - FetchPosts - < pn:4851 > - 请求失败
2026-04-14 14:09:24,226 - ERROR - post_service.post_service.py - FetchPosts - < pn:8399 > - 请求失败
2026-04-14 14:09:24,662 - ERROR - post_service.post_service.py - FetchPosts - < pn:4853 > - 请求失败
2026-04-14 14:09:25,014 - ERROR - post_service.post_service.py - FetchPosts - < pn:4854 > - 请求失败
2026-04-14 14:09:25,059 - ERROR - post_service.post_service.py - FetchPosts - < pn:8401 > - 请求失败
2026-04-14 14:09:25,107 - ERROR - post_service.post_service.py - FetchPosts - < pn:1412 > - 请求失败
2026-04-14 14:09:25,273 - ERROR - post_service.post_service.py - FetchPosts - < pn:1413 > - 请求失败
2026-04-14 14:09:25,425 - ERROR - post_service.post_service.py - FetchPosts - < pn:1414 > - 请求失败
2026-04-14 14:09:25,854 - ERROR - post_service.post_service.py - FetchPosts - < pn:4856 > - 请求失败
2026-04-14 14:09:26,123 - ERROR - post_service.post_service.py - FetchPosts - < pn:4857 > - 请求失败
2026-04-14 14:09:26,294 - ERROR - post_service.post_service.py - FetchPosts - < pn:4858 > - 请求失败
2026-04-14 14:09:26,960 - ERROR - post_service.post_service.py - FetchPosts - < pn:1417 > - 请求失败
2026-04-14 14:09:27,148 - ERROR - post_service.post_service.py - FetchPosts - < pn:1418 > - 请求失败
2026-04-14 14:09:28,136 - ERROR - post_service.post_service.py - FetchPosts - < pn:8407 > - 请求失败
2026-04-14 14:09:29,088 - ERROR - post_service.post_service.py - FetchPosts - < pn:8409 > - 请求失败
2026-04-14 14:09:29,656 - ERROR - post_service.post_service.py - FetchPosts - < pn:1422 > - 请求失败
2026-04-14 14:09:29,737 - ERROR - post_service.post_service.py - FetchPosts - < pn:4863 > - 请求失败
2026-04-14 14:09:29,992 - ERROR - post_service.post_service.py - FetchPosts - < pn:4864 > - 请求失败
2026-04-14 14:09:30,260 - ERROR - post_service.post_service.py - FetchPosts - < pn:4865 > - 请求失败
2026-04-14 14:09:30,424 - ERROR - post_service.post_service.py - FetchPosts - < pn:4866 > - 请求失败
2026-04-14 14:09:30,672 - ERROR - post_service.post_service.py - FetchPosts - < pn:4867 > - 请求失败
2026-04-14 14:09:30,954 - ERROR - post_service.post_service.py - FetchPosts - < pn:8412 > - 请求失败
2026-04-14 14:09:31,127 - ERROR - post_service.post_service.py - FetchPosts - < pn:8413 > - 请求失败
2026-04-14 14:09:31,449 - ERROR - post_service.post_service.py - FetchPosts - < pn:8414 > - 请求失败
2026-04-14 14:09:32,400 - ERROR - post_service.post_service.py - FetchPosts - < pn:1426 > - 请求失败
2026-04-14 14:09:32,603 - ERROR - post_service.post_service.py - FetchPosts - < pn:1427 > - 请求失败
2026-04-14 14:09:32,756 - ERROR - post_service.post_service.py - FetchPosts - < pn:1428 > - 请求失败
2026-04-14 14:09:32,951 - ERROR - post_service.post_service.py - FetchPosts - < pn:8417 > - 请求失败
2026-04-14 14:09:33,134 - ERROR - post_service.post_service.py - FetchPosts - < pn:1429 > - 请求失败
2026-04-14 14:09:33,238 - ERROR - post_service.post_service.py - FetchPosts - < pn:4871 > - 请求失败
2026-04-14 14:09:33,311 - ERROR - post_service.post_service.py - FetchPosts - < pn:1430 > - 请求失败
2026-04-14 14:09:33,494 - ERROR - post_service.post_service.py - FetchPosts - < pn:1431 > - 请求失败
2026-04-14 14:09:35,177 - ERROR - post_service.post_service.py - FetchPosts - < pn:4874 > - 请求失败
2026-04-14 14:09:35,179 - ERROR - post_service.post_service.py - FetchPosts - < pn:8420 > - 请求失败
2026-04-14 14:09:35,192 - ERROR - post_service.post_service.py - FetchPosts - < pn:1433 > - 请求失败
2026-04-14 14:09:35,346 - ERROR - post_service.post_service.py - FetchPosts - < pn:8421 > - 请求失败
2026-04-14 14:09:35,367 - ERROR - post_service.post_service.py - FetchPosts - < pn:1434 > - 请求失败
2026-04-14 14:09:35,529 - ERROR - post_service.post_service.py - FetchPosts - < pn:8422 > - 请求失败
2026-04-14 14:09:35,688 - ERROR - post_service.post_service.py - FetchPosts - < pn:8423 > - 请求失败
2026-04-14 14:09:35,833 - ERROR - post_service.post_service.py - FetchPosts - < pn:8424 > - 请求失败
2026-04-14 14:09:36,268 - ERROR - post_service.post_service.py - FetchPosts - < pn:8425 > - 请求失败
2026-04-14 14:09:36,324 - ERROR - post_service.post_service.py - FetchPosts - < pn:4876 > - 请求失败
2026-04-14 14:09:36,355 - ERROR - post_service.post_service.py - FetchPosts - < pn:1436 > - 请求失败
2026-04-14 14:09:36,424 - ERROR - post_service.post_service.py - FetchPosts - < pn:8426 > - 请求失败
2026-04-14 14:09:36,524 - ERROR - post_service.post_service.py - FetchPosts - < pn:1437 > - 请求失败
2026-04-14 14:09:36,747 - ERROR - post_service.post_service.py - FetchPosts - < pn:1438 > - 请求失败
2026-04-14 14:09:37,357 - ERROR - post_service.post_service.py - FetchPosts - < pn:4878 > - 请求失败
2026-04-14 14:09:37,395 - ERROR - post_service.post_service.py - FetchPosts - < pn:1440 > - 请求失败
2026-04-14 14:09:37,531 - ERROR - post_service.post_service.py - FetchPosts - < pn:4879 > - 请求失败
2026-04-14 14:09:37,564 - ERROR - post_service.post_service.py - FetchPosts - < pn:1441 > - 请求失败
2026-04-14 14:09:37,688 - ERROR - post_service.post_service.py - FetchPosts - < pn:4880 > - 请求失败
2026-04-14 14:09:38,301 - ERROR - post_service.post_service.py - FetchPosts - < pn:8429 > - 请求失败
2026-04-14 14:09:39,484 - ERROR - post_service.post_service.py - FetchPosts - < pn:8431 > - 请求失败
2026-04-14 14:09:39,654 - ERROR - post_service.post_service.py - FetchPosts - < pn:8432 > - 请求失败
2026-04-14 14:09:39,815 - ERROR - post_service.post_service.py - FetchPosts - < pn:8433 > - 请求失败
2026-04-14 14:09:40,316 - ERROR - post_service.post_service.py - FetchPosts - < pn:1445 > - 请求失败
2026-04-14 14:09:40,475 - ERROR - post_service.post_service.py - FetchPosts - < pn:1446 > - 请求失败
2026-04-14 14:09:40,569 - ERROR - post_service.post_service.py - FetchPosts - < pn:8435 > - 请求失败
2026-04-14 14:09:40,853 - ERROR - post_service.post_service.py - FetchPosts - < pn:8436 > - 请求失败
2026-04-14 14:09:41,658 - ERROR - post_service.post_service.py - FetchPosts - < pn:4886 > - 请求失败
2026-04-14 14:09:41,991 - ERROR - post_service.post_service.py - FetchPosts - < pn:4887 > - 请求失败
2026-04-14 14:09:42,040 - ERROR - post_service.post_service.py - FetchPosts - < pn:8438 > - 请求失败
2026-04-14 14:09:42,825 - ERROR - post_service.post_service.py - FetchPosts - < pn:1450 > - 请求失败
2026-04-14 14:09:43,180 - ERROR - post_service.post_service.py - FetchPosts - < pn:8440 > - 请求失败
2026-04-14 14:09:43,747 - ERROR - post_service.post_service.py - FetchPosts - < pn:4890 > - 请求失败
2026-04-14 14:09:44,613 - ERROR - post_service.post_service.py - FetchPosts - < pn:8443 > - 请求失败
2026-04-14 14:09:45,145 - ERROR - post_service.post_service.py - FetchPosts - < pn:1454 > - 请求失败
2026-04-14 14:09:45,300 - ERROR - post_service.post_service.py - FetchPosts - < pn:1455 > - 请求失败
2026-04-14 14:09:46,095 - ERROR - post_service.post_service.py - FetchPosts - < pn:8445 > - 请求失败
2026-04-14 14:09:46,159 - ERROR - post_service.post_service.py - FetchPosts - < pn:1457 > - 请求失败
2026-04-14 14:09:46,177 - ERROR - post_service.post_service.py - FetchPosts - < pn:4893 > - 请求失败
2026-04-14 14:09:46,261 - ERROR - post_service.post_service.py - FetchPosts - < pn:8446 > - 请求失败
2026-04-14 14:09:46,351 - ERROR - post_service.post_service.py - FetchPosts - < pn:4894 > - 请求失败
2026-04-14 14:09:46,420 - ERROR - post_service.post_service.py - FetchPosts - < pn:8447 > - 请求失败
2026-04-14 14:09:46,534 - ERROR - post_service.post_service.py - FetchPosts - < pn:4895 > - 请求失败
2026-04-14 14:09:46,615 - ERROR - post_service.post_service.py - FetchPosts - < pn:8448 > - 请求失败
2026-04-14 14:09:47,443 - ERROR - post_service.post_service.py - FetchPosts - < pn:4897 > - 请求失败
2026-04-14 14:09:47,730 - ERROR - post_service.post_service.py - FetchPosts - < pn:1460 > - 请求失败
2026-04-14 14:09:48,157 - ERROR - post_service.post_service.py - FetchPosts - < pn:8451 > - 请求失败
2026-04-14 14:09:48,513 - ERROR - post_service.post_service.py - FetchPosts - < pn:8452 > - 请求失败
2026-04-14 14:09:48,675 - ERROR - post_service.post_service.py - FetchPosts - < pn:8453 > - 请求失败
2026-04-14 14:09:48,844 - ERROR - post_service.post_service.py - FetchPosts - < pn:8454 > - 请求失败
2026-04-14 14:09:49,103 - ERROR - post_service.post_service.py - FetchPosts - < pn:8455 > - 请求失败
2026-04-14 14:09:49,947 - ERROR - post_service.post_service.py - FetchPosts - < pn:4901 > - 请求失败
2026-04-14 14:09:50,236 - ERROR - post_service.post_service.py - FetchPosts - < pn:4902 > - 请求失败
2026-04-14 14:09:50,277 - ERROR - post_service.post_service.py - FetchPosts - < pn:1464 > - 请求失败
2026-04-14 14:09:50,425 - ERROR - post_service.post_service.py - FetchPosts - < pn:4903 > - 请求失败
2026-04-14 14:09:50,427 - ERROR - post_service.post_service.py - FetchPosts - < pn:1465 > - 请求失败
2026-04-14 14:09:50,585 - ERROR - post_service.post_service.py - FetchPosts - < pn:4904 > - 请求失败
2026-04-14 14:09:50,759 - ERROR - post_service.post_service.py - FetchPosts - < pn:4905 > - 请求失败
2026-04-14 14:09:51,159 - ERROR - post_service.post_service.py - FetchPosts - < pn:4906 > - 请求失败
2026-04-14 14:09:51,319 - ERROR - post_service.post_service.py - FetchPosts - < pn:4907 > - 请求失败
2026-04-14 14:09:51,578 - ERROR - post_service.post_service.py - FetchPosts - < pn:4908 > - 请求失败
2026-04-14 14:09:51,758 - ERROR - post_service.post_service.py - FetchPosts - < pn:1468 > - 请求失败
2026-04-14 14:09:51,779 - ERROR - post_service.post_service.py - FetchPosts - < pn:4909 > - 请求失败
2026-04-14 14:09:51,959 - ERROR - post_service.post_service.py - FetchPosts - < pn:8459 > - 请求失败
2026-04-14 14:09:51,995 - ERROR - post_service.post_service.py - FetchPosts - < pn:4910 > - 请求失败
2026-04-14 14:09:52,842 - ERROR - post_service.post_service.py - FetchPosts - < pn:8461 > - 请求失败
2026-04-14 14:09:53,109 - ERROR - post_service.post_service.py - FetchPosts - < pn:1471 > - 请求失败
2026-04-14 14:09:53,351 - ERROR - post_service.post_service.py - FetchPosts - < pn:1472 > - 请求失败
2026-04-14 14:09:53,608 - ERROR - post_service.post_service.py - FetchPosts - < pn:1473 > - 请求失败
2026-04-14 14:09:54,431 - ERROR - post_service.post_service.py - FetchPosts - < pn:8464 > - 请求失败
2026-04-14 14:09:55,187 - ERROR - post_service.post_service.py - FetchPosts - < pn:1475 > - 请求失败
2026-04-14 14:09:55,276 - ERROR - post_service.post_service.py - FetchPosts - < pn:4916 > - 请求失败
2026-04-14 14:09:56,057 - ERROR - post_service.post_service.py - FetchPosts - < pn:8467 > - 请求失败
2026-04-14 14:09:56,235 - ERROR - post_service.post_service.py - FetchPosts - < pn:8468 > - 请求失败
2026-04-14 14:09:56,958 - ERROR - post_service.post_service.py - FetchPosts - < pn:8470 > - 请求失败
2026-04-14 14:09:56,960 - ERROR - post_service.post_service.py - FetchPosts - < pn:4919 > - 请求失败
2026-04-14 14:09:57,760 - ERROR - post_service.post_service.py - FetchPosts - < pn:4921 > - 请求失败
2026-04-14 14:09:58,252 - ERROR - post_service.post_service.py - FetchPosts - < pn:8472 > - 请求失败
2026-04-14 14:09:58,517 - ERROR - post_service.post_service.py - FetchPosts - < pn:8473 > - 请求失败
2026-04-14 14:09:58,758 - ERROR - post_service.post_service.py - FetchPosts - < pn:8474 > - 请求失败
2026-04-14 14:09:58,914 - ERROR - post_service.post_service.py - FetchPosts - < pn:8475 > - 请求失败
2026-04-14 14:09:58,917 - ERROR - post_service.post_service.py - FetchPosts - < pn:4923 > - 请求失败
2026-04-14 14:09:59,702 - ERROR - post_service.post_service.py - FetchPosts - < pn:1481 > - 请求失败
2026-04-14 14:09:59,731 - ERROR - post_service.post_service.py - FetchPosts - < pn:4925 > - 请求失败
2026-04-14 14:10:00,574 - ERROR - post_service.post_service.py - FetchPosts - < pn:4927 > - 请求失败
2026-04-14 14:10:00,825 - ERROR - post_service.post_service.py - FetchPosts - < pn:4928 > - 请求失败
2026-04-14 14:10:00,877 - ERROR - post_service.post_service.py - FetchPosts - < pn:1483 > - 请求失败
2026-04-14 14:10:01,044 - ERROR - post_service.post_service.py - FetchPosts - < pn:4929 > - 请求失败
2026-04-14 14:10:01,066 - ERROR - post_service.post_service.py - FetchPosts - < pn:8479 > - 请求失败
2026-04-14 14:10:01,136 - ERROR - post_service.post_service.py - FetchPosts - < pn:1484 > - 请求失败
2026-04-14 14:10:01,286 - ERROR - post_service.post_service.py - FetchPosts - < pn:8480 > - 请求失败
2026-04-14 14:10:01,336 - ERROR - post_service.post_service.py - FetchPosts - < pn:1485 > - 请求失败
2026-04-14 14:10:01,466 - ERROR - post_service.post_service.py - FetchPosts - < pn:8481 > - 请求失败
2026-04-14 14:10:02,140 - ERROR - post_service.post_service.py - FetchPosts - < pn:4931 > - 请求失败
2026-04-14 14:10:02,191 - ERROR - post_service.post_service.py - FetchPosts - < pn:1487 > - 请求失败
2026-04-14 14:10:02,243 - ERROR - post_service.post_service.py - FetchPosts - < pn:8483 > - 请求失败
2026-04-14 14:10:02,321 - ERROR - post_service.post_service.py - FetchPosts - < pn:4932 > - 请求失败
2026-04-14 14:10:02,353 - ERROR - post_service.post_service.py - FetchPosts - < pn:1488 > - 请求失败
2026-04-14 14:10:02,526 - ERROR - post_service.post_service.py - FetchPosts - < pn:1489 > - 请求失败
2026-04-14 14:10:02,704 - ERROR - post_service.post_service.py - FetchPosts - < pn:1490 > - 请求失败
2026-04-14 14:10:02,959 - ERROR - post_service.post_service.py - FetchPosts - < pn:1491 > - 请求失败
2026-04-14 14:10:03,075 - ERROR - post_service.post_service.py - FetchPosts - < pn:4934 > - 请求失败
2026-04-14 14:10:03,813 - ERROR - post_service.post_service.py - FetchPosts - < pn:1493 > - 请求失败
2026-04-14 14:10:04,150 - ERROR - post_service.post_service.py - FetchPosts - < pn:1494 > - 请求失败
2026-04-14 14:10:04,332 - ERROR - post_service.post_service.py - FetchPosts - < pn:1495 > - 请求失败
2026-04-14 14:10:04,829 - ERROR - post_service.post_service.py - FetchPosts - < pn:8487 > - 请求失败
2026-04-14 14:10:05,263 - ERROR - post_service.post_service.py - FetchPosts - < pn:8488 > - 请求失败
2026-04-14 14:10:05,471 - ERROR - post_service.post_service.py - FetchPosts - < pn:8489 > - 请求失败
2026-04-14 14:10:05,634 - ERROR - post_service.post_service.py - FetchPosts - < pn:8490 > - 请求失败
2026-04-14 14:10:06,012 - ERROR - post_service.post_service.py - FetchPosts - < pn:8491 > - 请求失败
2026-04-14 14:10:06,147 - ERROR - post_service.post_service.py - FetchPosts - < pn:4939 > - 请求失败
2026-04-14 14:10:06,274 - ERROR - post_service.post_service.py - FetchPosts - < pn:1498 > - 请求失败
2026-04-14 14:10:07,216 - ERROR - post_service.post_service.py - FetchPosts - < pn:8493 > - 请求失败
2026-04-14 14:10:08,128 - ERROR - post_service.post_service.py - FetchPosts - < pn:1501 > - 请求失败
2026-04-14 14:10:08,284 - ERROR - post_service.post_service.py - FetchPosts - < pn:1502 > - 请求失败
2026-04-14 14:10:08,566 - ERROR - post_service.post_service.py - FetchPosts - < pn:1503 > - 请求失败
2026-04-14 14:10:08,725 - ERROR - post_service.post_service.py - FetchPosts - < pn:8496 > - 请求失败
2026-04-14 14:10:08,890 - ERROR - post_service.post_service.py - FetchPosts - < pn:8497 > - 请求失败
2026-04-14 14:10:09,066 - ERROR - post_service.post_service.py - FetchPosts - < pn:8498 > - 请求失败
2026-04-14 14:10:10,446 - ERROR - post_service.post_service.py - FetchPosts - < pn:4945 > - 请求失败
2026-04-14 14:10:11,032 - ERROR - post_service.post_service.py - FetchPosts - < pn:8501 > - 请求失败
2026-04-14 14:10:11,326 - ERROR - post_service.post_service.py - FetchPosts - < pn:4947 > - 请求失败
2026-04-14 14:10:11,336 - ERROR - post_service.post_service.py - FetchPosts - < pn:8502 > - 请求失败
2026-04-14 14:10:12,317 - ERROR - post_service.post_service.py - FetchPosts - < pn:4949 > - 请求失败
2026-04-14 14:10:12,495 - ERROR - post_service.post_service.py - FetchPosts - < pn:1508 > - 请求失败
2026-04-14 14:10:12,521 - ERROR - post_service.post_service.py - FetchPosts - < pn:4950 > - 请求失败
2026-04-14 14:10:12,712 - ERROR - post_service.post_service.py - FetchPosts - < pn:1509 > - 请求失败
2026-04-14 14:10:12,906 - ERROR - post_service.post_service.py - FetchPosts - < pn:1510 > - 请求失败
2026-04-14 14:10:13,225 - ERROR - post_service.post_service.py - FetchPosts - < pn:1511 > - 请求失败
2026-04-14 14:10:13,285 - ERROR - post_service.post_service.py - FetchPosts - < pn:8505 > - 请求失败
2026-04-14 14:10:13,555 - ERROR - post_service.post_service.py - FetchPosts - < pn:8506 > - 请求失败
2026-04-14 14:10:13,863 - ERROR - post_service.post_service.py - FetchPosts - < pn:8507 > - 请求失败
2026-04-14 14:10:13,982 - ERROR - post_service.post_service.py - FetchPosts - < pn:1513 > - 请求失败
2026-04-14 14:10:14,178 - ERROR - post_service.post_service.py - FetchPosts - < pn:1514 > - 请求失败
2026-04-14 14:10:15,690 - ERROR - post_service.post_service.py - FetchPosts - < pn:1517 > - 请求失败
2026-04-14 14:10:15,910 - ERROR - post_service.post_service.py - FetchPosts - < pn:4954 > - 请求失败
2026-04-14 14:10:16,068 - ERROR - post_service.post_service.py - FetchPosts - < pn:1518 > - 请求失败
2026-04-14 14:10:16,229 - ERROR - post_service.post_service.py - FetchPosts - < pn:4955 > - 请求失败
2026-04-14 14:10:17,638 - ERROR - post_service.post_service.py - FetchPosts - < pn:1521 > - 请求失败
2026-04-14 14:10:17,806 - ERROR - post_service.post_service.py - FetchPosts - < pn:1522 > - 请求失败
2026-04-14 14:10:18,349 - ERROR - post_service.post_service.py - FetchPosts - < pn:8513 > - 请求失败
2026-04-14 14:10:18,599 - ERROR - post_service.post_service.py - FetchPosts - < pn:8514 > - 请求失败
2026-04-14 14:10:19,374 - ERROR - post_service.post_service.py - FetchPosts - < pn:1525 > - 请求失败
2026-04-14 14:10:19,487 - ERROR - post_service.post_service.py - FetchPosts - < pn:8516 > - 请求失败
2026-04-14 14:10:19,538 - ERROR - post_service.post_service.py - FetchPosts - < pn:1526 > - 请求失败
2026-04-14 14:10:19,992 - ERROR - post_service.post_service.py - FetchPosts - < pn:4961 > - 请求失败
2026-04-14 14:10:20,700 - ERROR - post_service.post_service.py - FetchPosts - < pn:8518 > - 请求失败
2026-04-14 14:10:21,048 - ERROR - post_service.post_service.py - FetchPosts - < pn:4963 > - 请求失败
2026-04-14 14:10:23,009 - ERROR - post_service.post_service.py - FetchPosts - < pn:8520 > - 请求失败
2026-04-14 14:10:23,805 - ERROR - post_service.post_service.py - FetchPosts - < pn:1532 > - 请求失败
2026-04-14 14:10:24,543 - ERROR - post_service.post_service.py - FetchPosts - < pn:4968 > - 请求失败
2026-04-14 14:10:24,972 - ERROR - post_service.post_service.py - FetchPosts - < pn:8524 > - 请求失败
2026-04-14 14:10:24,974 - ERROR - post_service.post_service.py - FetchPosts - < pn:1534 > - 请求失败
2026-04-14 14:10:26,020 - ERROR - post_service.post_service.py - FetchPosts - < pn:4971 > - 请求失败
2026-04-14 14:10:26,118 - ERROR - post_service.post_service.py - FetchPosts - < pn:1536 > - 请求失败
2026-04-14 14:10:26,431 - ERROR - post_service.post_service.py - FetchPosts - < pn:8527 > - 请求失败
2026-04-14 14:10:26,493 - ERROR - post_service.post_service.py - FetchPosts - < pn:4972 > - 请求失败
2026-04-14 14:10:26,915 - ERROR - content_service.content_service.py - Content-VideoFrag - < floor:0, pid:150718182232, pn:1, ppid:150665456140, ppn:4 > - Failed to download https://tiebac.baidu.com/c/p/voice?voice_md5=52b33ddf8f3557613f26a5a27c1b5f5d_6100602359&play_from=pb_voice_play after 3 attempts
2026-04-14 14:10:28,059 - ERROR - post_service.post_service.py - FetchPosts - < pn:1539 > - 请求失败
2026-04-14 14:10:28,751 - ERROR - post_service.post_service.py - FetchPosts - < pn:4976 > - 请求失败
2026-04-14 14:10:28,908 - ERROR - content_service.content_service.py - Content-VideoFrag - < floor:0, pid:150765866041, pn:2, ppid:150644090858, ppn:2 > - Failed to download https://tiebac.baidu.com/c/p/voice?voice_md5=56fb550c3aa03bd2dafff0c69433e829_3202307701&play_from=pb_voice_play after 3 attempts
2026-04-14 14:10:28,917 - ERROR - post_service.post_service.py - FetchPosts - < pn:4977 > - 请求失败
2026-04-14 14:10:29,419 - ERROR - post_service.post_service.py - FetchPosts - < pn:1541 > - 请求失败
2026-04-14 14:10:30,442 - ERROR - post_service.post_service.py - FetchPosts - < pn:4980 > - 请求失败
2026-04-14 14:10:30,452 - ERROR - post_service.post_service.py - FetchPosts - < pn:1543 > - 请求失败
2026-04-14 14:10:30,603 - ERROR - post_service.post_service.py - FetchPosts - < pn:1544 > - 请求失败
2026-04-14 14:10:30,609 - ERROR - post_service.post_service.py - FetchPosts - < pn:4981 > - 请求失败
2026-04-14 14:10:30,863 - ERROR - post_service.post_service.py - FetchPosts - < pn:1545 > - 请求失败
2026-04-14 14:10:30,864 - ERROR - post_service.post_service.py - FetchPosts - < pn:4982 > - 请求失败
2026-04-14 14:10:31,023 - ERROR - post_service.post_service.py - FetchPosts - < pn:4983 > - 请求失败
2026-04-14 14:10:31,459 - ERROR - post_service.post_service.py - FetchPosts - < pn:8534 > - 请求失败
2026-04-14 14:10:31,617 - ERROR - post_service.post_service.py - FetchPosts - < pn:8535 > - 请求失败
2026-04-14 14:10:32,003 - ERROR - post_service.post_service.py - FetchPosts - < pn:8536 > - 请求失败
2026-04-14 14:10:32,786 - ERROR - post_service.post_service.py - FetchPosts - < pn:4986 > - 请求失败
2026-04-14 14:10:32,837 - ERROR - post_service.post_service.py - FetchPosts - < pn:8538 > - 请求失败
2026-04-14 14:10:32,957 - ERROR - post_service.post_service.py - FetchPosts - < pn:4987 > - 请求失败
2026-04-14 14:10:32,990 - ERROR - post_service.post_service.py - FetchPosts - < pn:8539 > - 请求失败
2026-04-14 14:10:33,704 - ERROR - post_service.post_service.py - FetchPosts - < pn:1548 > - 请求失败
2026-04-14 14:10:33,914 - ERROR - post_service.post_service.py - FetchPosts - < pn:1549 > - 请求失败
2026-04-14 14:10:34,398 - ERROR - post_service.post_service.py - FetchPosts - < pn:8542 > - 请求失败
2026-04-14 14:10:35,279 - ERROR - post_service.post_service.py - FetchPosts - < pn:4991 > - 请求失败
2026-04-14 14:10:35,446 - ERROR - post_service.post_service.py - FetchPosts - < pn:4992 > - 请求失败
2026-04-14 14:10:35,629 - ERROR - post_service.post_service.py - FetchPosts - < pn:4993 > - 请求失败
2026-04-14 14:10:36,020 - ERROR - post_service.post_service.py - FetchPosts - < pn:4994 > - 请求失败
2026-04-14 14:10:36,055 - ERROR - post_service.post_service.py - FetchPosts - < pn:8545 > - 请求失败
2026-04-14 14:10:36,187 - ERROR - post_service.post_service.py - FetchPosts - < pn:4995 > - 请求失败
2026-04-14 14:10:36,983 - ERROR - post_service.post_service.py - FetchPosts - < pn:1553 > - 请求失败
2026-04-14 14:10:37,148 - ERROR - post_service.post_service.py - FetchPosts - < pn:1554 > - 请求失败
2026-04-14 14:10:37,317 - ERROR - post_service.post_service.py - FetchPosts - < pn:1555 > - 请求失败
2026-04-14 14:10:37,913 - ERROR - content_service.content_service.py - Content-VideoFrag - < floor:0, pid:150764936235, pn:2, ppid:150643612235, ppn:1 > - Failed to download https://tiebac.baidu.com/c/p/voice?voice_md5=f44e7c201d85e3b6727c9091ef2c1e71_1721159617&play_from=pb_voice_play after 3 attempts
2026-04-14 14:10:39,513 - ERROR - post_service.post_service.py - FetchPosts - < pn:1558 > - 请求失败
2026-04-14 14:10:39,872 - ERROR - post_service.post_service.py - FetchPosts - < pn:1559 > - 请求失败
2026-04-14 14:10:39,966 - ERROR - content_service.content_service.py - Content-VideoFrag - < floor:0, pid:150741638227, pn:2, ppid:150674514382, ppn:5 > - Failed to download https://tiebac.baidu.com/c/p/voice?voice_md5=082668c572198f68d1a10c611f63a016_592484849&play_from=pb_voice_play after 3 attempts
2026-04-14 14:10:40,926 - ERROR - content_service.content_service.py - Content-VideoFrag - < floor:0, pid:150787246609, pn:3, ppid:150674514382, ppn:5 > - Failed to download https://tiebac.baidu.com/c/p/voice?voice_md5=c397689d50ff586f5db79079780d269c_4917850669&play_from=pb_voice_play after 3 attempts
2026-04-14 14:10:41,108 - ERROR - post_service.post_service.py - FetchPosts - < pn:1561 > - 请求失败
2026-04-14 14:10:41,178 - ERROR - post_service.post_service.py - FetchPosts - < pn:8552 > - 请求失败
2026-04-14 14:10:41,472 - ERROR - post_service.post_service.py - FetchPosts - < pn:1562 > - 请求失败
2026-04-14 14:10:41,620 - ERROR - post_service.post_service.py - FetchPosts - < pn:8553 > - 请求失败
2026-04-14 14:10:41,787 - ERROR - post_service.post_service.py - FetchPosts - < pn:8554 > - 请求失败
2026-04-14 14:10:42,228 - ERROR - post_service.post_service.py - FetchPosts - < pn:5004 > - 请求失败
2026-04-14 14:10:42,696 - ERROR - post_service.post_service.py - FetchPosts - < pn:8556 > - 请求失败
2026-04-14 14:10:42,707 - ERROR - post_service.post_service.py - FetchPosts - < pn:5005 > - 请求失败
2026-04-14 14:10:42,922 - ERROR - post_service.post_service.py - FetchPosts - < pn:1564 > - 请求失败
2026-04-14 14:10:42,977 - ERROR - post_service.post_service.py - FetchPosts - < pn:5006 > - 请求失败
2026-04-14 14:10:43,213 - ERROR - post_service.post_service.py - FetchPosts - < pn:5007 > - 请求失败
2026-04-14 14:10:44,119 - ERROR - post_service.post_service.py - FetchPosts - < pn:8558 > - 请求失败
2026-04-14 14:10:44,289 - ERROR - post_service.post_service.py - FetchPosts - < pn:8559 > - 请求失败
2026-04-14 14:10:44,889 - ERROR - post_service.post_service.py - FetchPosts - < pn:1567 > - 请求失败
2026-04-14 14:10:44,935 - ERROR - post_service.post_service.py - FetchPosts - < pn:5010 > - 请求失败
2026-04-14 14:10:45,356 - ERROR - post_service.post_service.py - FetchPosts - < pn:8561 > - 请求失败
2026-04-14 14:10:45,956 - ERROR - content_service.content_service.py - Content-VideoFrag - < floor:0, pid:150756515758, pn:1, ppid:150655500057, ppn:3 > - Failed to download https://tiebac.baidu.com/c/p/voice?voice_md5=a44487c4eaaa680c3b8828e646434c12_5945690345&play_from=pb_voice_play after 3 attempts
2026-04-14 14:10:46,315 - ERROR - post_service.post_service.py - FetchPosts - < pn:1569 > - 请求失败
2026-04-14 14:10:46,941 - ERROR - content_service.content_service.py - Content-VideoFrag - < floor:0, pid:150766880702, pn:2, ppid:150655500057, ppn:3 > - Failed to download https://tiebac.baidu.com/c/p/voice?voice_md5=177c11b549e034acdc89adad6d3c823b_6665508204&play_from=pb_voice_play after 3 attempts
2026-04-14 14:10:47,307 - ERROR - post_service.post_service.py - FetchPosts - < pn:8564 > - 请求失败
2026-04-14 14:10:49,197 - ERROR - post_service.post_service.py - FetchPosts - < pn:5016 > - 请求失败
2026-04-14 14:10:51,112 - ERROR - post_service.post_service.py - FetchPosts - < pn:5019 > - 请求失败
2026-04-14 14:10:51,140 - ERROR - post_service.post_service.py - FetchPosts - < pn:1575 > - 请求失败
2026-04-14 14:10:52,123 - ERROR - post_service.post_service.py - FetchPosts - < pn:1577 > - 请求失败
2026-04-14 14:10:52,448 - ERROR - post_service.post_service.py - FetchPosts - < pn:1578 > - 请求失败
2026-04-14 14:10:53,933 - ERROR - post_service.post_service.py - FetchPosts - < pn:1580 > - 请求失败
2026-04-14 14:10:53,957 - ERROR - post_service.post_service.py - FetchPosts - < pn:5023 > - 请求失败
2026-04-14 14:10:54,232 - ERROR - post_service.post_service.py - FetchPosts - < pn:5024 > - 请求失败
2026-04-14 14:10:54,233 - ERROR - post_service.post_service.py - FetchPosts - < pn:1581 > - 请求失败
2026-04-14 14:10:55,297 - ERROR - post_service.post_service.py - FetchPosts - < pn:1583 > - 请求失败
2026-04-14 14:10:55,607 - ERROR - post_service.post_service.py - FetchPosts - < pn:1584 > - 请求失败
2026-04-14 14:10:56,443 - ERROR - post_service.post_service.py - FetchPosts - < pn:8576 > - 请求失败
2026-04-14 14:10:56,476 - ERROR - post_service.post_service.py - FetchPosts - < pn:1586 > - 请求失败
2026-04-14 14:10:57,481 - ERROR - post_service.post_service.py - FetchPosts - < pn:5029 > - 请求失败
2026-04-14 14:10:59,547 - ERROR - post_service.post_service.py - FetchPosts - < pn:1591 > - 请求失败
2026-04-14 14:11:01,696 - ERROR - post_service.post_service.py - FetchPosts - < pn:1594 > - 请求失败
2026-04-14 14:11:02,154 - ERROR - post_service.post_service.py - FetchPosts - < pn:1595 > - 请求失败
2026-04-14 14:11:02,186 - ERROR - post_service.post_service.py - FetchPosts - < pn:8583 > - 请求失败
2026-04-14 14:11:02,202 - ERROR - post_service.post_service.py - FetchPosts - < pn:5036 > - 请求失败
2026-04-14 14:11:02,468 - ERROR - post_service.post_service.py - FetchPosts - < pn:5037 > - 请求失败
2026-04-14 14:11:03,381 - ERROR - post_service.post_service.py - FetchPosts - < pn:8585 > - 请求失败
2026-04-14 14:11:04,293 - ERROR - post_service.post_service.py - FetchPosts - < pn:5040 > - 请求失败
2026-04-14 14:11:05,261 - ERROR - post_service.post_service.py - FetchPosts - < pn:8588 > - 请求失败
2026-04-14 14:11:05,838 - ERROR - post_service.post_service.py - FetchPosts - < pn:1600 > - 请求失败
2026-04-14 14:11:06,671 - ERROR - post_service.post_service.py - FetchPosts - < pn:5044 > - 请求失败
2026-04-14 14:11:07,501 - ERROR - post_service.post_service.py - FetchPosts - < pn:1603 > - 请求失败
2026-04-14 14:11:07,626 - ERROR - post_service.post_service.py - FetchPosts - < pn:5046 > - 请求失败
2026-04-14 14:11:08,031 - ERROR - post_service.post_service.py - FetchPosts - < pn:1604 > - 请求失败
2026-04-14 14:11:08,183 - ERROR - post_service.post_service.py - FetchPosts - < pn:5047 > - 请求失败
2026-04-14 14:11:12,286 - ERROR - post_service.post_service.py - FetchPosts - < pn:1610 > - 请求失败
2026-04-14 14:11:12,289 - ERROR - post_service.post_service.py - FetchPosts - < pn:8596 > - 请求失败
2026-04-14 14:11:12,347 - ERROR - post_service.post_service.py - FetchPosts - < pn:5053 > - 请求失败
2026-04-14 14:11:12,620 - ERROR - post_service.post_service.py - FetchPosts - < pn:5054 > - 请求失败
2026-04-14 14:11:12,828 - ERROR - post_service.post_service.py - FetchPosts - < pn:5055 > - 请求失败
2026-04-14 14:11:13,381 - ERROR - post_service.post_service.py - FetchPosts - < pn:1612 > - 请求失败
2026-04-14 14:11:13,604 - ERROR - post_service.post_service.py - FetchPosts - < pn:1613 > - 请求失败
2026-04-14 14:11:13,776 - ERROR - post_service.post_service.py - FetchPosts - < pn:1614 > - 请求失败
2026-04-14 14:11:14,149 - ERROR - post_service.post_service.py - FetchPosts - < pn:8599 > - 请求失败
2026-04-14 14:11:14,172 - ERROR - post_service.post_service.py - FetchPosts - < pn:5058 > - 请求失败
2026-04-14 14:11:15,015 - ERROR - post_service.post_service.py - FetchPosts - < pn:5060 > - 请求失败
2026-04-14 14:11:15,721 - ERROR - post_service.post_service.py - FetchPosts - < pn:1617 > - 请求失败
2026-04-14 14:11:16,286 - ERROR - post_service.post_service.py - FetchPosts - < pn:8603 > - 请求失败
2026-04-14 14:11:17,952 - ERROR - post_service.post_service.py - FetchPosts - < pn:5064 > - 请求失败
2026-04-14 14:11:18,204 - ERROR - post_service.post_service.py - FetchPosts - < pn:5065 > - 请求失败
2026-04-14 14:11:18,421 - ERROR - post_service.post_service.py - FetchPosts - < pn:5066 > - 请求失败
2026-04-14 14:11:18,451 - ERROR - post_service.post_service.py - FetchPosts - < pn:1621 > - 请求失败
2026-04-14 14:11:18,792 - ERROR - post_service.post_service.py - FetchPosts - < pn:1622 > - 请求失败
2026-04-14 14:11:18,976 - ERROR - post_service.post_service.py - FetchPosts - < pn:8607 > - 请求失败
2026-04-14 14:11:19,106 - ERROR - post_service.post_service.py - FetchPosts - < pn:5068 > - 请求失败
2026-04-14 14:11:19,415 - ERROR - post_service.post_service.py - FetchPosts - < pn:5069 > - 请求失败
2026-04-14 14:11:19,688 - ERROR - post_service.post_service.py - FetchPosts - < pn:5070 > - 请求失败
2026-04-14 14:11:19,820 - ERROR - post_service.post_service.py - FetchPosts - < pn:8609 > - 请求失败
2026-04-14 14:11:19,984 - ERROR - post_service.post_service.py - FetchPosts - < pn:8610 > - 请求失败
2026-04-14 14:11:21,054 - ERROR - post_service.post_service.py - FetchPosts - < pn:8612 > - 请求失败
2026-04-14 14:11:21,929 - ERROR - post_service.post_service.py - FetchPosts - < pn:8614 > - 请求失败
2026-04-14 14:11:22,184 - ERROR - post_service.post_service.py - FetchPosts - < pn:8615 > - 请求失败
2026-04-14 14:11:22,347 - ERROR - post_service.post_service.py - FetchPosts - < pn:8616 > - 请求失败
2026-04-14 14:11:23,135 - ERROR - post_service.post_service.py - FetchPosts - < pn:5075 > - 请求失败
2026-04-14 14:11:23,394 - ERROR - post_service.post_service.py - FetchPosts - < pn:5076 > - 请求失败
2026-04-14 14:11:24,348 - ERROR - post_service.post_service.py - FetchPosts - < pn:8620 > - 请求失败
2026-04-14 14:11:24,970 - ERROR - post_service.post_service.py - FetchPosts - < pn:1629 > - 请求失败
2026-04-14 14:11:25,035 - ERROR - post_service.post_service.py - FetchPosts - < pn:5079 > - 请求失败
2026-04-14 14:11:25,125 - ERROR - post_service.post_service.py - FetchPosts - < pn:1630 > - 请求失败
2026-04-14 14:11:25,899 - ERROR - post_service.post_service.py - FetchPosts - < pn:5081 > - 请求失败
2026-04-14 14:11:26,498 - ERROR - post_service.post_service.py - FetchPosts - < pn:8624 > - 请求失败
2026-04-14 14:11:26,668 - ERROR - post_service.post_service.py - FetchPosts - < pn:8625 > - 请求失败
2026-04-14 14:11:26,959 - ERROR - post_service.post_service.py - FetchPosts - < pn:8626 > - 请求失败
2026-04-14 14:11:27,203 - ERROR - post_service.post_service.py - FetchPosts - < pn:1634 > - 请求失败
2026-04-14 14:11:27,216 - ERROR - post_service.post_service.py - FetchPosts - < pn:8627 > - 请求失败
2026-04-14 14:11:27,376 - ERROR - post_service.post_service.py - FetchPosts - < pn:8628 > - 请求失败
2026-04-14 14:11:27,942 - ERROR - post_service.post_service.py - FetchPosts - < pn:5084 > - 请求失败
2026-04-14 14:11:28,090 - ERROR - post_service.post_service.py - FetchPosts - < pn:5085 > - 请求失败
2026-04-14 14:11:28,105 - ERROR - post_service.post_service.py - FetchPosts - < pn:8630 > - 请求失败
2026-04-14 14:11:28,791 - ERROR - post_service.post_service.py - FetchPosts - < pn:1637 > - 请求失败
2026-04-14 14:11:28,826 - ERROR - post_service.post_service.py - FetchPosts - < pn:5087 > - 请求失败
2026-04-14 14:11:31,022 - ERROR - post_service.post_service.py - FetchPosts - < pn:1640 > - 请求失败
2026-04-14 14:11:31,076 - ERROR - post_service.post_service.py - FetchPosts - < pn:8635 > - 请求失败
2026-04-14 14:11:31,189 - ERROR - post_service.post_service.py - FetchPosts - < pn:1641 > - 请求失败
2026-04-14 14:11:31,226 - ERROR - post_service.post_service.py - FetchPosts - < pn:8636 > - 请求失败
2026-04-14 14:11:31,377 - ERROR - post_service.post_service.py - FetchPosts - < pn:1642 > - 请求失败
2026-04-14 14:11:31,408 - ERROR - post_service.post_service.py - FetchPosts - < pn:8637 > - 请求失败
2026-04-14 14:11:31,581 - ERROR - post_service.post_service.py - FetchPosts - < pn:8638 > - 请求失败
2026-04-14 14:11:31,871 - ERROR - post_service.post_service.py - FetchPosts - < pn:8639 > - 请求失败
2026-04-14 14:11:32,048 - ERROR - post_service.post_service.py - FetchPosts - < pn:5092 > - 请求失败
2026-04-14 14:11:32,182 - ERROR - post_service.post_service.py - FetchPosts - < pn:1644 > - 请求失败
2026-04-14 14:11:33,028 - ERROR - post_service.post_service.py - FetchPosts - < pn:1646 > - 请求失败
2026-04-14 14:11:33,259 - ERROR - post_service.post_service.py - FetchPosts - < pn:5094 > - 请求失败
2026-04-14 14:11:33,273 - ERROR - post_service.post_service.py - FetchPosts - < pn:1647 > - 请求失败
2026-04-14 14:11:33,425 - ERROR - post_service.post_service.py - FetchPosts - < pn:5095 > - 请求失败
2026-04-14 14:11:33,440 - ERROR - post_service.post_service.py - FetchPosts - < pn:1648 > - 请求失败
2026-04-14 14:11:33,709 - ERROR - post_service.post_service.py - FetchPosts - < pn:5096 > - 请求失败
2026-04-14 14:11:33,774 - ERROR - post_service.post_service.py - FetchPosts - < pn:8643 > - 请求失败
2026-04-14 14:11:33,897 - ERROR - post_service.post_service.py - FetchPosts - < pn:5097 > - 请求失败
2026-04-14 14:11:35,082 - ERROR - post_service.post_service.py - FetchPosts - < pn:1651 > - 请求失败
2026-04-14 14:11:35,083 - ERROR - post_service.post_service.py - FetchPosts - < pn:8645 > - 请求失败
2026-04-14 14:11:35,216 - ERROR - post_service.post_service.py - FetchPosts - < pn:5099 > - 请求失败
2026-04-14 14:11:36,086 - ERROR - post_service.post_service.py - FetchPosts - < pn:5101 > - 请求失败
2026-04-14 14:11:36,267 - ERROR - post_service.post_service.py - FetchPosts - < pn:5102 > - 请求失败
2026-04-14 14:11:36,977 - ERROR - post_service.post_service.py - FetchPosts - < pn:1654 > - 请求失败
2026-04-14 14:11:37,144 - ERROR - post_service.post_service.py - FetchPosts - < pn:1655 > - 请求失败
2026-04-14 14:11:38,512 - ERROR - post_service.post_service.py - FetchPosts - < pn:5106 > - 请求失败
2026-04-14 14:11:38,559 - ERROR - post_service.post_service.py - FetchPosts - < pn:1657 > - 请求失败
2026-04-14 14:11:39,171 - ERROR - post_service.post_service.py - FetchPosts - < pn:1658 > - 请求失败
2026-04-14 14:11:39,700 - ERROR - post_service.post_service.py - FetchPosts - < pn:8652 > - 请求失败
2026-04-14 14:11:40,130 - ERROR - post_service.post_service.py - FetchPosts - < pn:1660 > - 请求失败
2026-04-14 14:11:41,230 - ERROR - post_service.post_service.py - FetchPosts - < pn:5110 > - 请求失败
2026-04-14 14:11:41,418 - ERROR - post_service.post_service.py - FetchPosts - < pn:5111 > - 请求失败
2026-04-14 14:11:41,588 - ERROR - post_service.post_service.py - FetchPosts - < pn:5112 > - 请求失败
2026-04-14 14:11:41,864 - ERROR - post_service.post_service.py - FetchPosts - < pn:5113 > - 请求失败
2026-04-14 14:11:41,901 - ERROR - post_service.post_service.py - FetchPosts - < pn:1663 > - 请求失败
2026-04-14 14:11:41,948 - ERROR - post_service.post_service.py - FetchPosts - < pn:8656 > - 请求失败
2026-04-14 14:11:42,105 - ERROR - post_service.post_service.py - FetchPosts - < pn:5114 > - 请求失败
2026-04-14 14:11:42,154 - ERROR - post_service.post_service.py - FetchPosts - < pn:1664 > - 请求失败
2026-04-14 14:11:42,212 - ERROR - post_service.post_service.py - FetchPosts - < pn:8657 > - 请求失败
2026-04-14 14:11:42,266 - ERROR - post_service.post_service.py - FetchPosts - < pn:5115 > - 请求失败
2026-04-14 14:11:42,316 - ERROR - post_service.post_service.py - FetchPosts - < pn:1665 > - 请求失败
2026-04-14 14:11:42,430 - ERROR - post_service.post_service.py - FetchPosts - < pn:5116 > - 请求失败
2026-04-14 14:11:42,463 - ERROR - post_service.post_service.py - FetchPosts - < pn:1666 > - 请求失败
2026-04-14 14:11:42,634 - ERROR - post_service.post_service.py - FetchPosts - < pn:1667 > - 请求失败
2026-04-14 14:11:42,890 - ERROR - post_service.post_service.py - FetchPosts - < pn:1668 > - 请求失败
2026-04-14 14:11:42,979 - ERROR - post_service.post_service.py - FetchPosts - < pn:8659 > - 请求失败
2026-04-14 14:11:43,059 - ERROR - post_service.post_service.py - FetchPosts - < pn:1669 > - 请求失败
2026-04-14 14:11:43,208 - ERROR - post_service.post_service.py - FetchPosts - < pn:1670 > - 请求失败
2026-04-14 14:11:43,699 - ERROR - post_service.post_service.py - FetchPosts - < pn:8661 > - 请求失败
2026-04-14 14:11:44,324 - ERROR - post_service.post_service.py - FetchPosts - < pn:1672 > - 请求失败
2026-04-14 14:11:44,577 - ERROR - post_service.post_service.py - FetchPosts - < pn:5119 > - 请求失败
2026-04-14 14:11:44,578 - ERROR - post_service.post_service.py - FetchPosts - < pn:1673 > - 请求失败
2026-04-14 14:11:44,830 - ERROR - post_service.post_service.py - FetchPosts - < pn:1674 > - 请求失败
2026-04-14 14:11:45,065 - ERROR - post_service.post_service.py - FetchPosts - < pn:1675 > - 请求失败
2026-04-14 14:11:45,465 - ERROR - post_service.post_service.py - FetchPosts - < pn:1676 > - 请求失败
2026-04-14 14:11:45,537 - ERROR - post_service.post_service.py - FetchPosts - < pn:5121 > - 请求失败
2026-04-14 14:11:45,692 - ERROR - post_service.post_service.py - FetchPosts - < pn:5122 > - 请求失败
2026-04-14 14:11:45,858 - ERROR - post_service.post_service.py - FetchPosts - < pn:5123 > - 请求失败
2026-04-14 14:11:46,233 - ERROR - post_service.post_service.py - FetchPosts - < pn:5124 > - 请求失败
2026-04-14 14:11:46,295 - ERROR - post_service.post_service.py - FetchPosts - < pn:1678 > - 请求失败
2026-04-14 14:11:46,396 - ERROR - post_service.post_service.py - FetchPosts - < pn:5125 > - 请求失败
2026-04-14 14:11:46,573 - ERROR - post_service.post_service.py - FetchPosts - < pn:5126 > - 请求失败
2026-04-14 14:11:46,958 - ERROR - post_service.post_service.py - FetchPosts - < pn:8666 > - 请求失败
2026-04-14 14:11:47,508 - ERROR - post_service.post_service.py - FetchPosts - < pn:5128 > - 请求失败
2026-04-14 14:11:47,529 - ERROR - post_service.post_service.py - FetchPosts - < pn:1680 > - 请求失败
2026-04-14 14:11:48,335 - ERROR - post_service.post_service.py - FetchPosts - < pn:8668 > - 请求失败
2026-04-14 14:11:49,192 - ERROR - post_service.post_service.py - FetchPosts - < pn:5131 > - 请求失败
2026-04-14 14:11:49,467 - ERROR - post_service.post_service.py - FetchPosts - < pn:5132 > - 请求失败
2026-04-14 14:11:50,292 - ERROR - post_service.post_service.py - FetchPosts - < pn:5134 > - 请求失败
2026-04-14 14:11:50,469 - ERROR - post_service.post_service.py - FetchPosts - < pn:5135 > - 请求失败
2026-04-14 14:11:50,829 - ERROR - post_service.post_service.py - FetchPosts - < pn:5136 > - 请求失败
2026-04-14 14:11:51,011 - ERROR - post_service.post_service.py - FetchPosts - < pn:1685 > - 请求失败
2026-04-14 14:11:51,827 - ERROR - post_service.post_service.py - FetchPosts - < pn:1687 > - 请求失败
2026-04-14 14:11:51,856 - ERROR - post_service.post_service.py - FetchPosts - < pn:5138 > - 请求失败
2026-04-14 14:11:51,982 - ERROR - post_service.post_service.py - FetchPosts - < pn:1688 > - 请求失败
2026-04-14 14:11:52,025 - ERROR - post_service.post_service.py - FetchPosts - < pn:5139 > - 请求失败
2026-04-14 14:11:52,162 - ERROR - post_service.post_service.py - FetchPosts - < pn:1689 > - 请求失败
2026-04-14 14:11:52,405 - ERROR - post_service.post_service.py - FetchPosts - < pn:1690 > - 请求失败
2026-04-14 14:11:52,573 - ERROR - post_service.post_service.py - FetchPosts - < pn:1691 > - 请求失败
2026-04-14 14:11:52,911 - ERROR - post_service.post_service.py - FetchPosts - < pn:5141 > - 请求失败
2026-04-14 14:11:53,769 - ERROR - post_service.post_service.py - FetchPosts - < pn:8675 > - 请求失败
2026-04-14 14:11:53,947 - ERROR - post_service.post_service.py - FetchPosts - < pn:8676 > - 请求失败
2026-04-14 14:11:54,109 - ERROR - post_service.post_service.py - FetchPosts - < pn:8677 > - 请求失败
2026-04-14 14:11:54,403 - ERROR - post_service.post_service.py - FetchPosts - < pn:5144 > - 请求失败
2026-04-14 14:11:54,667 - ERROR - post_service.post_service.py - FetchPosts - < pn:5145 > - 请求失败
2026-04-14 14:11:54,682 - ERROR - post_service.post_service.py - FetchPosts - < pn:1694 > - 请求失败
2026-04-14 14:11:54,825 - ERROR - post_service.post_service.py - FetchPosts - < pn:5146 > - 请求失败
2026-04-14 14:11:54,869 - ERROR - post_service.post_service.py - FetchPosts - < pn:1695 > - 请求失败
2026-04-14 14:11:55,712 - ERROR - post_service.post_service.py - FetchPosts - < pn:5148 > - 请求失败
2026-04-14 14:11:55,726 - ERROR - post_service.post_service.py - FetchPosts - < pn:8680 > - 请求失败
2026-04-14 14:11:55,837 - ERROR - post_service.post_service.py - FetchPosts - < pn:1697 > - 请求失败
2026-04-14 14:11:55,912 - ERROR - post_service.post_service.py - FetchPosts - < pn:5149 > - 请求失败
2026-04-14 14:11:56,743 - ERROR - post_service.post_service.py - FetchPosts - < pn:1699 > - 请求失败
2026-04-14 14:11:56,759 - ERROR - post_service.post_service.py - FetchPosts - < pn:5151 > - 请求失败
2026-04-14 14:11:56,919 - ERROR - post_service.post_service.py - FetchPosts - < pn:1700 > - 请求失败
2026-04-14 14:11:56,935 - ERROR - post_service.post_service.py - FetchPosts - < pn:5152 > - 请求失败
2026-04-14 14:11:57,083 - ERROR - post_service.post_service.py - FetchPosts - < pn:1701 > - 请求失败
2026-04-14 14:11:57,102 - ERROR - post_service.post_service.py - FetchPosts - < pn:5153 > - 请求失败
2026-04-14 14:11:57,390 - ERROR - post_service.post_service.py - FetchPosts - < pn:1702 > - 请求失败
2026-04-14 14:11:57,442 - ERROR - post_service.post_service.py - FetchPosts - < pn:8683 > - 请求失败
2026-04-14 14:11:57,545 - ERROR - post_service.post_service.py - FetchPosts - < pn:1703 > - 请求失败
2026-04-14 14:11:57,602 - ERROR - post_service.post_service.py - FetchPosts - < pn:8684 > - 请求失败
2026-04-14 14:11:57,728 - ERROR - post_service.post_service.py - FetchPosts - < pn:1704 > - 请求失败
2026-04-14 14:11:57,768 - ERROR - post_service.post_service.py - FetchPosts - < pn:8685 > - 请求失败
2026-04-14 14:11:58,609 - ERROR - post_service.post_service.py - FetchPosts - < pn:8687 > - 请求失败
2026-04-14 14:11:59,350 - ERROR - post_service.post_service.py - FetchPosts - < pn:8689 > - 请求失败
2026-04-14 14:11:59,907 - ERROR - content_service.content_service.py - Content-VideoFrag - < floor:0, pid:150766423368, pn:1, ppid:150665456140, ppn:4 > - Failed to download https://tiebac.baidu.com/c/p/voice?voice_md5=fd6524fc28a9ca3a34a4f3b7e5b90956_6018712657&play_from=pb_voice_play after 3 attempts
2026-04-14 14:12:00,150 - ERROR - post_service.post_service.py - FetchPosts - < pn:5157 > - 请求失败
2026-04-14 14:12:00,156 - ERROR - post_service.post_service.py - FetchPosts - < pn:1708 > - 请求失败
2026-04-14 14:12:01,116 - ERROR - post_service.post_service.py - FetchPosts - < pn:5159 > - 请求失败
2026-04-14 14:12:01,448 - ERROR - post_service.post_service.py - FetchPosts - < pn:5160 > - 请求失败
2026-04-14 14:12:01,657 - ERROR - post_service.post_service.py - FetchPosts - < pn:8693 > - 请求失败
2026-04-14 14:12:01,818 - ERROR - post_service.post_service.py - FetchPosts - < pn:8694 > - 请求失败
2026-04-14 14:12:01,904 - ERROR - content_service.content_service.py - Content-VideoFrag - < floor:0, pid:150766010008, pn:2, ppid:150644090858, ppn:2 > - Failed to download https://tiebac.baidu.com/c/p/voice?voice_md5=d89430c8ea1cb1286e8350528518d42e_6018712657&play_from=pb_voice_play after 3 attempts
2026-04-14 14:12:02,597 - ERROR - post_service.post_service.py - FetchPosts - < pn:1712 > - 请求失败
2026-04-14 14:12:02,628 - ERROR - post_service.post_service.py - FetchPosts - < pn:5162 > - 请求失败
2026-04-14 14:12:02,886 - ERROR - post_service.post_service.py - FetchPosts - < pn:5163 > - 请求失败
2026-04-14 14:12:03,961 - ERROR - post_service.post_service.py - FetchPosts - < pn:8697 > - 请求失败
2026-04-14 14:12:05,120 - ERROR - post_service.post_service.py - FetchPosts - < pn:1715 > - 请求失败
2026-04-14 14:12:05,479 - ERROR - post_service.post_service.py - FetchPosts - < pn:1716 > - 请求失败
2026-04-14 14:12:05,895 - ERROR - post_service.post_service.py - FetchPosts - < pn:8700 > - 请求失败
2026-04-14 14:12:06,065 - ERROR - post_service.post_service.py - FetchPosts - < pn:8701 > - 请求失败
2026-04-14 14:12:06,628 - ERROR - post_service.post_service.py - FetchPosts - < pn:5168 > - 请求失败
2026-04-14 14:12:06,642 - ERROR - post_service.post_service.py - FetchPosts - < pn:1718 > - 请求失败
2026-04-14 14:12:06,661 - ERROR - post_service.post_service.py - FetchPosts - < pn:8702 > - 请求失败
2026-04-14 14:12:06,961 - ERROR - post_service.post_service.py - FetchPosts - < pn:8703 > - 请求失败
2026-04-14 14:12:06,985 - ERROR - post_service.post_service.py - FetchPosts - < pn:1719 > - 请求失败
2026-04-14 14:12:07,147 - ERROR - post_service.post_service.py - FetchPosts - < pn:8704 > - 请求失败
2026-04-14 14:12:07,536 - ERROR - post_service.post_service.py - FetchPosts - < pn:5170 > - 请求失败
2026-04-14 14:12:08,451 - ERROR - post_service.post_service.py - FetchPosts - < pn:1721 > - 请求失败
2026-04-14 14:12:08,726 - ERROR - post_service.post_service.py - FetchPosts - < pn:1722 > - 请求失败
2026-04-14 14:12:08,877 - ERROR - post_service.post_service.py - FetchPosts - < pn:1723 > - 请求失败
2026-04-14 14:12:09,239 - ERROR - post_service.post_service.py - FetchPosts - < pn:8707 > - 请求失败
2026-04-14 14:12:09,836 - ERROR - post_service.post_service.py - FetchPosts - < pn:8708 > - 请求失败
2026-04-14 14:12:09,862 - ERROR - post_service.post_service.py - FetchPosts - < pn:5173 > - 请求失败
2026-04-14 14:12:09,949 - ERROR - post_service.post_service.py - FetchPosts - < pn:1725 > - 请求失败
2026-04-14 14:12:10,011 - ERROR - post_service.post_service.py - FetchPosts - < pn:8709 > - 请求失败
2026-04-14 14:12:10,666 - ERROR - post_service.post_service.py - FetchPosts - < pn:5175 > - 请求失败
2026-04-14 14:12:10,823 - ERROR - post_service.post_service.py - FetchPosts - < pn:1727 > - 请求失败
2026-04-14 14:12:10,845 - ERROR - post_service.post_service.py - FetchPosts - < pn:5176 > - 请求失败
2026-04-14 14:12:11,092 - ERROR - post_service.post_service.py - FetchPosts - < pn:1728 > - 请求失败
2026-04-14 14:12:11,504 - ERROR - post_service.post_service.py - FetchPosts - < pn:1729 > - 请求失败
2026-04-14 14:12:12,691 - ERROR - post_service.post_service.py - FetchPosts - < pn:1731 > - 请求失败
2026-04-14 14:12:12,705 - ERROR - post_service.post_service.py - FetchPosts - < pn:5179 > - 请求失败
2026-04-14 14:12:12,905 - ERROR - content_service.content_service.py - Content-VideoFrag - < floor:0, pid:150741646317, pn:2, ppid:150674514382, ppn:5 > - Failed to download https://tiebac.baidu.com/c/p/voice?voice_md5=f6f24be24ecc638f59d0092d8e24ea60_592484849&play_from=pb_voice_play after 3 attempts
2026-04-14 14:12:13,073 - ERROR - post_service.post_service.py - FetchPosts - < pn:1732 > - 请求失败
2026-04-14 14:12:13,416 - ERROR - post_service.post_service.py - FetchPosts - < pn:8714 > - 请求失败
2026-04-14 14:12:13,459 - ERROR - post_service.post_service.py - FetchPosts - < pn:1733 > - 请求失败
2026-04-14 14:12:14,522 - ERROR - post_service.post_service.py - FetchPosts - < pn:8716 > - 请求失败
2026-04-14 14:12:14,783 - ERROR - post_service.post_service.py - FetchPosts - < pn:8717 > - 请求失败
2026-04-14 14:12:15,312 - ERROR - post_service.post_service.py - FetchPosts - < pn:1736 > - 请求失败
2026-04-14 14:12:15,360 - ERROR - post_service.post_service.py - FetchPosts - < pn:5183 > - 请求失败
2026-04-14 14:12:15,803 - ERROR - post_service.post_service.py - FetchPosts - < pn:5184 > - 请求失败
2026-04-14 14:12:17,138 - ERROR - post_service.post_service.py - FetchPosts - < pn:5186 > - 请求失败
2026-04-14 14:12:17,153 - ERROR - post_service.post_service.py - FetchPosts - < pn:8721 > - 请求失败
2026-04-14 14:12:17,398 - ERROR - post_service.post_service.py - FetchPosts - < pn:5187 > - 请求失败
2026-04-14 14:12:18,702 - ERROR - post_service.post_service.py - FetchPosts - < pn:8724 > - 请求失败
2026-04-14 14:12:19,074 - ERROR - post_service.post_service.py - FetchPosts - < pn:1742 > - 请求失败
2026-04-14 14:12:19,451 - ERROR - post_service.post_service.py - FetchPosts - < pn:8726 > - 请求失败
2026-04-14 14:12:19,634 - ERROR - post_service.post_service.py - FetchPosts - < pn:8727 > - 请求失败
2026-04-14 14:12:20,042 - ERROR - post_service.post_service.py - FetchPosts - < pn:1744 > - 请求失败
2026-04-14 14:12:20,551 - ERROR - post_service.post_service.py - FetchPosts - < pn:8729 > - 请求失败
2026-04-14 14:12:20,574 - ERROR - post_service.post_service.py - FetchPosts - < pn:5191 > - 请求失败
2026-04-14 14:12:20,904 - ERROR - content_service.content_service.py - Content-VideoFrag - < floor:0, pid:150766893264, pn:2, ppid:150655540545, ppn:3 > - Failed to download https://tiebac.baidu.com/c/p/voice?voice_md5=0b7b133ca03d729cb06e0c4fe18d6bd3_6665508204&play_from=pb_voice_play after 3 attempts
2026-04-14 14:12:21,278 - ERROR - post_service.post_service.py - FetchPosts - < pn:5192 > - 请求失败
2026-04-14 14:12:21,798 - ERROR - post_service.post_service.py - FetchPosts - < pn:5193 > - 请求失败
2026-04-14 14:12:22,051 - ERROR - post_service.post_service.py - FetchPosts - < pn:8730 > - 请求失败
2026-04-14 14:12:22,193 - ERROR - post_service.post_service.py - FetchPosts - < pn:1747 > - 请求失败
2026-04-14 14:12:22,193 - ERROR - post_service.post_service.py - FetchPosts - < pn:5194 > - 请求失败
2026-04-14 14:12:22,451 - ERROR - post_service.post_service.py - FetchPosts - < pn:8731 > - 请求失败
2026-04-14 14:12:22,736 - ERROR - post_service.post_service.py - FetchPosts - < pn:8732 > - 请求失败
2026-04-14 14:12:23,102 - ERROR - post_service.post_service.py - FetchPosts - < pn:8733 > - 请求失败
2026-04-14 14:12:23,502 - ERROR - post_service.post_service.py - FetchPosts - < pn:8734 > - 请求失败
2026-04-14 14:12:23,986 - ERROR - post_service.post_service.py - FetchPosts - < pn:5197 > - 请求失败
2026-04-14 14:12:24,230 - ERROR - post_service.post_service.py - FetchPosts - < pn:5198 > - 请求失败
2026-04-14 14:12:25,270 - ERROR - post_service.post_service.py - FetchPosts - < pn:1751 > - 请求失败
2026-04-14 14:12:25,672 - ERROR - post_service.post_service.py - FetchPosts - < pn:5201 > - 请求失败
2026-04-14 14:12:25,703 - ERROR - post_service.post_service.py - FetchPosts - < pn:8738 > - 请求失败
2026-04-14 14:12:25,855 - ERROR - post_service.post_service.py - FetchPosts - < pn:5202 > - 请求失败
2026-04-14 14:12:25,866 - ERROR - post_service.post_service.py - FetchPosts - < pn:8739 > - 请求失败
2026-04-14 14:12:26,140 - ERROR - post_service.post_service.py - FetchPosts - < pn:8740 > - 请求失败
2026-04-14 14:12:26,148 - ERROR - post_service.post_service.py - FetchPosts - < pn:5203 > - 请求失败
2026-04-14 14:12:26,260 - ERROR - post_service.post_service.py - FetchPosts - < pn:1753 > - 请求失败
2026-04-14 14:12:27,045 - ERROR - post_service.post_service.py - FetchPosts - < pn:1755 > - 请求失败
2026-04-14 14:12:27,115 - ERROR - post_service.post_service.py - FetchPosts - < pn:5205 > - 请求失败
2026-04-14 14:12:27,160 - ERROR - post_service.post_service.py - FetchPosts - < pn:8742 > - 请求失败
2026-04-14 14:12:27,216 - ERROR - post_service.post_service.py - FetchPosts - < pn:1756 > - 请求失败
2026-04-14 14:12:27,382 - ERROR - post_service.post_service.py - FetchPosts - < pn:1757 > - 请求失败
2026-04-14 14:12:27,534 - ERROR - post_service.post_service.py - FetchPosts - < pn:1758 > - 请求失败
2026-04-14 14:12:28,068 - ERROR - post_service.post_service.py - FetchPosts - < pn:5207 > - 请求失败
2026-04-14 14:12:28,068 - ERROR - post_service.post_service.py - FetchPosts - < pn:8744 > - 请求失败
2026-04-14 14:12:28,227 - ERROR - post_service.post_service.py - FetchPosts - < pn:5208 > - 请求失败
2026-04-14 14:12:29,035 - ERROR - post_service.post_service.py - FetchPosts - < pn:8746 > - 请求失败
2026-04-14 14:12:29,189 - ERROR - post_service.post_service.py - FetchPosts - < pn:8747 > - 请求失败
2026-04-14 14:12:30,966 - ERROR - post_service.post_service.py - FetchPosts - < pn:5212 > - 请求失败
2026-04-14 14:12:31,177 - ERROR - post_service.post_service.py - FetchPosts - < pn:5213 > - 请求失败
2026-04-14 14:12:31,348 - ERROR - post_service.post_service.py - FetchPosts - < pn:5214 > - 请求失败
2026-04-14 14:12:31,768 - ERROR - post_service.post_service.py - FetchPosts - < pn:1765 > - 请求失败
2026-04-14 14:12:31,868 - ERROR - post_service.post_service.py - FetchPosts - < pn:8752 > - 请求失败
2026-04-14 14:12:31,932 - ERROR - post_service.post_service.py - FetchPosts - < pn:1766 > - 请求失败
2026-04-14 14:12:32,173 - ERROR - post_service.post_service.py - FetchPosts - < pn:8753 > - 请求失败
2026-04-14 14:12:32,381 - ERROR - post_service.post_service.py - FetchPosts - < pn:8754 > - 请求失败
2026-04-14 14:12:33,586 - ERROR - post_service.post_service.py - FetchPosts - < pn:5218 > - 请求失败
2026-04-14 14:12:33,972 - ERROR - post_service.post_service.py - FetchPosts - < pn:8757 > - 请求失败
2026-04-14 14:12:34,587 - ERROR - post_service.post_service.py - FetchPosts - < pn:5220 > - 请求失败
2026-04-14 14:12:34,728 - ERROR - post_service.post_service.py - FetchPosts - < pn:8759 > - 请求失败
2026-04-14 14:12:34,748 - ERROR - post_service.post_service.py - FetchPosts - < pn:5221 > - 请求失败
2026-04-14 14:12:35,002 - ERROR - post_service.post_service.py - FetchPosts - < pn:8760 > - 请求失败
2026-04-14 14:12:35,169 - ERROR - post_service.post_service.py - FetchPosts - < pn:8761 > - 请求失败
2026-04-14 14:12:35,331 - ERROR - post_service.post_service.py - FetchPosts - < pn:8762 > - 请求失败
2026-04-14 14:12:36,621 - ERROR - post_service.post_service.py - FetchPosts - < pn:1772 > - 请求失败
2026-04-14 14:12:36,726 - ERROR - post_service.post_service.py - FetchPosts - < pn:8765 > - 请求失败
2026-04-14 14:12:36,788 - ERROR - post_service.post_service.py - FetchPosts - < pn:1773 > - 请求失败
2026-04-14 14:12:36,894 - ERROR - post_service.post_service.py - FetchPosts - < pn:8766 > - 请求失败
2026-04-14 14:12:37,637 - ERROR - post_service.post_service.py - FetchPosts - < pn:1775 > - 请求失败
2026-04-14 14:12:37,805 - ERROR - post_service.post_service.py - FetchPosts - < pn:1776 > - 请求失败
2026-04-14 14:12:38,140 - ERROR - post_service.post_service.py - FetchPosts - < pn:1777 > - 请求失败
2026-04-14 14:12:38,996 - ERROR - post_service.post_service.py - FetchPosts - < pn:1779 > - 请求失败
2026-04-14 14:12:39,171 - ERROR - post_service.post_service.py - FetchPosts - < pn:1780 > - 请求失败
2026-04-14 14:12:39,758 - ERROR - post_service.post_service.py - FetchPosts - < pn:5228 > - 请求失败
2026-04-14 14:12:40,449 - ERROR - post_service.post_service.py - FetchPosts - < pn:1783 > - 请求失败
2026-04-14 14:12:40,653 - ERROR - post_service.post_service.py - FetchPosts - < pn:1784 > - 请求失败
2026-04-14 14:12:40,863 - ERROR - post_service.post_service.py - FetchPosts - < pn:8773 > - 请求失败
2026-04-14 14:12:41,110 - ERROR - post_service.post_service.py - FetchPosts - < pn:8774 > - 请求失败
2026-04-14 14:12:41,270 - ERROR - post_service.post_service.py - FetchPosts - < pn:8775 > - 请求失败
2026-04-14 14:12:41,520 - ERROR - post_service.post_service.py - FetchPosts - < pn:8776 > - 请求失败
2026-04-14 14:12:41,889 - ERROR - post_service.post_service.py - FetchPosts - < pn:5231 > - 请求失败
2026-04-14 14:12:42,062 - ERROR - post_service.post_service.py - FetchPosts - < pn:5232 > - 请求失败
2026-04-14 14:12:42,230 - ERROR - post_service.post_service.py - FetchPosts - < pn:5233 > - 请求失败
2026-04-14 14:12:42,579 - ERROR - post_service.post_service.py - FetchPosts - < pn:5234 > - 请求失败
2026-04-14 14:12:42,621 - ERROR - post_service.post_service.py - FetchPosts - < pn:8778 > - 请求失败
2026-04-14 14:12:42,734 - ERROR - post_service.post_service.py - FetchPosts - < pn:5235 > - 请求失败
2026-04-14 14:12:42,774 - ERROR - post_service.post_service.py - FetchPosts - < pn:8779 > - 请求失败
2026-04-14 14:12:42,915 - ERROR - post_service.post_service.py - FetchPosts - < pn:5236 > - 请求失败
2026-04-14 14:12:43,089 - ERROR - post_service.post_service.py - FetchPosts - < pn:5237 > - 请求失败
2026-04-14 14:12:43,281 - ERROR - post_service.post_service.py - FetchPosts - < pn:5238 > - 请求失败
2026-04-14 14:12:43,604 - ERROR - post_service.post_service.py - FetchPosts - < pn:8781 > - 请求失败
2026-04-14 14:12:43,609 - ERROR - post_service.post_service.py - FetchPosts - < pn:5239 > - 请求失败
2026-04-14 14:12:43,762 - ERROR - post_service.post_service.py - FetchPosts - < pn:8782 > - 请求失败
2026-04-14 14:12:44,817 - ERROR - post_service.post_service.py - FetchPosts - < pn:1790 > - 请求失败
2026-04-14 14:12:44,989 - ERROR - post_service.post_service.py - FetchPosts - < pn:1791 > - 请求失败
2026-04-14 14:12:45,995 - ERROR - post_service.post_service.py - FetchPosts - < pn:8785 > - 请求失败
2026-04-14 14:12:46,080 - ERROR - post_service.post_service.py - FetchPosts - < pn:1793 > - 请求失败
2026-04-14 14:12:46,157 - ERROR - post_service.post_service.py - FetchPosts - < pn:8786 > - 请求失败
2026-04-14 14:12:46,862 - ERROR - post_service.post_service.py - FetchPosts - < pn:1795 > - 请求失败
2026-04-14 14:12:47,104 - ERROR - post_service.post_service.py - FetchPosts - < pn:8788 > - 请求失败
2026-04-14 14:12:47,155 - ERROR - post_service.post_service.py - FetchPosts - < pn:1796 > - 请求失败
2026-04-14 14:12:47,421 - ERROR - post_service.post_service.py - FetchPosts - < pn:1797 > - 请求失败
2026-04-14 14:12:47,599 - ERROR - post_service.post_service.py - FetchPosts - < pn:1798 > - 请求失败
2026-04-14 14:12:49,886 - ERROR - post_service.post_service.py - FetchPosts - < pn:1801 > - 请求失败
2026-04-14 14:12:50,402 - ERROR - post_service.post_service.py - FetchPosts - < pn:5248 > - 请求失败
2026-04-14 14:12:50,971 - ERROR - post_service.post_service.py - FetchPosts - < pn:1803 > - 请求失败
2026-04-14 14:12:51,111 - ERROR - post_service.post_service.py - FetchPosts - < pn:5250 > - 请求失败
2026-04-14 14:12:51,144 - ERROR - post_service.post_service.py - FetchPosts - < pn:1804 > - 请求失败
2026-04-14 14:12:51,381 - ERROR - post_service.post_service.py - FetchPosts - < pn:5251 > - 请求失败
2026-04-14 14:12:51,385 - ERROR - post_service.post_service.py - FetchPosts - < pn:1805 > - 请求失败
2026-04-14 14:12:51,549 - ERROR - post_service.post_service.py - FetchPosts - < pn:1806 > - 请求失败
2026-04-14 14:12:51,551 - ERROR - post_service.post_service.py - FetchPosts - < pn:5252 > - 请求失败
2026-04-14 14:12:51,702 - ERROR - post_service.post_service.py - FetchPosts - < pn:5253 > - 请求失败
2026-04-14 14:12:51,713 - ERROR - post_service.post_service.py - FetchPosts - < pn:1807 > - 请求失败
2026-04-14 14:12:51,915 - ERROR - post_service.post_service.py - FetchPosts - < pn:5254 > - 请求失败
2026-04-14 14:12:51,916 - ERROR - post_service.post_service.py - FetchPosts - < pn:1808 > - 请求失败
2026-04-14 14:12:52,081 - ERROR - post_service.post_service.py - FetchPosts - < pn:1809 > - 请求失败
2026-04-14 14:12:52,085 - ERROR - post_service.post_service.py - FetchPosts - < pn:5255 > - 请求失败
2026-04-14 14:12:52,344 - ERROR - post_service.post_service.py - FetchPosts - < pn:1810 > - 请求失败
2026-04-14 14:12:53,180 - ERROR - post_service.post_service.py - FetchPosts - < pn:5257 > - 请求失败
2026-04-14 14:12:53,221 - ERROR - post_service.post_service.py - FetchPosts - < pn:1812 > - 请求失败
2026-04-14 14:12:53,237 - ERROR - post_service.post_service.py - FetchPosts - < pn:8797 > - 请求失败
2026-04-14 14:12:53,358 - ERROR - post_service.post_service.py - FetchPosts - < pn:5258 > - 请求失败
2026-04-14 14:12:53,545 - ERROR - post_service.post_service.py - FetchPosts - < pn:5259 > - 请求失败
2026-04-14 14:12:53,797 - ERROR - post_service.post_service.py - FetchPosts - < pn:5260 > - 请求失败
2026-04-14 14:12:54,985 - ERROR - post_service.post_service.py - FetchPosts - < pn:8800 > - 请求失败
2026-04-14 14:12:55,211 - ERROR - post_service.post_service.py - FetchPosts - < pn:8801 > - 请求失败
2026-04-14 14:12:55,546 - ERROR - post_service.post_service.py - FetchPosts - < pn:8802 > - 请求失败
2026-04-14 14:12:55,675 - ERROR - post_service.post_service.py - FetchPosts - < pn:5263 > - 请求失败
2026-04-14 14:12:55,682 - ERROR - post_service.post_service.py - FetchPosts - < pn:1816 > - 请求失败
2026-04-14 14:12:55,843 - ERROR - post_service.post_service.py - FetchPosts - < pn:1817 > - 请求失败
2026-04-14 14:12:55,953 - ERROR - post_service.post_service.py - FetchPosts - < pn:5264 > - 请求失败
2026-04-14 14:12:56,009 - ERROR - post_service.post_service.py - FetchPosts - < pn:1818 > - 请求失败
2026-04-14 14:12:56,169 - ERROR - post_service.post_service.py - FetchPosts - < pn:1819 > - 请求失败
2026-04-14 14:12:56,507 - ERROR - post_service.post_service.py - FetchPosts - < pn:8804 > - 请求失败
2026-04-14 14:12:56,805 - ERROR - post_service.post_service.py - FetchPosts - < pn:5266 > - 请求失败
2026-04-14 14:12:56,806 - ERROR - post_service.post_service.py - FetchPosts - < pn:8805 > - 请求失败
2026-04-14 14:12:57,077 - ERROR - post_service.post_service.py - FetchPosts - < pn:5267 > - 请求失败
2026-04-14 14:12:57,218 - ERROR - post_service.post_service.py - FetchPosts - < pn:1821 > - 请求失败
2026-04-14 14:12:57,257 - ERROR - post_service.post_service.py - FetchPosts - < pn:5268 > - 请求失败
2026-04-14 14:12:57,400 - ERROR - post_service.post_service.py - FetchPosts - < pn:1822 > - 请求失败
2026-04-14 14:12:58,598 - ERROR - post_service.post_service.py - FetchPosts - < pn:8808 > - 请求失败
2026-04-14 14:12:58,878 - ERROR - post_service.post_service.py - FetchPosts - < pn:8809 > - 请求失败
2026-04-14 14:12:58,978 - ERROR - post_service.post_service.py - FetchPosts - < pn:5271 > - 请求失败
2026-04-14 14:12:59,004 - ERROR - post_service.post_service.py - FetchPosts - < pn:1825 > - 请求失败
2026-04-14 14:12:59,853 - ERROR - post_service.post_service.py - FetchPosts - < pn:1827 > - 请求失败
2026-04-14 14:13:00,415 - ERROR - post_service.post_service.py - FetchPosts - < pn:8812 > - 请求失败
2026-04-14 14:13:00,800 - ERROR - post_service.post_service.py - FetchPosts - < pn:1829 > - 请求失败
2026-04-14 14:13:01,213 - ERROR - post_service.post_service.py - FetchPosts - < pn:8814 > - 请求失败
2026-04-14 14:13:01,464 - ERROR - post_service.post_service.py - FetchPosts - < pn:8815 > - 请求失败
2026-04-14 14:13:03,567 - ERROR - post_service.post_service.py - FetchPosts - < pn:8819 > - 请求失败
2026-04-14 14:13:03,884 - ERROR - post_service.post_service.py - FetchPosts - < pn:1834 > - 请求失败
2026-04-14 14:13:04,538 - ERROR - post_service.post_service.py - FetchPosts - < pn:8821 > - 请求失败
2026-04-14 14:13:05,683 - ERROR - post_service.post_service.py - FetchPosts - < pn:8823 > - 请求失败
2026-04-14 14:13:05,935 - ERROR - post_service.post_service.py - FetchPosts - < pn:8824 > - 请求失败
2026-04-14 14:13:06,079 - ERROR - post_service.post_service.py - FetchPosts - < pn:5281 > - 请求失败
2026-04-14 14:13:06,983 - ERROR - post_service.post_service.py - FetchPosts - < pn:5283 > - 请求失败
2026-04-14 14:13:07,244 - ERROR - post_service.post_service.py - FetchPosts - < pn:5284 > - 请求失败
2026-04-14 14:13:07,491 - ERROR - post_service.post_service.py - FetchPosts - < pn:1839 > - 请求失败
2026-04-14 14:13:07,665 - ERROR - post_service.post_service.py - FetchPosts - < pn:1840 > - 请求失败
2026-04-14 14:13:07,852 - ERROR - post_service.post_service.py - FetchPosts - < pn:1841 > - 请求失败
2026-04-14 14:13:09,207 - ERROR - post_service.post_service.py - FetchPosts - < pn:5287 > - 请求失败
2026-04-14 14:13:09,544 - ERROR - post_service.post_service.py - FetchPosts - < pn:1844 > - 请求失败
2026-04-14 14:13:09,709 - ERROR - post_service.post_service.py - FetchPosts - < pn:1845 > - 请求失败
2026-04-14 14:13:09,900 - ERROR - post_service.post_service.py - FetchPosts - < pn:1846 > - 请求失败
2026-04-14 14:13:10,254 - ERROR - post_service.post_service.py - FetchPosts - < pn:5289 > - 请求失败
2026-04-14 14:13:10,424 - ERROR - post_service.post_service.py - FetchPosts - < pn:5290 > - 请求失败
2026-04-14 14:13:11,145 - ERROR - post_service.post_service.py - FetchPosts - < pn:1848 > - 请求失败
2026-04-14 14:13:11,178 - ERROR - post_service.post_service.py - FetchPosts - < pn:5292 > - 请求失败
2026-04-14 14:13:11,308 - ERROR - post_service.post_service.py - FetchPosts - < pn:1849 > - 请求失败
2026-04-14 14:13:11,345 - ERROR - post_service.post_service.py - FetchPosts - < pn:5293 > - 请求失败
2026-04-14 14:13:11,472 - ERROR - post_service.post_service.py - FetchPosts - < pn:1850 > - 请求失败
2026-04-14 14:13:11,641 - ERROR - post_service.post_service.py - FetchPosts - < pn:1851 > - 请求失败
2026-04-14 14:13:12,385 - ERROR - post_service.post_service.py - FetchPosts - < pn:5295 > - 请求失败
2026-04-14 14:13:13,142 - ERROR - post_service.post_service.py - FetchPosts - < pn:1854 > - 请求失败
2026-04-14 14:13:13,216 - ERROR - post_service.post_service.py - FetchPosts - < pn:8834 > - 请求失败
2026-04-14 14:13:13,384 - ERROR - post_service.post_service.py - FetchPosts - < pn:1855 > - 请求失败
2026-04-14 14:13:13,388 - ERROR - post_service.post_service.py - FetchPosts - < pn:8835 > - 请求失败
2026-04-14 14:13:13,392 - ERROR - post_service.post_service.py - FetchPosts - < pn:5297 > - 请求失败
2026-04-14 14:13:13,563 - ERROR - post_service.post_service.py - FetchPosts - < pn:1856 > - 请求失败
2026-04-14 14:13:13,572 - ERROR - post_service.post_service.py - FetchPosts - < pn:8836 > - 请求失败
2026-04-14 14:13:13,756 - ERROR - post_service.post_service.py - FetchPosts - < pn:8837 > - 请求失败
2026-04-14 14:13:14,443 - ERROR - post_service.post_service.py - FetchPosts - < pn:5299 > - 请求失败
2026-04-14 14:13:15,163 - ERROR - post_service.post_service.py - FetchPosts - < pn:8839 > - 请求失败
2026-04-14 14:13:15,244 - ERROR - post_service.post_service.py - FetchPosts - < pn:5301 > - 请求失败
2026-04-14 14:13:15,370 - ERROR - post_service.post_service.py - FetchPosts - < pn:8840 > - 请求失败
2026-04-14 14:13:15,968 - ERROR - post_service.post_service.py - FetchPosts - < pn:5303 > - 请求失败
2026-04-14 14:13:15,975 - ERROR - post_service.post_service.py - FetchPosts - < pn:1860 > - 请求失败
2026-04-14 14:13:16,136 - ERROR - post_service.post_service.py - FetchPosts - < pn:8842 > - 请求失败
2026-04-14 14:13:16,193 - ERROR - post_service.post_service.py - FetchPosts - < pn:1861 > - 请求失败
2026-04-14 14:13:16,984 - ERROR - post_service.post_service.py - FetchPosts - < pn:5305 > - 请求失败
2026-04-14 14:13:17,141 - ERROR - post_service.post_service.py - FetchPosts - < pn:5306 > - 请求失败
2026-04-14 14:13:17,854 - ERROR - post_service.post_service.py - FetchPosts - < pn:1864 > - 请求失败
2026-04-14 14:13:18,038 - ERROR - post_service.post_service.py - FetchPosts - < pn:1865 > - 请求失败
2026-04-14 14:13:18,840 - ERROR - post_service.post_service.py - FetchPosts - < pn:1867 > - 请求失败
2026-04-14 14:13:19,156 - ERROR - post_service.post_service.py - FetchPosts - < pn:1868 > - 请求失败
2026-04-14 14:13:19,408 - ERROR - post_service.post_service.py - FetchPosts - < pn:5310 > - 请求失败
2026-04-14 14:13:19,410 - ERROR - post_service.post_service.py - FetchPosts - < pn:1869 > - 请求失败
2026-04-14 14:13:19,584 - ERROR - post_service.post_service.py - FetchPosts - < pn:1870 > - 请求失败
2026-04-14 14:13:19,742 - ERROR - post_service.post_service.py - FetchPosts - < pn:1871 > - 请求失败
2026-04-14 14:13:20,374 - ERROR - post_service.post_service.py - FetchPosts - < pn:8848 > - 请求失败
2026-04-14 14:13:20,542 - ERROR - post_service.post_service.py - FetchPosts - < pn:8849 > - 请求失败
2026-04-14 14:13:20,894 - ERROR - post_service.post_service.py - FetchPosts - < pn:8850 > - 请求失败
2026-04-14 14:13:20,917 - ERROR - post_service.post_service.py - FetchPosts - < pn:1873 > - 请求失败
2026-04-14 14:13:21,079 - ERROR - post_service.post_service.py - FetchPosts - < pn:1874 > - 请求失败
2026-04-14 14:13:21,248 - ERROR - post_service.post_service.py - FetchPosts - < pn:1875 > - 请求失败
2026-04-14 14:13:21,412 - ERROR - post_service.post_service.py - FetchPosts - < pn:1876 > - 请求失败
2026-04-14 14:13:22,695 - ERROR - post_service.post_service.py - FetchPosts - < pn:5315 > - 请求失败
2026-04-14 14:13:22,962 - ERROR - post_service.post_service.py - FetchPosts - < pn:1879 > - 请求失败
2026-04-14 14:13:25,132 - ERROR - post_service.post_service.py - FetchPosts - < pn:1883 > - 请求失败
2026-04-14 14:13:26,159 - ERROR - post_service.post_service.py - FetchPosts - < pn:8857 > - 请求失败
2026-04-14 14:13:26,208 - ERROR - post_service.post_service.py - FetchPosts - < pn:1885 > - 请求失败
2026-04-14 14:13:26,537 - ERROR - post_service.post_service.py - FetchPosts - < pn:5321 > - 请求失败
2026-04-14 14:13:26,728 - ERROR - post_service.post_service.py - FetchPosts - < pn:5322 > - 请求失败
2026-04-14 14:13:27,096 - ERROR - post_service.post_service.py - FetchPosts - < pn:5323 > - 请求失败
2026-04-14 14:13:27,211 - ERROR - post_service.post_service.py - FetchPosts - < pn:8859 > - 请求失败
2026-04-14 14:13:27,887 - ERROR - post_service.post_service.py - FetchPosts - < pn:5325 > - 请求失败
2026-04-14 14:13:28,162 - ERROR - post_service.post_service.py - FetchPosts - < pn:5326 > - 请求失败
2026-04-14 14:13:28,387 - ERROR - post_service.post_service.py - FetchPosts - < pn:8861 > - 请求失败
2026-04-14 14:13:29,108 - ERROR - post_service.post_service.py - FetchPosts - < pn:1890 > - 请求失败
2026-04-14 14:13:29,314 - ERROR - post_service.post_service.py - FetchPosts - < pn:1891 > - 请求失败
2026-04-14 14:13:29,315 - ERROR - post_service.post_service.py - FetchPosts - < pn:5328 > - 请求失败
2026-04-14 14:13:29,492 - ERROR - post_service.post_service.py - FetchPosts - < pn:1892 > - 请求失败
2026-04-14 14:13:30,363 - ERROR - post_service.post_service.py - FetchPosts - < pn:5330 > - 请求失败
2026-04-14 14:13:30,364 - ERROR - post_service.post_service.py - FetchPosts - < pn:1894 > - 请求失败
2026-04-14 14:13:30,544 - ERROR - post_service.post_service.py - FetchPosts - < pn:5331 > - 请求失败
2026-04-14 14:13:30,549 - ERROR - post_service.post_service.py - FetchPosts - < pn:1895 > - 请求失败
2026-04-14 14:13:30,809 - ERROR - post_service.post_service.py - FetchPosts - < pn:1896 > - 请求失败
2026-04-14 14:13:30,889 - ERROR - post_service.post_service.py - FetchPosts - < pn:8865 > - 请求失败
2026-04-14 14:13:30,967 - ERROR - post_service.post_service.py - FetchPosts - < pn:1897 > - 请求失败
2026-04-14 14:13:31,141 - ERROR - post_service.post_service.py - FetchPosts - < pn:8866 > - 请求失败
2026-04-14 14:13:31,216 - ERROR - post_service.post_service.py - FetchPosts - < pn:1898 > - 请求失败
2026-04-14 14:13:31,230 - ERROR - post_service.post_service.py - FetchPosts - < pn:5333 > - 请求失败
2026-04-14 14:13:31,308 - ERROR - post_service.post_service.py - FetchPosts - < pn:8867 > - 请求失败
2026-04-14 14:13:31,389 - ERROR - post_service.post_service.py - FetchPosts - < pn:1899 > - 请求失败
2026-04-14 14:13:31,481 - ERROR - post_service.post_service.py - FetchPosts - < pn:8868 > - 请求失败
2026-04-14 14:13:31,582 - ERROR - post_service.post_service.py - FetchPosts - < pn:1900 > - 请求失败
2026-04-14 14:13:31,843 - ERROR - post_service.post_service.py - FetchPosts - < pn:1901 > - 请求失败
2026-04-14 14:13:32,013 - ERROR - post_service.post_service.py - FetchPosts - < pn:1902 > - 请求失败
2026-04-14 14:13:32,346 - ERROR - post_service.post_service.py - SavePost - < floor:170012, pid:153351890073, pn:5334 > - UNIQUE constraint failed: post.id
2026-04-14 14:13:32,346 - ERROR - post_service.post_service.py - SavePost - < floor:170013, pid:153351890092, pn:5334 > - UNIQUE constraint failed: post.id
2026-04-14 14:13:32,346 - ERROR - post_service.post_service.py - SavePost - < floor:170014, pid:153351891937, pn:5334 > - UNIQUE constraint failed: post.id
2026-04-14 14:13:32,347 - ERROR - post_service.post_service.py - SavePost - < floor:170015, pid:153351892374, pn:5334 > - UNIQUE constraint failed: post.id
2026-04-14 14:13:32,347 - ERROR - post_service.post_service.py - SavePost - < floor:170016, pid:153351892531, pn:5334 > - UNIQUE constraint failed: post.id
2026-04-14 14:13:32,347 - ERROR - post_service.post_service.py - SavePost - < floor:170017, pid:153351892665, pn:5334 > - UNIQUE constraint failed: post.id
2026-04-14 14:13:32,347 - ERROR - post_service.post_service.py - SavePost - < floor:170018, pid:153351893244, pn:5334 > - UNIQUE constraint failed: post.id
2026-04-14 14:13:32,347 - ERROR - post_service.post_service.py - SavePost - < floor:170019, pid:153351893313, pn:5334 > - UNIQUE constraint failed: post.id
2026-04-14 14:13:32,791 - ERROR - post_service.post_service.py - FetchPosts - < pn:8871 > - 请求失败
2026-04-14 14:13:32,911 - ERROR - content_service.content_service.py - Content-VideoFrag - < floor:0, pid:150769853319, pn:1, ppid:150665456140, ppn:4 > - Failed to download https://tiebac.baidu.com/c/p/voice?voice_md5=89ee6855aba6db2817950bc4d5c44590_5339001620&play_from=pb_voice_play after 3 attempts
2026-04-14 14:13:33,126 - ERROR - post_service.post_service.py - FetchPosts - < pn:8872 > - 请求失败
2026-04-14 14:13:33,290 - ERROR - post_service.post_service.py - FetchPosts - < pn:8873 > - 请求失败
2026-04-14 14:13:33,464 - ERROR - post_service.post_service.py - FetchPosts - < pn:8874 > - 请求失败
2026-04-14 14:13:33,845 - ERROR - post_service.post_service.py - FetchPosts - < pn:8875 > - 请求失败
2026-04-14 14:13:33,983 - ERROR - post_service.post_service.py - FetchPosts - < pn:5338 > - 请求失败
2026-04-14 14:13:34,001 - ERROR - post_service.post_service.py - FetchPosts - < pn:8876 > - 请求失败
2026-04-14 14:13:34,448 - ERROR - post_service.post_service.py - FetchPosts - < pn:1906 > - 请求失败
2026-04-14 14:13:34,862 - ERROR - post_service.post_service.py - FetchPosts - < pn:8878 > - 请求失败
2026-04-14 14:13:35,985 - ERROR - post_service.post_service.py - FetchPosts - < pn:1909 > - 请求失败
2026-04-14 14:13:36,102 - ERROR - post_service.post_service.py - FetchPosts - < pn:5342 > - 请求失败
2026-04-14 14:13:37,054 - ERROR - post_service.post_service.py - FetchPosts - < pn:5344 > - 请求失败
2026-04-14 14:13:37,207 - ERROR - post_service.post_service.py - FetchPosts - < pn:5345 > - 请求失败
2026-04-14 14:13:37,562 - ERROR - post_service.post_service.py - FetchPosts - < pn:5346 > - 请求失败
2026-04-14 14:13:37,592 - ERROR - post_service.post_service.py - FetchPosts - < pn:8882 > - 请求失败
2026-04-14 14:13:37,673 - ERROR - post_service.post_service.py - FetchPosts - < pn:1912 > - 请求失败
2026-04-14 14:13:37,739 - ERROR - post_service.post_service.py - FetchPosts - < pn:5347 > - 请求失败
2026-04-14 14:13:37,847 - ERROR - post_service.post_service.py - FetchPosts - < pn:1913 > - 请求失败
2026-04-14 14:13:39,578 - ERROR - post_service.post_service.py - FetchPosts - < pn:5350 > - 请求失败
2026-04-14 14:13:39,586 - ERROR - post_service.post_service.py - FetchPosts - < pn:1916 > - 请求失败
2026-04-14 14:13:39,803 - ERROR - post_service.post_service.py - FetchPosts - < pn:5351 > - 请求失败
2026-04-14 14:13:39,966 - ERROR - post_service.post_service.py - FetchPosts - < pn:5352 > - 请求失败
2026-04-14 14:13:40,526 - ERROR - post_service.post_service.py - FetchPosts - < pn:1918 > - 请求失败
2026-04-14 14:13:40,528 - ERROR - post_service.post_service.py - FetchPosts - < pn:8887 > - 请求失败
2026-04-14 14:13:41,432 - ERROR - post_service.post_service.py - FetchPosts - < pn:1920 > - 请求失败
2026-04-14 14:13:41,477 - ERROR - post_service.post_service.py - FetchPosts - < pn:5355 > - 请求失败
2026-04-14 14:13:41,485 - ERROR - post_service.post_service.py - FetchPosts - < pn:8889 > - 请求失败
2026-04-14 14:13:41,600 - ERROR - post_service.post_service.py - FetchPosts - < pn:1921 > - 请求失败
2026-04-14 14:13:41,649 - ERROR - post_service.post_service.py - FetchPosts - < pn:8890 > - 请求失败
2026-04-14 14:13:42,422 - ERROR - post_service.post_service.py - FetchPosts - < pn:5357 > - 请求失败
2026-04-14 14:13:42,504 - ERROR - post_service.post_service.py - FetchPosts - < pn:1923 > - 请求失败
2026-04-14 14:13:42,594 - ERROR - post_service.post_service.py - FetchPosts - < pn:5358 > - 请求失败
2026-04-14 14:13:43,541 - ERROR - post_service.post_service.py - FetchPosts - < pn:5360 > - 请求失败
2026-04-14 14:13:44,373 - ERROR - post_service.post_service.py - FetchPosts - < pn:1926 > - 请求失败
2026-04-14 14:13:44,456 - ERROR - post_service.post_service.py - FetchPosts - < pn:5362 > - 请求失败
2026-04-14 14:13:44,631 - ERROR - post_service.post_service.py - FetchPosts - < pn:1927 > - 请求失败
2026-04-14 14:13:44,696 - ERROR - post_service.post_service.py - FetchPosts - < pn:5363 > - 请求失败
2026-04-14 14:13:44,800 - ERROR - post_service.post_service.py - FetchPosts - < pn:1928 > - 请求失败
2026-04-14 14:13:44,875 - ERROR - post_service.post_service.py - FetchPosts - < pn:5364 > - 请求失败
2026-04-14 14:13:45,156 - ERROR - post_service.post_service.py - FetchPosts - < pn:8896 > - 请求失败
2026-04-14 14:13:45,806 - ERROR - post_service.post_service.py - FetchPosts - < pn:5366 > - 请求失败
2026-04-14 14:13:45,901 - ERROR - content_service.content_service.py - Content-VideoFrag - < floor:0, pid:150748556181, pn:2, ppid:150674514382, ppn:5 > - Failed to download https://tiebac.baidu.com/c/p/voice?voice_md5=edb48b543ebb99b20e932da8b49585fc_806904007&play_from=pb_voice_play after 3 attempts
2026-04-14 14:13:45,986 - ERROR - post_service.post_service.py - FetchPosts - < pn:8898 > - 请求失败
2026-04-14 14:13:45,988 - ERROR - post_service.post_service.py - FetchPosts - < pn:5367 > - 请求失败
2026-04-14 14:13:46,518 - ERROR - post_service.post_service.py - FetchPosts - < pn:1931 > - 请求失败
2026-04-14 14:13:46,921 - ERROR - post_service.post_service.py - FetchPosts - < pn:8900 > - 请求失败
2026-04-14 14:13:46,922 - ERROR - post_service.post_service.py - FetchPosts - < pn:5369 > - 请求失败
2026-04-14 14:13:47,084 - ERROR - post_service.post_service.py - FetchPosts - < pn:8901 > - 请求失败
2026-04-14 14:13:47,563 - ERROR - post_service.post_service.py - FetchPosts - < pn:1933 > - 请求失败
2026-04-14 14:13:47,727 - ERROR - post_service.post_service.py - FetchPosts - < pn:1934 > - 请求失败
2026-04-14 14:13:48,946 - ERROR - content_service.content_service.py - Content-VideoFrag - < floor:0, pid:150723252415, pn:1, ppid:150644138106, ppn:2 > - Failed to download https://tiebac.baidu.com/c/p/voice?voice_md5=bff9d5f5e422fbee9e9db7584df350d4_6004293176&play_from=pb_voice_play after 3 attempts
2026-04-14 14:13:49,003 - ERROR - content_service.content_service.py - Content-VideoFrag - < floor:0, pid:150765030816, pn:2, ppid:150644138106, ppn:2 > - Failed to download https://tiebac.baidu.com/c/p/voice?voice_md5=da600322260fffbc8ba823decd769c5c_6335000871&play_from=pb_voice_play after 3 attempts
2026-04-14 14:13:49,165 - ERROR - post_service.post_service.py - FetchPosts - < pn:5373 > - 请求失败
2026-04-14 14:13:49,530 - ERROR - post_service.post_service.py - FetchPosts - < pn:8905 > - 请求失败
2026-04-14 14:13:49,906 - ERROR - content_service.content_service.py - Content-VideoFrag - < floor:0, pid:151071569675, pn:4, ppid:150644138106, ppn:2 > - Failed to download https://tiebac.baidu.com/c/p/voice?voice_md5=875a5242f8426e5d973bee006ef248d0_3948303359&play_from=pb_voice_play after 3 attempts
2026-04-14 14:13:49,987 - ERROR - content_service.content_service.py - Content-VideoFrag - < floor:0, pid:150766493034, pn:3, ppid:150644138106, ppn:2 > - Failed to download https://tiebac.baidu.com/c/p/voice?voice_md5=1b8a4e974f5d64471e10add1d70357c7_2697757061&play_from=pb_voice_play after 3 attempts
2026-04-14 14:13:50,479 - ERROR - post_service.post_service.py - FetchPosts - < pn:8907 > - 请求失败
2026-04-14 14:13:50,634 - ERROR - post_service.post_service.py - FetchPosts - < pn:8908 > - 请求失败
2026-04-14 14:13:50,884 - ERROR - post_service.post_service.py - FetchPosts - < pn:8909 > - 请求失败
2026-04-14 14:13:50,961 - ERROR - post_service.post_service.py - FetchPosts - < pn:5376 > - 请求失败
2026-04-14 14:13:51,037 - ERROR - post_service.post_service.py - FetchPosts - < pn:8910 > - 请求失败
2026-04-14 14:13:51,218 - ERROR - post_service.post_service.py - FetchPosts - < pn:5377 > - 请求失败
2026-04-14 14:13:51,382 - ERROR - post_service.post_service.py - FetchPosts - < pn:5378 > - 请求失败
2026-04-14 14:13:51,548 - ERROR - post_service.post_service.py - FetchPosts - < pn:5379 > - 请求失败
2026-04-14 14:13:52,030 - ERROR - post_service.post_service.py - FetchPosts - < pn:8912 > - 请求失败
2026-04-14 14:13:52,185 - ERROR - post_service.post_service.py - FetchPosts - < pn:8913 > - 请求失败
2026-04-14 14:13:52,611 - ERROR - post_service.post_service.py - FetchPosts - < pn:5381 > - 请求失败
2026-04-14 14:13:52,647 - ERROR - post_service.post_service.py - FetchPosts - < pn:1941 > - 请求失败
2026-04-14 14:13:52,777 - ERROR - post_service.post_service.py - FetchPosts - < pn:5382 > - 请求失败
2026-04-14 14:13:53,040 - ERROR - post_service.post_service.py - FetchPosts - < pn:5383 > - 请求失败
2026-04-14 14:13:53,194 - ERROR - post_service.post_service.py - FetchPosts - < pn:5384 > - 请求失败
2026-04-14 14:13:53,213 - ERROR - post_service.post_service.py - FetchPosts - < pn:8915 > - 请求失败
2026-04-14 14:13:53,955 - ERROR - content_service.content_service.py - Content-VideoFrag - < floor:0, pid:150756520835, pn:1, ppid:150655666249, ppn:3 > - Failed to download https://tiebac.baidu.com/c/p/voice?voice_md5=2925e070bf3cb72d1acd22121d8616a2_5945690345&play_from=pb_voice_play after 3 attempts
2026-04-14 14:13:54,464 - ERROR - post_service.post_service.py - FetchPosts - < pn:1944 > - 请求失败
2026-04-14 14:13:54,681 - ERROR - post_service.post_service.py - FetchPosts - < pn:5387 > - 请求失败
2026-04-14 14:13:54,910 - ERROR - content_service.content_service.py - Content-VideoFrag - < floor:0, pid:150766900158, pn:2, ppid:150655666249, ppn:3 > - Failed to download https://tiebac.baidu.com/c/p/voice?voice_md5=8664835a7a7f2770ab43b5f08e205667_6665508204&play_from=pb_voice_play after 3 attempts
2026-04-14 14:13:55,057 - ERROR - post_service.post_service.py - FetchPosts - < pn:8919 > - 请求失败
2026-04-14 14:13:55,863 - ERROR - post_service.post_service.py - FetchPosts - < pn:5389 > - 请求失败
2026-04-14 14:13:55,876 - ERROR - post_service.post_service.py - FetchPosts - < pn:1946 > - 请求失败
2026-04-14 14:13:55,895 - ERROR - post_service.post_service.py - FetchPosts - < pn:8921 > - 请求失败
2026-04-14 14:13:57,399 - ERROR - post_service.post_service.py - FetchPosts - < pn:8924 > - 请求失败
2026-04-14 14:13:57,439 - ERROR - post_service.post_service.py - FetchPosts - < pn:1949 > - 请求失败
2026-04-14 14:13:57,553 - ERROR - post_service.post_service.py - FetchPosts - < pn:8925 > - 请求失败
2026-04-14 14:13:57,600 - ERROR - post_service.post_service.py - FetchPosts - < pn:1950 > - 请求失败
2026-04-14 14:13:58,604 - ERROR - post_service.post_service.py - FetchPosts - < pn:1952 > - 请求失败
2026-04-14 14:13:58,634 - ERROR - post_service.post_service.py - FetchPosts - < pn:8927 > - 请求失败
2026-04-14 14:13:58,789 - ERROR - post_service.post_service.py - FetchPosts - < pn:1953 > - 请求失败
2026-04-14 14:13:59,564 - ERROR - post_service.post_service.py - FetchPosts - < pn:5394 > - 请求失败
2026-04-14 14:13:59,610 - ERROR - post_service.post_service.py - FetchPosts - < pn:1955 > - 请求失败
2026-04-14 14:14:01,010 - ERROR - post_service.post_service.py - FetchPosts - < pn:1957 > - 请求失败
2026-04-14 14:14:01,013 - ERROR - post_service.post_service.py - FetchPosts - < pn:5397 > - 请求失败
2026-04-14 14:14:01,239 - ERROR - post_service.post_service.py - FetchPosts - < pn:1958 > - 请求失败
2026-04-14 14:14:01,260 - ERROR - post_service.post_service.py - FetchPosts - < pn:5398 > - 请求失败
2026-04-14 14:14:01,287 - ERROR - post_service.post_service.py - FetchPosts - < pn:8932 > - 请求失败
2026-04-14 14:14:01,422 - ERROR - post_service.post_service.py - FetchPosts - < pn:5399 > - 请求失败
2026-04-14 14:14:02,218 - ERROR - post_service.post_service.py - FetchPosts - < pn:8934 > - 请求失败
2026-04-14 14:14:03,057 - ERROR - post_service.post_service.py - FetchPosts - < pn:5402 > - 请求失败
2026-04-14 14:14:03,232 - ERROR - post_service.post_service.py - FetchPosts - < pn:5403 > - 请求失败
2026-04-14 14:14:03,321 - ERROR - post_service.post_service.py - FetchPosts - < pn:1960 > - 请求失败
2026-04-14 14:14:03,550 - ERROR - post_service.post_service.py - FetchPosts - < pn:1961 > - 请求失败
2026-04-14 14:14:04,458 - ERROR - post_service.post_service.py - FetchPosts - < pn:8937 > - 请求失败
2026-04-14 14:14:04,526 - ERROR - post_service.post_service.py - FetchPosts - < pn:1963 > - 请求失败
2026-04-14 14:14:04,679 - ERROR - post_service.post_service.py - FetchPosts - < pn:8938 > - 请求失败
2026-04-14 14:14:04,701 - ERROR - post_service.post_service.py - FetchPosts - < pn:1964 > - 请求失败
2026-04-14 14:14:04,854 - ERROR - post_service.post_service.py - FetchPosts - < pn:8939 > - 请求失败
2026-04-14 14:14:04,872 - ERROR - post_service.post_service.py - FetchPosts - < pn:1965 > - 请求失败
2026-04-14 14:14:05,026 - ERROR - post_service.post_service.py - FetchPosts - < pn:8940 > - 请求失败
2026-04-14 14:14:05,045 - ERROR - post_service.post_service.py - FetchPosts - < pn:1966 > - 请求失败
2026-04-14 14:14:05,196 - ERROR - post_service.post_service.py - FetchPosts - < pn:8941 > - 请求失败
2026-04-14 14:14:05,212 - ERROR - post_service.post_service.py - FetchPosts - < pn:1967 > - 请求失败
2026-04-14 14:14:05,378 - ERROR - post_service.post_service.py - FetchPosts - < pn:1968 > - 请求失败
2026-04-14 14:14:06,009 - ERROR - post_service.post_service.py - FetchPosts - < pn:8943 > - 请求失败
2026-04-14 14:14:06,211 - ERROR - post_service.post_service.py - FetchPosts - < pn:8944 > - 请求失败
2026-04-14 14:14:06,478 - ERROR - post_service.post_service.py - FetchPosts - < pn:8945 > - 请求失败
2026-04-14 14:14:06,706 - ERROR - post_service.post_service.py - FetchPosts - < pn:8946 > - 请求失败
2026-04-14 14:14:07,520 - ERROR - post_service.post_service.py - FetchPosts - < pn:8948 > - 请求失败
2026-04-14 14:14:07,684 - ERROR - post_service.post_service.py - FetchPosts - < pn:8949 > - 请求失败
2026-04-14 14:14:08,144 - ERROR - post_service.post_service.py - FetchPosts - < pn:1973 > - 请求失败
2026-04-14 14:14:08,222 - ERROR - post_service.post_service.py - FetchPosts - < pn:5409 > - 请求失败
2026-04-14 14:14:08,317 - ERROR - post_service.post_service.py - FetchPosts - < pn:1974 > - 请求失败
2026-04-14 14:14:08,470 - ERROR - post_service.post_service.py - FetchPosts - < pn:1975 > - 请求失败
2026-04-14 14:14:08,651 - ERROR - post_service.post_service.py - FetchPosts - < pn:1976 > - 请求失败
2026-04-14 14:14:09,780 - ERROR - post_service.post_service.py - FetchPosts - < pn:5412 > - 请求失败
2026-04-14 14:14:09,909 - ERROR - post_service.post_service.py - FetchPosts - < pn:8952 > - 请求失败
2026-04-14 14:14:10,709 - ERROR - post_service.post_service.py - FetchPosts - < pn:8954 > - 请求失败
2026-04-14 14:14:10,967 - ERROR - post_service.post_service.py - FetchPosts - < pn:1979 > - 请求失败
2026-04-14 14:14:10,974 - ERROR - post_service.post_service.py - FetchPosts - < pn:8955 > - 请求失败
2026-04-14 14:14:11,143 - ERROR - post_service.post_service.py - FetchPosts - < pn:8956 > - 请求失败
2026-04-14 14:14:11,758 - ERROR - post_service.post_service.py - FetchPosts - < pn:5415 > - 请求失败
2026-04-14 14:14:11,947 - ERROR - post_service.post_service.py - FetchPosts - < pn:8958 > - 请求失败
2026-04-14 14:14:13,247 - ERROR - post_service.post_service.py - FetchPosts - < pn:8960 > - 请求失败
2026-04-14 14:14:13,600 - ERROR - post_service.post_service.py - FetchPosts - < pn:8961 > - 请求失败
2026-04-14 14:14:13,628 - ERROR - post_service.post_service.py - FetchPosts - < pn:5418 > - 请求失败
2026-04-14 14:14:13,637 - ERROR - post_service.post_service.py - FetchPosts - < pn:1984 > - 请求失败
2026-04-14 14:14:13,797 - ERROR - post_service.post_service.py - FetchPosts - < pn:5419 > - 请求失败
2026-04-14 14:14:13,955 - ERROR - post_service.post_service.py - FetchPosts - < pn:5420 > - 请求失败
2026-04-14 14:14:14,666 - ERROR - post_service.post_service.py - FetchPosts - < pn:8963 > - 请求失败
2026-04-14 14:14:14,743 - ERROR - post_service.post_service.py - FetchPosts - < pn:5422 > - 请求失败
2026-04-14 14:14:14,901 - ERROR - post_service.post_service.py - FetchPosts - < pn:5423 > - 请求失败
2026-04-14 14:14:15,470 - ERROR - post_service.post_service.py - FetchPosts - < pn:8965 > - 请求失败
2026-04-14 14:14:15,826 - ERROR - post_service.post_service.py - FetchPosts - < pn:8966 > - 请求失败
2026-04-14 14:14:16,001 - ERROR - post_service.post_service.py - FetchPosts - < pn:8967 > - 请求失败
2026-04-14 14:14:16,999 - ERROR - post_service.post_service.py - FetchPosts - < pn:8969 > - 请求失败
2026-04-14 14:14:17,037 - ERROR - post_service.post_service.py - FetchPosts - < pn:5426 > - 请求失败
2026-04-14 14:14:17,233 - ERROR - post_service.post_service.py - FetchPosts - < pn:5427 > - 请求失败
2026-04-14 14:14:17,923 - ERROR - post_service.post_service.py - FetchPosts - < pn:5429 > - 请求失败
2026-04-14 14:14:18,896 - ERROR - post_service.post_service.py - FetchPosts - < pn:5431 > - 请求失败
2026-04-14 14:14:19,153 - ERROR - post_service.post_service.py - FetchPosts - < pn:1991 > - 请求失败
2026-04-14 14:14:19,163 - ERROR - post_service.post_service.py - FetchPosts - < pn:8973 > - 请求失败
2026-04-14 14:14:19,174 - ERROR - post_service.post_service.py - FetchPosts - < pn:5432 > - 请求失败
2026-04-14 14:14:19,310 - ERROR - post_service.post_service.py - FetchPosts - < pn:1992 > - 请求失败
2026-04-14 14:14:19,344 - ERROR - post_service.post_service.py - FetchPosts - < pn:8974 > - 请求失败
2026-04-14 14:14:19,487 - ERROR - post_service.post_service.py - FetchPosts - < pn:1993 > - 请求失败
2026-04-14 14:14:20,449 - ERROR - post_service.post_service.py - FetchPosts - < pn:1995 > - 请求失败
2026-04-14 14:14:20,831 - ERROR - post_service.post_service.py - FetchPosts - < pn:1996 > - 请求失败
2026-04-14 14:14:21,558 - ERROR - post_service.post_service.py - FetchPosts - < pn:1997 > - 请求失败
2026-04-14 14:14:21,577 - ERROR - post_service.post_service.py - FetchPosts - < pn:8977 > - 请求失败
2026-04-14 14:14:21,597 - ERROR - post_service.post_service.py - FetchPosts - < pn:5435 > - 请求失败
2026-04-14 14:14:21,880 - ERROR - post_service.post_service.py - FetchPosts - < pn:1998 > - 请求失败
2026-04-14 14:14:21,965 - ERROR - post_service.post_service.py - FetchPosts - < pn:8978 > - 请求失败
2026-04-14 14:14:22,373 - ERROR - post_service.post_service.py - FetchPosts - < pn:8979 > - 请求失败
2026-04-14 14:14:23,512 - ERROR - post_service.post_service.py - FetchPosts - < pn:5438 > - 请求失败
2026-04-14 14:14:23,513 - ERROR - post_service.post_service.py - FetchPosts - < pn:2000 > - 请求失败
2026-04-14 14:14:23,656 - ERROR - post_service.post_service.py - FetchPosts - < pn:8981 > - 请求失败
2026-04-14 14:14:23,682 - ERROR - post_service.post_service.py - FetchPosts - < pn:5439 > - 请求失败
2026-04-14 14:14:23,832 - ERROR - post_service.post_service.py - FetchPosts - < pn:8982 > - 请求失败
2026-04-14 14:14:23,992 - ERROR - post_service.post_service.py - FetchPosts - < pn:8983 > - 请求失败
2026-04-14 14:14:24,269 - ERROR - post_service.post_service.py - FetchPosts - < pn:8984 > - 请求失败
2026-04-14 14:14:24,948 - ERROR - post_service.post_service.py - FetchPosts - < pn:2003 > - 请求失败
2026-04-14 14:14:25,127 - ERROR - post_service.post_service.py - FetchPosts - < pn:8986 > - 请求失败
2026-04-14 14:14:25,169 - ERROR - post_service.post_service.py - FetchPosts - < pn:2004 > - 请求失败
2026-04-14 14:14:25,511 - ERROR - post_service.post_service.py - FetchPosts - < pn:5441 > - 请求失败
2026-04-14 14:14:25,956 - ERROR - post_service.post_service.py - FetchPosts - < pn:2006 > - 请求失败
2026-04-14 14:14:26,496 - ERROR - post_service.post_service.py - FetchPosts - < pn:5443 > - 请求失败
2026-04-14 14:14:27,831 - ERROR - post_service.post_service.py - FetchPosts - < pn:2009 > - 请求失败
2026-04-14 14:14:28,130 - ERROR - post_service.post_service.py - FetchPosts - < pn:2010 > - 请求失败
2026-04-14 14:14:28,380 - ERROR - post_service.post_service.py - FetchPosts - < pn:2011 > - 请求失败
2026-04-14 14:14:29,261 - ERROR - post_service.post_service.py - FetchPosts - < pn:5447 > - 请求失败
2026-04-14 14:14:29,920 - ERROR - post_service.post_service.py - FetchPosts - < pn:2014 > - 请求失败
2026-04-14 14:14:30,768 - ERROR - post_service.post_service.py - FetchPosts - < pn:5450 > - 请求失败
2026-04-14 14:14:31,033 - ERROR - post_service.post_service.py - FetchPosts - < pn:5451 > - 请求失败
2026-04-14 14:14:31,043 - ERROR - post_service.post_service.py - FetchPosts - < pn:2016 > - 请求失败
2026-04-14 14:14:31,109 - ERROR - post_service.post_service.py - FetchPosts - < pn:8994 > - 请求失败
2026-04-14 14:14:31,291 - ERROR - post_service.post_service.py - FetchPosts - < pn:8995 > - 请求失败
2026-04-14 14:14:31,453 - ERROR - post_service.post_service.py - FetchPosts - < pn:8996 > - 请求失败
2026-04-14 14:14:31,750 - ERROR - post_service.post_service.py - FetchPosts - < pn:8997 > - 请求失败
2026-04-14 14:14:31,837 - ERROR - post_service.post_service.py - FetchPosts - < pn:2018 > - 请求失败
2026-04-14 14:14:32,073 - ERROR - post_service.post_service.py - FetchPosts - < pn:2019 > - 请求失败
2026-04-14 14:14:32,147 - ERROR - post_service.post_service.py - FetchPosts - < pn:5453 > - 请求失败
2026-04-14 14:14:32,382 - ERROR - post_service.post_service.py - FetchPosts - < pn:5454 > - 请求失败
2026-04-14 14:14:32,425 - ERROR - post_service.post_service.py - FetchPosts - < pn:8999 > - 请求失败
2026-04-14 14:14:33,298 - ERROR - post_service.post_service.py - FetchPosts - < pn:5456 > - 请求失败
2026-04-14 14:14:33,582 - ERROR - post_service.post_service.py - FetchPosts - < pn:5457 > - 请求失败
2026-04-14 14:14:33,930 - ERROR - post_service.post_service.py - FetchPosts - < pn:9002 > - 请求失败
2026-04-14 14:14:34,277 - ERROR - post_service.post_service.py - FetchPosts - < pn:2022 > - 请求失败
2026-04-14 14:14:35,284 - ERROR - post_service.post_service.py - FetchPosts - < pn:9004 > - 请求失败
2026-04-14 14:14:35,323 - ERROR - post_service.post_service.py - FetchPosts - < pn:2024 > - 请求失败
2026-04-14 14:14:35,436 - ERROR - post_service.post_service.py - FetchPosts - < pn:9005 > - 请求失败
2026-04-14 14:14:36,274 - ERROR - post_service.post_service.py - FetchPosts - < pn:2026 > - 请求失败
2026-04-14 14:14:36,443 - ERROR - post_service.post_service.py - FetchPosts - < pn:2027 > - 请求失败
2026-04-14 14:14:36,625 - ERROR - post_service.post_service.py - FetchPosts - < pn:2028 > - 请求失败
2026-04-14 14:14:37,021 - ERROR - post_service.post_service.py - FetchPosts - < pn:9008 > - 请求失败
2026-04-14 14:14:37,189 - ERROR - post_service.post_service.py - FetchPosts - < pn:9009 > - 请求失败
2026-04-14 14:14:39,847 - ERROR - post_service.post_service.py - FetchPosts - < pn:2033 > - 请求失败
2026-04-14 14:14:40,086 - ERROR - post_service.post_service.py - FetchPosts - < pn:2034 > - 请求失败
2026-04-14 14:14:40,512 - ERROR - post_service.post_service.py - FetchPosts - < pn:9014 > - 请求失败
2026-04-14 14:14:40,649 - ERROR - post_service.post_service.py - FetchPosts - < pn:5466 > - 请求失败
2026-04-14 14:14:40,700 - ERROR - post_service.post_service.py - FetchPosts - < pn:9015 > - 请求失败
2026-04-14 14:14:40,979 - ERROR - post_service.post_service.py - FetchPosts - < pn:9016 > - 请求失败
2026-04-14 14:14:41,146 - ERROR - post_service.post_service.py - FetchPosts - < pn:9017 > - 请求失败
2026-04-14 14:14:41,527 - ERROR - post_service.post_service.py - FetchPosts - < pn:9018 > - 请求失败
2026-04-14 14:14:41,633 - ERROR - post_service.post_service.py - FetchPosts - < pn:2037 > - 请求失败
2026-04-14 14:14:41,637 - ERROR - post_service.post_service.py - FetchPosts - < pn:5468 > - 请求失败
2026-04-14 14:14:41,796 - ERROR - post_service.post_service.py - FetchPosts - < pn:2038 > - 请求失败
2026-04-14 14:14:41,837 - ERROR - post_service.post_service.py - FetchPosts - < pn:5469 > - 请求失败
2026-04-14 14:14:41,977 - ERROR - post_service.post_service.py - FetchPosts - < pn:2039 > - 请求失败
2026-04-14 14:14:42,008 - ERROR - post_service.post_service.py - FetchPosts - < pn:5470 > - 请求失败
2026-04-14 14:14:42,150 - ERROR - post_service.post_service.py - FetchPosts - < pn:2040 > - 请求失败
2026-04-14 14:14:42,172 - ERROR - post_service.post_service.py - FetchPosts - < pn:5471 > - 请求失败
2026-04-14 14:14:42,699 - ERROR - post_service.post_service.py - FetchPosts - < pn:9020 > - 请求失败
2026-04-14 14:14:43,156 - ERROR - post_service.post_service.py - FetchPosts - < pn:2042 > - 请求失败
2026-04-14 14:14:43,330 - ERROR - post_service.post_service.py - FetchPosts - < pn:2043 > - 请求失败
2026-04-14 14:14:43,830 - ERROR - post_service.post_service.py - FetchPosts - < pn:5474 > - 请求失败
2026-04-14 14:14:43,847 - ERROR - post_service.post_service.py - FetchPosts - < pn:9022 > - 请求失败
2026-04-14 14:14:45,887 - ERROR - post_service.post_service.py - FetchPosts - < pn:5477 > - 请求失败
2026-04-14 14:14:46,712 - ERROR - post_service.post_service.py - FetchPosts - < pn:9026 > - 请求失败
2026-04-14 14:14:46,741 - ERROR - post_service.post_service.py - FetchPosts - < pn:5479 > - 请求失败
2026-04-14 14:14:47,431 - ERROR - post_service.post_service.py - FetchPosts - < pn:2049 > - 请求失败
2026-04-14 14:14:47,483 - ERROR - post_service.post_service.py - FetchPosts - < pn:9028 > - 请求失败
2026-04-14 14:14:47,713 - ERROR - post_service.post_service.py - FetchPosts - < pn:2050 > - 请求失败
2026-04-14 14:14:47,755 - ERROR - post_service.post_service.py - FetchPosts - < pn:9029 > - 请求失败
2026-04-14 14:14:47,886 - ERROR - post_service.post_service.py - FetchPosts - < pn:2051 > - 请求失败
2026-04-14 14:14:48,066 - ERROR - post_service.post_service.py - FetchPosts - < pn:2052 > - 请求失败
2026-04-14 14:14:49,663 - ERROR - post_service.post_service.py - FetchPosts - < pn:2055 > - 请求失败
2026-04-14 14:14:49,898 - ERROR - post_service.post_service.py - FetchPosts - < pn:2056 > - 请求失败
2026-04-14 14:14:50,395 - ERROR - post_service.post_service.py - FetchPosts - < pn:5484 > - 请求失败
2026-04-14 14:14:50,791 - ERROR - post_service.post_service.py - FetchPosts - < pn:2058 > - 请求失败
2026-04-14 14:14:51,236 - ERROR - post_service.post_service.py - FetchPosts - < pn:9034 > - 请求失败
2026-04-14 14:14:51,454 - ERROR - post_service.post_service.py - FetchPosts - < pn:9035 > - 请求失败
2026-04-14 14:14:51,886 - ERROR - post_service.post_service.py - FetchPosts - < pn:9036 > - 请求失败
2026-04-14 14:14:51,941 - ERROR - post_service.post_service.py - FetchPosts - < pn:2060 > - 请求失败
2026-04-14 14:14:52,130 - ERROR - post_service.post_service.py - FetchPosts - < pn:9037 > - 请求失败
2026-04-14 14:14:52,157 - ERROR - post_service.post_service.py - FetchPosts - < pn:2061 > - 请求失败
2026-04-14 14:14:52,372 - ERROR - post_service.post_service.py - FetchPosts - < pn:9038 > - 请求失败
2026-04-14 14:14:52,497 - ERROR - post_service.post_service.py - FetchPosts - < pn:2062 > - 请求失败
2026-04-14 14:14:52,666 - ERROR - post_service.post_service.py - FetchPosts - < pn:9039 > - 请求失败
2026-04-14 14:14:52,675 - ERROR - post_service.post_service.py - FetchPosts - < pn:5488 > - 请求失败
2026-04-14 14:14:52,693 - ERROR - post_service.post_service.py - FetchPosts - < pn:2063 > - 请求失败
2026-04-14 14:14:52,834 - ERROR - post_service.post_service.py - FetchPosts - < pn:9040 > - 请求失败
2026-04-14 14:14:52,834 - ERROR - post_service.post_service.py - FetchPosts - < pn:5489 > - 请求失败
2026-04-14 14:14:52,868 - ERROR - post_service.post_service.py - FetchPosts - < pn:2064 > - 请求失败
2026-04-14 14:14:53,009 - ERROR - post_service.post_service.py - FetchPosts - < pn:9041 > - 请求失败
2026-04-14 14:14:53,046 - ERROR - post_service.post_service.py - FetchPosts - < pn:2065 > - 请求失败
2026-04-14 14:14:53,218 - ERROR - post_service.post_service.py - FetchPosts - < pn:2066 > - 请求失败
2026-04-14 14:14:54,304 - ERROR - post_service.post_service.py - FetchPosts - < pn:2068 > - 请求失败
2026-04-14 14:14:55,500 - ERROR - post_service.post_service.py - FetchPosts - < pn:9045 > - 请求失败
2026-04-14 14:14:56,173 - ERROR - post_service.post_service.py - FetchPosts - < pn:5494 > - 请求失败
2026-04-14 14:14:56,483 - ERROR - post_service.post_service.py - FetchPosts - < pn:5495 > - 请求失败
2026-04-14 14:14:56,925 - ERROR - post_service.post_service.py - FetchPosts - < pn:9048 > - 请求失败
2026-04-14 14:14:57,345 - ERROR - post_service.post_service.py - FetchPosts - < pn:2073 > - 请求失败
2026-04-14 14:14:57,411 - ERROR - post_service.post_service.py - FetchPosts - < pn:5497 > - 请求失败
2026-04-14 14:14:57,608 - ERROR - post_service.post_service.py - FetchPosts - < pn:5498 > - 请求失败
2026-04-14 14:14:57,719 - ERROR - post_service.post_service.py - FetchPosts - < pn:9050 > - 请求失败
2026-04-14 14:14:57,848 - ERROR - post_service.post_service.py - FetchPosts - < pn:5499 > - 请求失败
2026-04-14 14:14:57,887 - ERROR - post_service.post_service.py - FetchPosts - < pn:9051 > - 请求失败
2026-04-14 14:14:58,015 - ERROR - post_service.post_service.py - FetchPosts - < pn:5500 > - 请求失败
2026-04-14 14:14:58,185 - ERROR - post_service.post_service.py - FetchPosts - < pn:5501 > - 请求失败
2026-04-14 14:14:58,476 - ERROR - post_service.post_service.py - FetchPosts - < pn:5502 > - 请求失败
2026-04-14 14:14:58,638 - ERROR - post_service.post_service.py - FetchPosts - < pn:5503 > - 请求失败
2026-04-14 14:14:58,951 - ERROR - post_service.post_service.py - FetchPosts - < pn:5504 > - 请求失败
2026-04-14 14:14:59,146 - ERROR - post_service.post_service.py - FetchPosts - < pn:9053 > - 请求失败
2026-04-14 14:14:59,179 - ERROR - post_service.post_service.py - FetchPosts - < pn:5505 > - 请求失败
2026-04-14 14:14:59,312 - ERROR - post_service.post_service.py - FetchPosts - < pn:9054 > - 请求失败
2026-04-14 14:14:59,480 - ERROR - post_service.post_service.py - FetchPosts - < pn:9055 > - 请求失败
2026-04-14 14:15:00,348 - ERROR - post_service.post_service.py - FetchPosts - < pn:5507 > - 请求失败
2026-04-14 14:15:00,692 - ERROR - post_service.post_service.py - FetchPosts - < pn:5508 > - 请求失败
2026-04-14 14:15:01,699 - ERROR - post_service.post_service.py - FetchPosts - < pn:5510 > - 请求失败
2026-04-14 14:15:01,883 - ERROR - post_service.post_service.py - FetchPosts - < pn:5511 > - 请求失败
2026-04-14 14:15:02,226 - ERROR - post_service.post_service.py - FetchPosts - < pn:5512 > - 请求失败
2026-04-14 14:15:02,227 - ERROR - post_service.post_service.py - FetchPosts - < pn:9060 > - 请求失败
2026-04-14 14:15:02,397 - ERROR - post_service.post_service.py - FetchPosts - < pn:9061 > - 请求失败
2026-04-14 14:15:02,424 - ERROR - post_service.post_service.py - FetchPosts - < pn:2080 > - 请求失败
2026-04-14 14:15:02,599 - ERROR - post_service.post_service.py - FetchPosts - < pn:2081 > - 请求失败
2026-04-14 14:15:02,768 - ERROR - post_service.post_service.py - FetchPosts - < pn:2082 > - 请求失败
2026-04-14 14:15:03,045 - ERROR - post_service.post_service.py - FetchPosts - < pn:5514 > - 请求失败
2026-04-14 14:15:03,182 - ERROR - post_service.post_service.py - FetchPosts - < pn:2083 > - 请求失败
2026-04-14 14:15:03,337 - ERROR - post_service.post_service.py - FetchPosts - < pn:5515 > - 请求失败
2026-04-14 14:15:03,502 - ERROR - post_service.post_service.py - FetchPosts - < pn:5516 > - 请求失败
2026-04-14 14:15:03,513 - ERROR - post_service.post_service.py - FetchPosts - < pn:9063 > - 请求失败
2026-04-14 14:15:03,674 - ERROR - post_service.post_service.py - FetchPosts - < pn:5517 > - 请求失败
2026-04-14 14:15:03,698 - ERROR - post_service.post_service.py - FetchPosts - < pn:9064 > - 请求失败
2026-04-14 14:15:03,855 - ERROR - post_service.post_service.py - FetchPosts - < pn:2085 > - 请求失败
2026-04-14 14:15:03,863 - ERROR - post_service.post_service.py - FetchPosts - < pn:9065 > - 请求失败
2026-04-14 14:15:04,036 - ERROR - post_service.post_service.py - FetchPosts - < pn:2086 > - 请求失败
2026-04-14 14:15:04,741 - ERROR - post_service.post_service.py - FetchPosts - < pn:9067 > - 请求失败
2026-04-14 14:15:05,035 - ERROR - post_service.post_service.py - FetchPosts - < pn:2088 > - 请求失败
2026-04-14 14:15:05,212 - ERROR - post_service.post_service.py - FetchPosts - < pn:2089 > - 请求失败
2026-04-14 14:15:05,782 - ERROR - post_service.post_service.py - FetchPosts - < pn:9069 > - 请求失败
2026-04-14 14:15:05,896 - ERROR - post_service.post_service.py - FetchPosts - < pn:2091 > - 请求失败
2026-04-14 14:15:05,899 - ERROR - content_service.content_service.py - Content-VideoFrag - < floor:0, pid:150787104019, pn:1, ppid:150665456140, ppn:4 > - Failed to download https://tiebac.baidu.com/c/p/voice?voice_md5=0388c5d084d27db2b675f3dfa95d1da9_4917850669&play_from=pb_voice_play after 3 attempts
2026-04-14 14:15:06,168 - ERROR - post_service.post_service.py - FetchPosts - < pn:2092 > - 请求失败
2026-04-14 14:15:06,461 - ERROR - post_service.post_service.py - FetchPosts - < pn:2093 > - 请求失败
2026-04-14 14:15:06,597 - ERROR - post_service.post_service.py - FetchPosts - < pn:5521 > - 请求失败
2026-04-14 14:15:06,760 - ERROR - post_service.post_service.py - FetchPosts - < pn:5522 > - 请求失败
2026-04-14 14:15:07,135 - ERROR - post_service.post_service.py - FetchPosts - < pn:9071 > - 请求失败
2026-04-14 14:15:08,348 - ERROR - post_service.post_service.py - FetchPosts - < pn:9073 > - 请求失败
2026-04-14 14:15:08,506 - ERROR - post_service.post_service.py - FetchPosts - < pn:9074 > - 请求失败
2026-04-14 14:15:09,069 - ERROR - post_service.post_service.py - FetchPosts - < pn:5526 > - 请求失败
2026-04-14 14:15:09,750 - ERROR - post_service.post_service.py - FetchPosts - < pn:9076 > - 请求失败
2026-04-14 14:15:09,886 - ERROR - post_service.post_service.py - FetchPosts - < pn:2098 > - 请求失败
2026-04-14 14:15:10,048 - ERROR - post_service.post_service.py - FetchPosts - < pn:2099 > - 请求失败
2026-04-14 14:15:10,213 - ERROR - post_service.post_service.py - FetchPosts - < pn:2100 > - 请求失败
2026-04-14 14:15:10,465 - ERROR - post_service.post_service.py - FetchPosts - < pn:2101 > - 请求失败
2026-04-14 14:15:11,664 - ERROR - post_service.post_service.py - FetchPosts - < pn:5530 > - 请求失败
2026-04-14 14:15:11,796 - ERROR - post_service.post_service.py - FetchPosts - < pn:9080 > - 请求失败
2026-04-14 14:15:11,872 - ERROR - post_service.post_service.py - FetchPosts - < pn:5531 > - 请求失败
2026-04-14 14:15:12,092 - ERROR - post_service.post_service.py - FetchPosts - < pn:2104 > - 请求失败
2026-04-14 14:15:12,150 - ERROR - post_service.post_service.py - FetchPosts - < pn:5532 > - 请求失败
2026-04-14 14:15:12,274 - ERROR - post_service.post_service.py - FetchPosts - < pn:2105 > - 请求失败
2026-04-14 14:15:12,323 - ERROR - post_service.post_service.py - FetchPosts - < pn:5533 > - 请求失败
2026-04-14 14:15:12,448 - ERROR - post_service.post_service.py - FetchPosts - < pn:2106 > - 请求失败
2026-04-14 14:15:12,484 - ERROR - post_service.post_service.py - FetchPosts - < pn:5534 > - 请求失败
2026-04-14 14:15:12,610 - ERROR - post_service.post_service.py - FetchPosts - < pn:2107 > - 请求失败
2026-04-14 14:15:12,778 - ERROR - post_service.post_service.py - FetchPosts - < pn:2108 > - 请求失败
2026-04-14 14:15:13,091 - ERROR - post_service.post_service.py - FetchPosts - < pn:2109 > - 请求失败
2026-04-14 14:15:13,258 - ERROR - post_service.post_service.py - FetchPosts - < pn:2110 > - 请求失败
2026-04-14 14:15:14,148 - ERROR - post_service.post_service.py - FetchPosts - < pn:5536 > - 请求失败
2026-04-14 14:15:14,346 - ERROR - post_service.post_service.py - FetchPosts - < pn:5537 > - 请求失败
2026-04-14 14:15:14,517 - ERROR - post_service.post_service.py - FetchPosts - < pn:5538 > - 请求失败
2026-04-14 14:15:14,866 - ERROR - post_service.post_service.py - FetchPosts - < pn:5539 > - 请求失败
2026-04-14 14:15:14,873 - ERROR - post_service.post_service.py - FetchPosts - < pn:2112 > - 请求失败
2026-04-14 14:15:15,013 - ERROR - post_service.post_service.py - FetchPosts - < pn:5540 > - 请求失败
2026-04-14 14:15:15,308 - ERROR - post_service.post_service.py - FetchPosts - < pn:5541 > - 请求失败
2026-04-14 14:15:15,548 - ERROR - post_service.post_service.py - FetchPosts - < pn:5542 > - 请求失败
2026-04-14 14:15:15,553 - ERROR - post_service.post_service.py - FetchPosts - < pn:9085 > - 请求失败
2026-04-14 14:15:15,712 - ERROR - post_service.post_service.py - FetchPosts - < pn:5543 > - 请求失败
2026-04-14 14:15:16,499 - ERROR - post_service.post_service.py - FetchPosts - < pn:9087 > - 请求失败
2026-04-14 14:15:16,661 - ERROR - post_service.post_service.py - FetchPosts - < pn:9088 > - 请求失败
2026-04-14 14:15:16,826 - ERROR - post_service.post_service.py - FetchPosts - < pn:9089 > - 请求失败
2026-04-14 14:15:17,211 - ERROR - post_service.post_service.py - FetchPosts - < pn:9090 > - 请求失败
2026-04-14 14:15:17,410 - ERROR - post_service.post_service.py - FetchPosts - < pn:9091 > - 请求失败
2026-04-14 14:15:17,586 - ERROR - post_service.post_service.py - FetchPosts - < pn:9092 > - 请求失败
2026-04-14 14:15:17,887 - ERROR - post_service.post_service.py - FetchPosts - < pn:9093 > - 请求失败
2026-04-14 14:15:18,168 - ERROR - post_service.post_service.py - FetchPosts - < pn:5547 > - 请求失败
2026-04-14 14:15:18,543 - ERROR - post_service.post_service.py - FetchPosts - < pn:2118 > - 请求失败
2026-04-14 14:15:18,700 - ERROR - post_service.post_service.py - FetchPosts - < pn:2119 > - 请求失败
2026-04-14 14:15:18,902 - ERROR - content_service.content_service.py - Content-VideoFrag - < floor:0, pid:150753995124, pn:2, ppid:150674514382, ppn:5 > - Failed to download https://tiebac.baidu.com/c/p/voice?voice_md5=dc03ab0307d4af36f5ae381dc6ac7447_3573807356&play_from=pb_voice_play after 3 attempts
2026-04-14 14:15:19,818 - ERROR - post_service.post_service.py - FetchPosts - < pn:2121 > - 请求失败
2026-04-14 14:15:20,015 - ERROR - post_service.post_service.py - FetchPosts - < pn:9096 > - 请求失败
2026-04-14 14:15:21,217 - ERROR - post_service.post_service.py - FetchPosts - < pn:5551 > - 请求失败
2026-04-14 14:15:21,968 - ERROR - content_service.content_service.py - Content-VideoFrag - < floor:0, pid:150741537898, pn:1, ppid:150644138106, ppn:2 > - Failed to download https://tiebac.baidu.com/c/p/voice?voice_md5=77af97f11a0bee61efb03a9757d5b2fe_592484849&play_from=pb_voice_play after 3 attempts
2026-04-14 14:15:21,991 - ERROR - content_service.content_service.py - Content-VideoFrag - < floor:0, pid:150765140461, pn:2, ppid:150644138106, ppn:2 > - Failed to download https://tiebac.baidu.com/c/p/voice?voice_md5=3ad0a653152381a62408888db0dc13bb_3427952826&play_from=pb_voice_play after 3 attempts
2026-04-14 14:15:22,207 - ERROR - post_service.post_service.py - FetchPosts - < pn:9099 > - 请求失败
2026-04-14 14:15:22,503 - ERROR - post_service.post_service.py - FetchPosts - < pn:9100 > - 请求失败
2026-04-14 14:15:22,900 - ERROR - content_service.content_service.py - Content-VideoFrag - < floor:0, pid:150766509644, pn:3, ppid:150644138106, ppn:2 > - Failed to download https://tiebac.baidu.com/c/p/voice?voice_md5=64a038e2df366dffdc9444ee73f0c8e7_2037983407&play_from=pb_voice_play after 3 attempts
2026-04-14 14:15:22,903 - ERROR - content_service.content_service.py - Content-VideoFrag - < floor:0, pid:151915620699, pn:4, ppid:150644138106, ppn:2 > - Failed to download https://tiebac.baidu.com/c/p/voice?voice_md5=bef556b681f6b45e5eb68199ec8e42df_6791200401&play_from=pb_voice_play after 3 attempts
2026-04-14 14:15:23,185 - ERROR - post_service.post_service.py - FetchPosts - < pn:2125 > - 请求失败
2026-04-14 14:15:24,002 - ERROR - post_service.post_service.py - FetchPosts - < pn:9103 > - 请求失败
2026-04-14 14:15:24,063 - ERROR - post_service.post_service.py - FetchPosts - < pn:2127 > - 请求失败
2026-04-14 14:15:25,121 - ERROR - post_service.post_service.py - FetchPosts - < pn:9105 > - 请求失败
2026-04-14 14:15:25,127 - ERROR - post_service.post_service.py - FetchPosts - < pn:5556 > - 请求失败
2026-04-14 14:15:25,874 - ERROR - post_service.post_service.py - FetchPosts - < pn:2130 > - 请求失败
2026-04-14 14:15:26,114 - ERROR - post_service.post_service.py - FetchPosts - < pn:5558 > - 请求失败
2026-04-14 14:15:26,155 - ERROR - post_service.post_service.py - FetchPosts - < pn:2131 > - 请求失败
2026-04-14 14:15:26,366 - ERROR - post_service.post_service.py - FetchPosts - < pn:5559 > - 请求失败
2026-04-14 14:15:27,098 - ERROR - post_service.post_service.py - FetchPosts - < pn:2133 > - 请求失败
2026-04-14 14:15:27,206 - ERROR - post_service.post_service.py - FetchPosts - < pn:5561 > - 请求失败
2026-04-14 14:15:27,422 - ERROR - post_service.post_service.py - FetchPosts - < pn:2134 > - 请求失败
2026-04-14 14:15:27,593 - ERROR - post_service.post_service.py - FetchPosts - < pn:2135 > - 请求失败
2026-04-14 14:15:27,901 - ERROR - content_service.content_service.py - Content-VideoFrag - < floor:0, pid:150767649483, pn:2, ppid:150655666249, ppn:3 > - Failed to download https://tiebac.baidu.com/c/p/voice?voice_md5=ae45feab8324a5f3920af32b1a040716_4329158784&play_from=pb_voice_play after 3 attempts
2026-04-14 14:15:28,249 - ERROR - post_service.post_service.py - FetchPosts - < pn:5563 > - 请求失败
2026-04-14 14:15:28,319 - ERROR - post_service.post_service.py - FetchPosts - < pn:2137 > - 请求失败
2026-04-14 14:15:31,126 - ERROR - post_service.post_service.py - FetchPosts - < pn:2141 > - 请求失败
2026-04-14 14:15:31,294 - ERROR - post_service.post_service.py - FetchPosts - < pn:2142 > - 请求失败
2026-04-14 14:15:32,252 - ERROR - post_service.post_service.py - FetchPosts - < pn:2144 > - 请求失败
2026-04-14 14:15:32,254 - ERROR - post_service.post_service.py - FetchPosts - < pn:9114 > - 请求失败
2026-04-14 14:15:32,428 - ERROR - post_service.post_service.py - FetchPosts - < pn:2145 > - 请求失败
2026-04-14 14:15:32,430 - ERROR - post_service.post_service.py - FetchPosts - < pn:9115 > - 请求失败
2026-04-14 14:15:33,211 - ERROR - post_service.post_service.py - FetchPosts - < pn:2147 > - 请求失败
2026-04-14 14:15:33,605 - ERROR - post_service.post_service.py - FetchPosts - < pn:9117 > - 请求失败
2026-04-14 14:15:33,950 - ERROR - post_service.post_service.py - FetchPosts - < pn:2149 > - 请求失败
2026-04-14 14:15:35,240 - ERROR - post_service.post_service.py - FetchPosts - < pn:9119 > - 请求失败
2026-04-14 14:15:35,428 - ERROR - post_service.post_service.py - FetchPosts - < pn:9120 > - 请求失败
2026-04-14 14:15:35,958 - ERROR - post_service.post_service.py - FetchPosts - < pn:2152 > - 请求失败
2026-04-14 14:15:36,671 - ERROR - post_service.post_service.py - FetchPosts - < pn:5575 > - 请求失败
2026-04-14 14:15:37,009 - ERROR - post_service.post_service.py - FetchPosts - < pn:5576 > - 请求失败
2026-04-14 14:15:37,054 - ERROR - post_service.post_service.py - FetchPosts - < pn:9123 > - 请求失败
2026-04-14 14:15:37,164 - ERROR - post_service.post_service.py - FetchPosts - < pn:5577 > - 请求失败
2026-04-14 14:15:37,222 - ERROR - post_service.post_service.py - FetchPosts - < pn:9124 > - 请求失败
2026-04-14 14:15:37,398 - ERROR - post_service.post_service.py - FetchPosts - < pn:5578 > - 请求失败
2026-04-14 14:15:37,523 - ERROR - post_service.post_service.py - FetchPosts - < pn:2155 > - 请求失败
2026-04-14 14:15:37,561 - ERROR - post_service.post_service.py - FetchPosts - < pn:5579 > - 请求失败
2026-04-14 14:15:37,714 - ERROR - post_service.post_service.py - FetchPosts - < pn:2156 > - 请求失败
2026-04-14 14:15:37,861 - ERROR - post_service.post_service.py - FetchPosts - < pn:2157 > - 请求失败
2026-04-14 14:15:38,035 - ERROR - post_service.post_service.py - FetchPosts - < pn:2158 > - 请求失败
2026-04-14 14:15:38,759 - ERROR - post_service.post_service.py - FetchPosts - < pn:5581 > - 请求失败
2026-04-14 14:15:39,560 - ERROR - post_service.post_service.py - FetchPosts - < pn:5583 > - 请求失败
2026-04-14 14:15:39,806 - ERROR - post_service.post_service.py - FetchPosts - < pn:5584 > - 请求失败
2026-04-14 14:15:40,040 - ERROR - post_service.post_service.py - FetchPosts - < pn:2162 > - 请求失败
2026-04-14 14:15:40,750 - ERROR - post_service.post_service.py - FetchPosts - < pn:9130 > - 请求失败
2026-04-14 14:15:41,186 - ERROR - post_service.post_service.py - FetchPosts - < pn:2164 > - 请求失败
2026-04-14 14:15:41,369 - ERROR - post_service.post_service.py - FetchPosts - < pn:2165 > - 请求失败
2026-04-14 14:15:41,548 - ERROR - post_service.post_service.py - FetchPosts - < pn:2166 > - 请求失败
2026-04-14 14:15:41,979 - ERROR - post_service.post_service.py - FetchPosts - < pn:9132 > - 请求失败
2026-04-14 14:15:42,141 - ERROR - post_service.post_service.py - FetchPosts - < pn:9133 > - 请求失败
2026-04-14 14:15:42,667 - ERROR - post_service.post_service.py - FetchPosts - < pn:5589 > - 请求失败
2026-04-14 14:15:42,992 - ERROR - post_service.post_service.py - FetchPosts - < pn:5590 > - 请求失败
2026-04-14 14:15:43,152 - ERROR - post_service.post_service.py - FetchPosts - < pn:5591 > - 请求失败
2026-04-14 14:15:43,557 - ERROR - post_service.post_service.py - FetchPosts - < pn:9136 > - 请求失败
2026-04-14 14:15:43,641 - ERROR - post_service.post_service.py - FetchPosts - < pn:2169 > - 请求失败
2026-04-14 14:15:44,832 - ERROR - post_service.post_service.py - FetchPosts - < pn:9138 > - 请求失败
2026-04-14 14:15:45,723 - ERROR - post_service.post_service.py - FetchPosts - < pn:5595 > - 请求失败
2026-04-14 14:15:45,910 - ERROR - post_service.post_service.py - FetchPosts - < pn:9140 > - 请求失败
2026-04-14 14:15:45,968 - ERROR - post_service.post_service.py - FetchPosts - < pn:2172 > - 请求失败
2026-04-14 14:15:46,066 - ERROR - post_service.post_service.py - FetchPosts - < pn:9141 > - 请求失败
2026-04-14 14:15:46,126 - ERROR - post_service.post_service.py - FetchPosts - < pn:2173 > - 请求失败
2026-04-14 14:15:46,304 - ERROR - post_service.post_service.py - FetchPosts - < pn:2174 > - 请求失败
2026-04-14 14:15:46,452 - ERROR - post_service.post_service.py - FetchPosts - < pn:2175 > - 请求失败
2026-04-14 14:15:46,612 - ERROR - post_service.post_service.py - FetchPosts - < pn:2176 > - 请求失败
2026-04-14 14:15:47,084 - ERROR - post_service.post_service.py - FetchPosts - < pn:9143 > - 请求失败
2026-04-14 14:15:47,103 - ERROR - post_service.post_service.py - FetchPosts - < pn:5597 > - 请求失败
2026-04-14 14:15:47,281 - ERROR - post_service.post_service.py - FetchPosts - < pn:9144 > - 请求失败
2026-04-14 14:15:47,285 - ERROR - post_service.post_service.py - FetchPosts - < pn:5598 > - 请求失败
2026-04-14 14:15:47,578 - ERROR - post_service.post_service.py - FetchPosts - < pn:5599 > - 请求失败
2026-04-14 14:15:49,053 - ERROR - post_service.post_service.py - FetchPosts - < pn:2180 > - 请求失败
2026-04-14 14:15:49,226 - ERROR - post_service.post_service.py - FetchPosts - < pn:2181 > - 请求失败
2026-04-14 14:15:50,406 - ERROR - post_service.post_service.py - FetchPosts - < pn:9149 > - 请求失败
2026-04-14 14:15:50,568 - ERROR - post_service.post_service.py - FetchPosts - < pn:9150 > - 请求失败
2026-04-14 14:15:51,620 - ERROR - post_service.post_service.py - FetchPosts - < pn:5605 > - 请求失败
2026-04-14 14:15:51,869 - ERROR - post_service.post_service.py - FetchPosts - < pn:5606 > - 请求失败
2026-04-14 14:15:51,870 - ERROR - post_service.post_service.py - SavePost - < floor:70029, pid:153317195119, pn:2183 > - UNIQUE constraint failed: post.id
2026-04-14 14:15:51,870 - ERROR - post_service.post_service.py - SavePost - < floor:70030, pid:153317195125, pn:2183 > - UNIQUE constraint failed: post.id
2026-04-14 14:15:51,870 - ERROR - post_service.post_service.py - SavePost - < floor:70031, pid:153317195459, pn:2183 > - UNIQUE constraint failed: post.id
2026-04-14 14:15:51,870 - ERROR - post_service.post_service.py - SavePost - < floor:70032, pid:153317196897, pn:2183 > - UNIQUE constraint failed: post.id
2026-04-14 14:15:51,871 - ERROR - post_service.post_service.py - SavePost - < floor:70033, pid:153317197190, pn:2183 > - UNIQUE constraint failed: post.id
2026-04-14 14:15:51,871 - ERROR - post_service.post_service.py - SavePost - < floor:70034, pid:153317198253, pn:2183 > - UNIQUE constraint failed: post.id
2026-04-14 14:15:51,871 - ERROR - post_service.post_service.py - SavePost - < floor:70035, pid:153317200337, pn:2183 > - UNIQUE constraint failed: post.id
2026-04-14 14:15:51,871 - ERROR - post_service.post_service.py - SavePost - < floor:70036, pid:153317202256, pn:2183 > - UNIQUE constraint failed: post.id
2026-04-14 14:15:51,871 - ERROR - post_service.post_service.py - SavePost - < floor:70037, pid:153317203479, pn:2183 > - UNIQUE constraint failed: post.id
2026-04-14 14:15:51,871 - ERROR - post_service.post_service.py - SavePost - < floor:70038, pid:153317203509, pn:2183 > - UNIQUE constraint failed: post.id
2026-04-14 14:15:51,872 - ERROR - post_service.post_service.py - SavePost - < floor:70039, pid:153317203967, pn:2183 > - UNIQUE constraint failed: post.id
2026-04-14 14:15:51,872 - ERROR - post_service.post_service.py - SavePost - < floor:70040, pid:153317204335, pn:2183 > - UNIQUE constraint failed: post.id
2026-04-14 14:15:51,872 - ERROR - post_service.post_service.py - SavePost - < floor:70041, pid:153317206688, pn:2183 > - UNIQUE constraint failed: post.id
2026-04-14 14:15:52,101 - ERROR - post_service.post_service.py - FetchPosts - < pn:5607 > - 请求失败
2026-04-14 14:15:52,278 - ERROR - post_service.post_service.py - FetchPosts - < pn:5608 > - 请求失败
2026-04-14 14:15:52,607 - ERROR - post_service.post_service.py - FetchPosts - < pn:9154 > - 请求失败
2026-04-14 14:15:52,760 - ERROR - post_service.post_service.py - FetchPosts - < pn:9155 > - 请求失败
2026-04-14 14:15:52,777 - ERROR - post_service.post_service.py - FetchPosts - < pn:2186 > - 请求失败
2026-04-14 14:15:52,954 - ERROR - post_service.post_service.py - FetchPosts - < pn:2187 > - 请求失败
2026-04-14 14:15:53,075 - ERROR - post_service.post_service.py - FetchPosts - < pn:5610 > - 请求失败
2026-04-14 14:15:53,256 - ERROR - post_service.post_service.py - FetchPosts - < pn:5611 > - 请求失败
2026-04-14 14:15:53,837 - ERROR - post_service.post_service.py - FetchPosts - < pn:9157 > - 请求失败
2026-04-14 14:15:53,878 - ERROR - post_service.post_service.py - FetchPosts - < pn:2189 > - 请求失败
2026-04-14 14:15:54,004 - ERROR - post_service.post_service.py - FetchPosts - < pn:9158 > - 请求失败
2026-04-14 14:15:55,162 - ERROR - post_service.post_service.py - FetchPosts - < pn:5614 > - 请求失败
2026-04-14 14:15:55,166 - ERROR - post_service.post_service.py - FetchPosts - < pn:9160 > - 请求失败
2026-04-14 14:15:55,301 - ERROR - post_service.post_service.py - FetchPosts - < pn:2192 > - 请求失败
2026-04-14 14:15:55,322 - ERROR - post_service.post_service.py - FetchPosts - < pn:9161 > - 请求失败
2026-04-14 14:15:55,343 - ERROR - post_service.post_service.py - FetchPosts - < pn:5615 > - 请求失败
2026-04-14 14:15:55,462 - ERROR - post_service.post_service.py - FetchPosts - < pn:2193 > - 请求失败
2026-04-14 14:15:55,504 - ERROR - post_service.post_service.py - FetchPosts - < pn:5616 > - 请求失败
2026-04-14 14:15:56,332 - ERROR - post_service.post_service.py - FetchPosts - < pn:9163 > - 请求失败
2026-04-14 14:15:56,366 - ERROR - post_service.post_service.py - FetchPosts - < pn:5618 > - 请求失败
2026-04-14 14:15:56,507 - ERROR - post_service.post_service.py - FetchPosts - < pn:9164 > - 请求失败
2026-04-14 14:15:56,543 - ERROR - post_service.post_service.py - FetchPosts - < pn:5619 > - 请求失败
2026-04-14 14:15:56,801 - ERROR - post_service.post_service.py - FetchPosts - < pn:5620 > - 请求失败
2026-04-14 14:15:56,802 - ERROR - post_service.post_service.py - FetchPosts - < pn:9165 > - 请求失败
2026-04-14 14:15:56,965 - ERROR - post_service.post_service.py - FetchPosts - < pn:5621 > - 请求失败
2026-04-14 14:15:56,965 - ERROR - post_service.post_service.py - FetchPosts - < pn:9166 > - 请求失败
2026-04-14 14:15:58,452 - ERROR - post_service.post_service.py - FetchPosts - < pn:5624 > - 请求失败
2026-04-14 14:15:58,716 - ERROR - post_service.post_service.py - FetchPosts - < pn:5625 > - 请求失败
2026-04-14 14:16:00,180 - ERROR - post_service.post_service.py - FetchPosts - < pn:9171 > - 请求失败
2026-04-14 14:16:00,352 - ERROR - post_service.post_service.py - FetchPosts - < pn:9172 > - 请求失败
2026-04-14 14:16:01,024 - ERROR - post_service.post_service.py - FetchPosts - < pn:2201 > - 请求失败
2026-04-14 14:16:01,169 - ERROR - post_service.post_service.py - FetchPosts - < pn:5629 > - 请求失败
2026-04-14 14:16:01,975 - ERROR - post_service.post_service.py - FetchPosts - < pn:9175 > - 请求失败
2026-04-14 14:16:01,994 - ERROR - post_service.post_service.py - FetchPosts - < pn:2203 > - 请求失败
2026-04-14 14:16:02,143 - ERROR - post_service.post_service.py - FetchPosts - < pn:9176 > - 请求失败
2026-04-14 14:16:02,179 - ERROR - post_service.post_service.py - FetchPosts - < pn:2204 > - 请求失败
2026-04-14 14:16:02,312 - ERROR - post_service.post_service.py - FetchPosts - < pn:9177 > - 请求失败
2026-04-14 14:16:03,335 - ERROR - post_service.post_service.py - FetchPosts - < pn:5633 > - 请求失败
2026-04-14 14:16:03,580 - ERROR - post_service.post_service.py - FetchPosts - < pn:5634 > - 请求失败
2026-04-14 14:16:03,900 - ERROR - post_service.post_service.py - FetchPosts - < pn:9180 > - 请求失败
2026-04-14 14:16:04,385 - ERROR - post_service.post_service.py - FetchPosts - < pn:2208 > - 请求失败
2026-04-14 14:16:04,561 - ERROR - post_service.post_service.py - FetchPosts - < pn:2209 > - 请求失败
2026-04-14 14:16:05,009 - ERROR - post_service.post_service.py - FetchPosts - < pn:9182 > - 请求失败
2026-04-14 14:16:05,963 - ERROR - post_service.post_service.py - FetchPosts - < pn:2211 > - 请求失败
2026-04-14 14:16:06,002 - ERROR - post_service.post_service.py - FetchPosts - < pn:9184 > - 请求失败
2026-04-14 14:16:06,005 - ERROR - post_service.post_service.py - FetchPosts - < pn:5638 > - 请求失败
2026-04-14 14:16:06,229 - ERROR - post_service.post_service.py - FetchPosts - < pn:2212 > - 请求失败
2026-04-14 14:16:06,286 - ERROR - post_service.post_service.py - FetchPosts - < pn:5639 > - 请求失败
2026-04-14 14:16:06,394 - ERROR - post_service.post_service.py - FetchPosts - < pn:2213 > - 请求失败
2026-04-14 14:16:07,746 - ERROR - post_service.post_service.py - FetchPosts - < pn:5642 > - 请求失败
2026-04-14 14:16:07,905 - ERROR - post_service.post_service.py - FetchPosts - < pn:5643 > - 请求失败
2026-04-14 14:16:08,677 - ERROR - post_service.post_service.py - FetchPosts - < pn:9188 > - 请求失败
2026-04-14 14:16:09,882 - ERROR - post_service.post_service.py - FetchPosts - < pn:5646 > - 请求失败
2026-04-14 14:16:09,906 - ERROR - post_service.post_service.py - FetchPosts - < pn:9190 > - 请求失败
2026-04-14 14:16:10,041 - ERROR - post_service.post_service.py - FetchPosts - < pn:5647 > - 请求失败
2026-04-14 14:16:11,141 - ERROR - post_service.post_service.py - FetchPosts - < pn:9192 > - 请求失败
2026-04-14 14:16:11,309 - ERROR - post_service.post_service.py - FetchPosts - < pn:9193 > - 请求失败
2026-04-14 14:16:12,035 - ERROR - post_service.post_service.py - FetchPosts - < pn:5650 > - 请求失败
2026-04-14 14:16:12,510 - ERROR - post_service.post_service.py - FetchPosts - < pn:5651 > - 请求失败
2026-04-14 14:16:12,628 - ERROR - post_service.post_service.py - FetchPosts - < pn:9195 > - 请求失败
2026-04-14 14:16:12,860 - ERROR - post_service.post_service.py - FetchPosts - < pn:5652 > - 请求失败
2026-04-14 14:16:12,988 - ERROR - post_service.post_service.py - FetchPosts - < pn:9196 > - 请求失败
2026-04-14 14:16:13,104 - ERROR - post_service.post_service.py - FetchPosts - < pn:5653 > - 请求失败
2026-04-14 14:16:13,268 - ERROR - post_service.post_service.py - FetchPosts - < pn:5654 > - 请求失败
2026-04-14 14:16:13,269 - ERROR - post_service.post_service.py - FetchPosts - < pn:2223 > - 请求失败
2026-04-14 14:16:14,133 - ERROR - post_service.post_service.py - FetchPosts - < pn:5656 > - 请求失败
2026-04-14 14:16:14,905 - ERROR - post_service.post_service.py - FetchPosts - < pn:2226 > - 请求失败
2026-04-14 14:16:14,927 - ERROR - post_service.post_service.py - FetchPosts - < pn:9199 > - 请求失败
2026-04-14 14:16:15,079 - ERROR - post_service.post_service.py - FetchPosts - < pn:2227 > - 请求失败
2026-04-14 14:16:15,796 - ERROR - post_service.post_service.py - FetchPosts - < pn:5659 > - 请求失败
2026-04-14 14:16:16,006 - ERROR - post_service.post_service.py - FetchPosts - < pn:2229 > - 请求失败
2026-04-14 14:16:16,045 - ERROR - post_service.post_service.py - FetchPosts - < pn:5660 > - 请求失败
2026-04-14 14:16:16,902 - ERROR - post_service.post_service.py - FetchPosts - < pn:9203 > - 请求失败
2026-04-14 14:16:16,926 - ERROR - post_service.post_service.py - FetchPosts - < pn:2231 > - 请求失败
2026-04-14 14:16:17,062 - ERROR - post_service.post_service.py - FetchPosts - < pn:9204 > - 请求失败
2026-04-14 14:16:17,077 - ERROR - post_service.post_service.py - FetchPosts - < pn:5662 > - 请求失败
2026-04-14 14:16:17,289 - ERROR - post_service.post_service.py - FetchPosts - < pn:9205 > - 请求失败
2026-04-14 14:16:17,587 - ERROR - post_service.post_service.py - FetchPosts - < pn:9206 > - 请求失败
2026-04-14 14:16:18,017 - ERROR - post_service.post_service.py - FetchPosts - < pn:5664 > - 请求失败
2026-04-14 14:16:19,656 - ERROR - post_service.post_service.py - FetchPosts - < pn:5667 > - 请求失败
2026-04-14 14:16:19,705 - ERROR - post_service.post_service.py - FetchPosts - < pn:2235 > - 请求失败
2026-04-14 14:16:19,734 - ERROR - post_service.post_service.py - FetchPosts - < pn:9210 > - 请求失败
2026-04-14 14:16:19,850 - ERROR - post_service.post_service.py - FetchPosts - < pn:5668 > - 请求失败
2026-04-14 14:16:20,015 - ERROR - post_service.post_service.py - FetchPosts - < pn:5669 > - 请求失败
2026-04-14 14:16:21,423 - ERROR - post_service.post_service.py - FetchPosts - < pn:2238 > - 请求失败
2026-04-14 14:16:21,867 - ERROR - post_service.post_service.py - FetchPosts - < pn:2239 > - 请求失败
2026-04-14 14:16:22,229 - ERROR - post_service.post_service.py - FetchPosts - < pn:9212 > - 请求失败
2026-04-14 14:16:22,268 - ERROR - post_service.post_service.py - FetchPosts - < pn:2240 > - 请求失败
2026-04-14 14:16:22,730 - ERROR - post_service.post_service.py - FetchPosts - < pn:2241 > - 请求失败
2026-04-14 14:16:23,117 - ERROR - post_service.post_service.py - FetchPosts - < pn:2242 > - 请求失败
2026-04-14 14:16:23,542 - ERROR - post_service.post_service.py - FetchPosts - < pn:2243 > - 请求失败
2026-04-14 14:16:23,691 - ERROR - post_service.post_service.py - FetchPosts - < pn:2244 > - 请求失败
2026-04-14 14:16:23,713 - ERROR - post_service.post_service.py - FetchPosts - < pn:9214 > - 请求失败
2026-04-14 14:16:23,842 - ERROR - post_service.post_service.py - FetchPosts - < pn:2245 > - 请求失败
2026-04-14 14:16:23,879 - ERROR - post_service.post_service.py - FetchPosts - < pn:9215 > - 请求失败
2026-04-14 14:16:23,994 - ERROR - post_service.post_service.py - FetchPosts - < pn:2246 > - 请求失败
2026-04-14 14:16:24,046 - ERROR - post_service.post_service.py - FetchPosts - < pn:9216 > - 请求失败
2026-04-14 14:16:24,232 - ERROR - post_service.post_service.py - FetchPosts - < pn:9217 > - 请求失败
2026-04-14 14:16:24,845 - ERROR - post_service.post_service.py - FetchPosts - < pn:5674 > - 请求失败
2026-04-14 14:16:24,889 - ERROR - post_service.post_service.py - FetchPosts - < pn:2248 > - 请求失败
2026-04-14 14:16:25,789 - ERROR - post_service.post_service.py - FetchPosts - < pn:9220 > - 请求失败
2026-04-14 14:16:26,321 - ERROR - post_service.post_service.py - FetchPosts - < pn:2251 > - 请求失败
2026-04-14 14:16:26,398 - ERROR - post_service.post_service.py - FetchPosts - < pn:5677 > - 请求失败
2026-04-14 14:16:26,488 - ERROR - post_service.post_service.py - FetchPosts - < pn:2252 > - 请求失败
2026-04-14 14:16:26,640 - ERROR - post_service.post_service.py - FetchPosts - < pn:2253 > - 请求失败
2026-04-14 14:16:26,812 - ERROR - post_service.post_service.py - FetchPosts - < pn:2254 > - 请求失败
2026-04-14 14:16:27,089 - ERROR - post_service.post_service.py - FetchPosts - < pn:2255 > - 请求失败
2026-04-14 14:16:27,112 - ERROR - post_service.post_service.py - FetchPosts - < pn:9222 > - 请求失败
2026-04-14 14:16:27,277 - ERROR - post_service.post_service.py - FetchPosts - < pn:2256 > - 请求失败
2026-04-14 14:16:27,450 - ERROR - post_service.post_service.py - FetchPosts - < pn:5679 > - 请求失败
2026-04-14 14:16:27,452 - ERROR - post_service.post_service.py - FetchPosts - < pn:2257 > - 请求失败
2026-04-14 14:16:27,696 - ERROR - post_service.post_service.py - FetchPosts - < pn:5680 > - 请求失败
2026-04-14 14:16:27,704 - ERROR - post_service.post_service.py - FetchPosts - < pn:2258 > - 请求失败
2026-04-14 14:16:28,890 - ERROR - post_service.post_service.py - FetchPosts - < pn:2260 > - 请求失败
2026-04-14 14:16:29,204 - ERROR - post_service.post_service.py - FetchPosts - < pn:2261 > - 请求失败
2026-04-14 14:16:29,410 - ERROR - post_service.post_service.py - FetchPosts - < pn:5683 > - 请求失败
2026-04-14 14:16:29,592 - ERROR - post_service.post_service.py - FetchPosts - < pn:5684 > - 请求失败
2026-04-14 14:16:29,852 - ERROR - post_service.post_service.py - FetchPosts - < pn:5685 > - 请求失败
2026-04-14 14:16:30,598 - ERROR - post_service.post_service.py - FetchPosts - < pn:2264 > - 请求失败
2026-04-14 14:16:31,020 - ERROR - post_service.post_service.py - FetchPosts - < pn:2265 > - 请求失败
2026-04-14 14:16:31,082 - ERROR - post_service.post_service.py - FetchPosts - < pn:5687 > - 请求失败
2026-04-14 14:16:31,179 - ERROR - post_service.post_service.py - FetchPosts - < pn:2266 > - 请求失败
2026-04-14 14:16:31,431 - ERROR - post_service.post_service.py - FetchPosts - < pn:2267 > - 请求失败
2026-04-14 14:16:31,579 - ERROR - post_service.post_service.py - FetchPosts - < pn:9229 > - 请求失败
2026-04-14 14:16:31,580 - ERROR - post_service.post_service.py - FetchPosts - < pn:2268 > - 请求失败
2026-04-14 14:16:31,748 - ERROR - post_service.post_service.py - FetchPosts - < pn:2269 > - 请求失败
2026-04-14 14:16:31,754 - ERROR - post_service.post_service.py - FetchPosts - < pn:9230 > - 请求失败
2026-04-14 14:16:31,939 - ERROR - post_service.post_service.py - FetchPosts - < pn:9231 > - 请求失败
2026-04-14 14:16:32,578 - ERROR - post_service.post_service.py - FetchPosts - < pn:5690 > - 请求失败
2026-04-14 14:16:33,470 - ERROR - post_service.post_service.py - FetchPosts - < pn:9233 > - 请求失败
2026-04-14 14:16:33,546 - ERROR - post_service.post_service.py - FetchPosts - < pn:2272 > - 请求失败
2026-04-14 14:16:34,313 - ERROR - post_service.post_service.py - FetchPosts - < pn:5693 > - 请求失败
2026-04-14 14:16:34,502 - ERROR - post_service.post_service.py - FetchPosts - < pn:5694 > - 请求失败
2026-04-14 14:16:35,912 - ERROR - post_service.post_service.py - FetchPosts - < pn:5697 > - 请求失败
2026-04-14 14:16:36,372 - ERROR - post_service.post_service.py - FetchPosts - < pn:2277 > - 请求失败
2026-04-14 14:16:36,556 - ERROR - post_service.post_service.py - FetchPosts - < pn:2278 > - 请求失败
2026-04-14 14:16:36,809 - ERROR - post_service.post_service.py - FetchPosts - < pn:2279 > - 请求失败
2026-04-14 14:16:37,096 - ERROR - post_service.post_service.py - FetchPosts - < pn:2280 > - 请求失败
2026-04-14 14:16:37,332 - ERROR - post_service.post_service.py - FetchPosts - < pn:2281 > - 请求失败
2026-04-14 14:16:37,632 - ERROR - post_service.post_service.py - FetchPosts - < pn:2282 > - 请求失败
2026-04-14 14:16:38,369 - ERROR - post_service.post_service.py - FetchPosts - < pn:2284 > - 请求失败
2026-04-14 14:16:38,664 - ERROR - post_service.post_service.py - FetchPosts - < pn:2285 > - 请求失败
2026-04-14 14:16:38,899 - ERROR - content_service.content_service.py - Content-VideoFrag - < floor:0, pid:150734446951, pn:2, ppid:150665620776, ppn:4 > - Failed to download https://tiebac.baidu.com/c/p/voice?voice_md5=1015310c67cb8bd314b7b27701722b3c_6003257508&play_from=pb_voice_play after 3 attempts
2026-04-14 14:16:38,941 - ERROR - content_service.content_service.py - Content-VideoFrag - < floor:0, pid:150753942644, pn:3, ppid:150665620776, ppn:4 > - Failed to download https://tiebac.baidu.com/c/p/voice?voice_md5=75887f38c6fe9bdd04f535e6988b16b5_3573807356&play_from=pb_voice_play after 3 attempts
2026-04-14 14:16:38,991 - ERROR - content_service.content_service.py - Content-VideoFrag - < floor:0, pid:150718195864, pn:1, ppid:150665620776, ppn:4 > - Failed to download https://tiebac.baidu.com/c/p/voice?voice_md5=d0101b78e441bc69139cfe92a3f3f1d0_6100602359&play_from=pb_voice_play after 3 attempts
2026-04-14 14:16:39,708 - ERROR - post_service.post_service.py - FetchPosts - < pn:5703 > - 请求失败
2026-04-14 14:16:39,884 - ERROR - post_service.post_service.py - FetchPosts - < pn:5704 > - 请求失败
2026-04-14 14:16:39,900 - ERROR - content_service.content_service.py - Content-VideoFrag - < floor:0, pid:150766840393, pn:4, ppid:150665620776, ppn:4 > - Failed to download https://tiebac.baidu.com/c/p/voice?voice_md5=22d99bea1a2da66744190625dcfc26ce_4930720758&play_from=pb_voice_play after 3 attempts
2026-04-14 14:16:40,267 - ERROR - post_service.post_service.py - FetchPosts - < pn:5705 > - 请求失败
2026-04-14 14:16:41,912 - ERROR - post_service.post_service.py - FetchPosts - < pn:2290 > - 请求失败
2026-04-14 14:16:42,078 - ERROR - post_service.post_service.py - FetchPosts - < pn:2291 > - 请求失败
2026-04-14 14:16:42,476 - ERROR - post_service.post_service.py - FetchPosts - < pn:2292 > - 请求失败
2026-04-14 14:16:43,299 - ERROR - post_service.post_service.py - FetchPosts - < pn:2294 > - 请求失败
2026-04-14 14:16:43,301 - ERROR - post_service.post_service.py - FetchPosts - < pn:9247 > - 请求失败
2026-04-14 14:16:44,269 - ERROR - post_service.post_service.py - FetchPosts - < pn:5710 > - 请求失败
2026-04-14 14:16:45,036 - ERROR - post_service.post_service.py - FetchPosts - < pn:2297 > - 请求失败
2026-04-14 14:16:45,069 - ERROR - post_service.post_service.py - FetchPosts - < pn:9250 > - 请求失败
2026-04-14 14:16:45,214 - ERROR - post_service.post_service.py - FetchPosts - < pn:2298 > - 请求失败
2026-04-14 14:16:45,261 - ERROR - post_service.post_service.py - FetchPosts - < pn:9251 > - 请求失败
2026-04-14 14:16:46,105 - ERROR - post_service.post_service.py - FetchPosts - < pn:2300 > - 请求失败
2026-04-14 14:16:46,151 - ERROR - post_service.post_service.py - FetchPosts - < pn:9253 > - 请求失败
2026-04-14 14:16:46,284 - ERROR - post_service.post_service.py - FetchPosts - < pn:2301 > - 请求失败
2026-04-14 14:16:46,336 - ERROR - post_service.post_service.py - FetchPosts - < pn:9254 > - 请求失败
2026-04-14 14:16:46,437 - ERROR - post_service.post_service.py - FetchPosts - < pn:2302 > - 请求失败
2026-04-14 14:16:46,504 - ERROR - post_service.post_service.py - FetchPosts - < pn:9255 > - 请求失败
2026-04-14 14:16:46,627 - ERROR - post_service.post_service.py - FetchPosts - < pn:2303 > - 请求失败
2026-04-14 14:16:46,882 - ERROR - post_service.post_service.py - FetchPosts - < pn:5715 > - 请求失败
2026-04-14 14:16:48,300 - ERROR - post_service.post_service.py - FetchPosts - < pn:9258 > - 请求失败
2026-04-14 14:16:48,304 - ERROR - post_service.post_service.py - FetchPosts - < pn:5718 > - 请求失败
2026-04-14 14:16:48,554 - ERROR - post_service.post_service.py - FetchPosts - < pn:9259 > - 请求失败
2026-04-14 14:16:48,568 - ERROR - post_service.post_service.py - FetchPosts - < pn:5719 > - 请求失败
2026-04-14 14:16:48,596 - ERROR - post_service.post_service.py - FetchPosts - < pn:2306 > - 请求失败
2026-04-14 14:16:48,705 - ERROR - post_service.post_service.py - FetchPosts - < pn:9260 > - 请求失败
2026-04-14 14:16:48,753 - ERROR - post_service.post_service.py - FetchPosts - < pn:2307 > - 请求失败
2026-04-14 14:16:49,675 - ERROR - post_service.post_service.py - FetchPosts - < pn:2309 > - 请求失败
2026-04-14 14:16:50,392 - ERROR - post_service.post_service.py - FetchPosts - < pn:5722 > - 请求失败
2026-04-14 14:16:51,441 - ERROR - post_service.post_service.py - FetchPosts - < pn:5724 > - 请求失败
2026-04-14 14:16:51,497 - ERROR - post_service.post_service.py - FetchPosts - < pn:2312 > - 请求失败
2026-04-14 14:16:51,693 - ERROR - post_service.post_service.py - FetchPosts - < pn:5725 > - 请求失败
2026-04-14 14:16:51,860 - ERROR - post_service.post_service.py - FetchPosts - < pn:5726 > - 请求失败
2026-04-14 14:16:52,242 - ERROR - post_service.post_service.py - FetchPosts - < pn:9265 > - 请求失败
2026-04-14 14:16:52,268 - ERROR - post_service.post_service.py - FetchPosts - < pn:2314 > - 请求失败
2026-04-14 14:16:53,020 - ERROR - content_service.content_service.py - Content-VideoFrag - < floor:0, pid:150750728687, pn:4, ppid:150674541228, ppn:5 > - Failed to download https://tiebac.baidu.com/c/p/voice?voice_md5=5c6c78f3c7c8d07c7b47e975dac000a1_6538394272&play_from=pb_voice_play after 3 attempts
2026-04-14 14:16:54,159 - ERROR - post_service.post_service.py - FetchPosts - < pn:9268 > - 请求失败
2026-04-14 14:16:54,291 - ERROR - post_service.post_service.py - FetchPosts - < pn:2317 > - 请求失败
2026-04-14 14:16:54,344 - ERROR - post_service.post_service.py - FetchPosts - < pn:5729 > - 请求失败
2026-04-14 14:16:54,451 - ERROR - post_service.post_service.py - FetchPosts - < pn:2318 > - 请求失败
2026-04-14 14:16:54,629 - ERROR - post_service.post_service.py - FetchPosts - < pn:2319 > - 请求失败
2026-04-14 14:16:54,964 - ERROR - content_service.content_service.py - Content-VideoFrag - < floor:0, pid:150765945270, pn:2, ppid:150644138106, ppn:2 > - Failed to download https://tiebac.baidu.com/c/p/voice?voice_md5=2e9f7c7ce705aabd404caf1a129e90e0_6018712657&play_from=pb_voice_play after 3 attempts
2026-04-14 14:16:54,969 - ERROR - content_service.content_service.py - Content-VideoFrag - < floor:0, pid:150753036563, pn:1, ppid:150644138106, ppn:2 > - Failed to download https://tiebac.baidu.com/c/p/voice?voice_md5=4835e68752afafdf0716a95361a0275f_2932224289&play_from=pb_voice_play after 3 attempts
2026-04-14 14:16:55,208 - ERROR - post_service.post_service.py - FetchPosts - < pn:9270 > - 请求失败
2026-04-14 14:16:55,251 - ERROR - post_service.post_service.py - FetchPosts - < pn:5731 > - 请求失败
2026-04-14 14:16:55,379 - ERROR - post_service.post_service.py - FetchPosts - < pn:9271 > - 请求失败
2026-04-14 14:16:55,560 - ERROR - post_service.post_service.py - FetchPosts - < pn:9272 > - 请求失败
2026-04-14 14:16:55,977 - ERROR - content_service.content_service.py - Content-VideoFrag - < floor:0, pid:152565125586, pn:4, ppid:150644138106, ppn:2 > - Failed to download https://tiebac.baidu.com/c/p/voice?voice_md5=7289378ef9e9d431794c53a3a0aa0fd6_5790333175&play_from=pb_voice_play after 3 attempts
2026-04-14 14:16:55,983 - ERROR - content_service.content_service.py - Content-VideoFrag - < floor:0, pid:150766664535, pn:3, ppid:150644138106, ppn:2 > - Failed to download https://tiebac.baidu.com/c/p/voice?voice_md5=fa73974abe7049835178cca7d13fa6d0_6352843368&play_from=pb_voice_play after 3 attempts
2026-04-14 14:16:56,989 - ERROR - post_service.post_service.py - FetchPosts - < pn:5734 > - 请求失败
2026-04-14 14:16:57,061 - ERROR - post_service.post_service.py - FetchPosts - < pn:9275 > - 请求失败
2026-04-14 14:16:57,815 - ERROR - post_service.post_service.py - FetchPosts - < pn:5736 > - 请求失败
2026-04-14 14:16:58,083 - ERROR - post_service.post_service.py - FetchPosts - < pn:5737 > - 请求失败
2026-04-14 14:16:58,869 - ERROR - post_service.post_service.py - FetchPosts - < pn:9278 > - 请求失败
2026-04-14 14:16:58,987 - ERROR - post_service.post_service.py - FetchPosts - < pn:5739 > - 请求失败
2026-04-14 14:16:59,150 - ERROR - post_service.post_service.py - FetchPosts - < pn:5740 > - 请求失败
2026-04-14 14:16:59,191 - ERROR - post_service.post_service.py - FetchPosts - < pn:9279 > - 请求失败
2026-04-14 14:16:59,373 - ERROR - post_service.post_service.py - FetchPosts - < pn:9280 > - 请求失败
2026-04-14 14:16:59,768 - ERROR - post_service.post_service.py - FetchPosts - < pn:2327 > - 请求失败
2026-04-14 14:17:00,426 - ERROR - post_service.post_service.py - FetchPosts - < pn:5742 > - 请求失败
2026-04-14 14:17:00,900 - ERROR - content_service.content_service.py - Content-VideoFrag - < floor:0, pid:150756517994, pn:2, ppid:150655710089, ppn:3 > - Failed to download https://tiebac.baidu.com/c/p/voice?voice_md5=a0da7c39d6d7cd5bacaf06e65bfcae05_5945690345&play_from=pb_voice_play after 3 attempts
2026-04-14 14:17:01,180 - ERROR - post_service.post_service.py - FetchPosts - < pn:9283 > - 请求失败
2026-04-14 14:17:01,338 - ERROR - post_service.post_service.py - FetchPosts - < pn:9284 > - 请求失败
2026-04-14 14:17:01,882 - ERROR - post_service.post_service.py - FetchPosts - < pn:5745 > - 请求失败
2026-04-14 14:17:01,895 - ERROR - post_service.post_service.py - FetchPosts - < pn:2331 > - 请求失败
2026-04-14 14:17:01,903 - ERROR - content_service.content_service.py - Content-VideoFrag - < floor:0, pid:150766911753, pn:3, ppid:150655710089, ppn:3 > - Failed to download https://tiebac.baidu.com/c/p/voice?voice_md5=b764ed3ca098f797241548f5ac225216_6665508204&play_from=pb_voice_play after 3 attempts
2026-04-14 14:17:02,061 - ERROR - post_service.post_service.py - FetchPosts - < pn:9286 > - 请求失败
2026-04-14 14:17:02,732 - ERROR - post_service.post_service.py - FetchPosts - < pn:2333 > - 请求失败
2026-04-14 14:17:02,903 - ERROR - content_service.content_service.py - Content-VideoFrag - < floor:0, pid:152057708687, pn:5, ppid:150655710089, ppn:3 > - Failed to download https://tiebac.baidu.com/c/p/voice?voice_md5=d69e99ea07d654382cd3775b677ff842_5749081686&play_from=pb_voice_play after 3 attempts
2026-04-14 14:17:02,922 - ERROR - content_service.content_service.py - Content-VideoFrag - < floor:0, pid:150851401967, pn:4, ppid:150655710089, ppn:3 > - Failed to download https://tiebac.baidu.com/c/p/voice?voice_md5=d07ab2a11c197e701456c698924e7111_4460775053&play_from=pb_voice_play after 3 attempts
2026-04-14 14:17:03,702 - ERROR - post_service.post_service.py - FetchPosts - < pn:2335 > - 请求失败
2026-04-14 14:17:04,483 - ERROR - post_service.post_service.py - FetchPosts - < pn:5749 > - 请求失败
2026-04-14 14:17:04,575 - ERROR - post_service.post_service.py - FetchPosts - < pn:2337 > - 请求失败
2026-04-14 14:17:04,661 - ERROR - post_service.post_service.py - FetchPosts - < pn:5750 > - 请求失败
2026-04-14 14:17:04,836 - ERROR - post_service.post_service.py - FetchPosts - < pn:2338 > - 请求失败
2026-04-14 14:17:05,005 - ERROR - post_service.post_service.py - FetchPosts - < pn:2339 > - 请求失败
2026-04-14 14:17:05,684 - ERROR - post_service.post_service.py - FetchPosts - < pn:5752 > - 请求失败
2026-04-14 14:17:05,796 - ERROR - post_service.post_service.py - FetchPosts - < pn:2341 > - 请求失败
2026-04-14 14:17:05,987 - ERROR - post_service.post_service.py - FetchPosts - < pn:2342 > - 请求失败
2026-04-14 14:17:06,654 - ERROR - post_service.post_service.py - FetchPosts - < pn:9293 > - 请求失败
2026-04-14 14:17:07,561 - ERROR - post_service.post_service.py - FetchPosts - < pn:2345 > - 请求失败
2026-04-14 14:17:07,577 - ERROR - post_service.post_service.py - FetchPosts - < pn:5755 > - 请求失败
2026-04-14 14:17:07,609 - ERROR - post_service.post_service.py - FetchPosts - < pn:9295 > - 请求失败
2026-04-14 14:17:07,783 - ERROR - post_service.post_service.py - FetchPosts - < pn:2346 > - 请求失败
2026-04-14 14:17:07,843 - ERROR - post_service.post_service.py - FetchPosts - < pn:9296 > - 请求失败
2026-04-14 14:17:08,559 - ERROR - post_service.post_service.py - FetchPosts - < pn:5757 > - 请求失败
2026-04-14 14:17:08,673 - ERROR - post_service.post_service.py - FetchPosts - < pn:9298 > - 请求失败
2026-04-14 14:17:09,299 - ERROR - post_service.post_service.py - FetchPosts - < pn:2349 > - 请求失败
2026-04-14 14:17:09,347 - ERROR - post_service.post_service.py - FetchPosts - < pn:5759 > - 请求失败
2026-04-14 14:17:10,335 - ERROR - post_service.post_service.py - FetchPosts - < pn:9301 > - 请求失败
2026-04-14 14:17:11,073 - ERROR - post_service.post_service.py - FetchPosts - < pn:5762 > - 请求失败
2026-04-14 14:17:11,165 - ERROR - post_service.post_service.py - FetchPosts - < pn:2352 > - 请求失败
2026-04-14 14:17:11,200 - ERROR - post_service.post_service.py - FetchPosts - < pn:9303 > - 请求失败
2026-04-14 14:17:11,364 - ERROR - post_service.post_service.py - FetchPosts - < pn:2353 > - 请求失败
2026-04-14 14:17:11,397 - ERROR - post_service.post_service.py - FetchPosts - < pn:9304 > - 请求失败
2026-04-14 14:17:13,263 - ERROR - post_service.post_service.py - FetchPosts - < pn:9307 > - 请求失败
2026-04-14 14:17:13,293 - ERROR - post_service.post_service.py - FetchPosts - < pn:2356 > - 请求失败
2026-04-14 14:17:13,600 - ERROR - post_service.post_service.py - FetchPosts - < pn:2357 > - 请求失败
2026-04-14 14:17:14,715 - ERROR - post_service.post_service.py - FetchPosts - < pn:5767 > - 请求失败
2026-04-14 14:17:15,191 - ERROR - post_service.post_service.py - FetchPosts - < pn:9310 > - 请求失败
2026-04-14 14:17:15,372 - ERROR - post_service.post_service.py - FetchPosts - < pn:9311 > - 请求失败
2026-04-14 14:17:15,665 - ERROR - post_service.post_service.py - FetchPosts - < pn:9312 > - 请求失败
2026-04-14 14:17:15,819 - ERROR - post_service.post_service.py - FetchPosts - < pn:5769 > - 请求失败
2026-04-14 14:17:15,895 - ERROR - post_service.post_service.py - FetchPosts - < pn:9313 > - 请求失败
2026-04-14 14:17:16,026 - ERROR - post_service.post_service.py - FetchPosts - < pn:5770 > - 请求失败
2026-04-14 14:17:16,296 - ERROR - post_service.post_service.py - FetchPosts - < pn:5771 > - 请求失败
2026-04-14 14:17:16,383 - ERROR - post_service.post_service.py - FetchPosts - < pn:2362 > - 请求失败
2026-04-14 14:17:16,467 - ERROR - post_service.post_service.py - FetchPosts - < pn:5772 > - 请求失败
2026-04-14 14:17:16,537 - ERROR - post_service.post_service.py - FetchPosts - < pn:2363 > - 请求失败
2026-04-14 14:17:16,626 - ERROR - post_service.post_service.py - FetchPosts - < pn:5773 > - 请求失败
2026-04-14 14:17:16,704 - ERROR - post_service.post_service.py - FetchPosts - < pn:2364 > - 请求失败
2026-04-14 14:17:16,804 - ERROR - post_service.post_service.py - FetchPosts - < pn:5774 > - 请求失败
2026-04-14 14:17:17,067 - ERROR - post_service.post_service.py - FetchPosts - < pn:5775 > - 请求失败
2026-04-14 14:17:17,096 - ERROR - post_service.post_service.py - FetchPosts - < pn:9315 > - 请求失败
2026-04-14 14:17:17,380 - ERROR - post_service.post_service.py - FetchPosts - < pn:5776 > - 请求失败
2026-04-14 14:17:17,405 - ERROR - post_service.post_service.py - FetchPosts - < pn:9316 > - 请求失败
2026-04-14 14:17:17,504 - ERROR - post_service.post_service.py - FetchPosts - < pn:2366 > - 请求失败
2026-04-14 14:17:17,587 - ERROR - post_service.post_service.py - FetchPosts - < pn:9317 > - 请求失败
2026-04-14 14:17:17,683 - ERROR - post_service.post_service.py - FetchPosts - < pn:2367 > - 请求失败
2026-04-14 14:17:19,174 - ERROR - post_service.post_service.py - FetchPosts - < pn:2369 > - 请求失败
2026-04-14 14:17:19,238 - ERROR - post_service.post_service.py - FetchPosts - < pn:9320 > - 请求失败
2026-04-14 14:17:20,123 - ERROR - post_service.post_service.py - FetchPosts - < pn:5780 > - 请求失败
2026-04-14 14:17:20,161 - ERROR - post_service.post_service.py - FetchPosts - < pn:9322 > - 请求失败
2026-04-14 14:17:20,242 - ERROR - post_service.post_service.py - FetchPosts - < pn:2371 > - 请求失败
2026-04-14 14:17:20,298 - ERROR - post_service.post_service.py - FetchPosts - < pn:5781 > - 请求失败
2026-04-14 14:17:20,410 - ERROR - post_service.post_service.py - FetchPosts - < pn:2372 > - 请求失败
2026-04-14 14:17:20,457 - ERROR - post_service.post_service.py - FetchPosts - < pn:5782 > - 请求失败
2026-04-14 14:17:21,001 - ERROR - post_service.post_service.py - FetchPosts - < pn:9324 > - 请求失败
2026-04-14 14:17:21,386 - ERROR - post_service.post_service.py - FetchPosts - < pn:9325 > - 请求失败
2026-04-14 14:17:21,546 - ERROR - post_service.post_service.py - FetchPosts - < pn:9326 > - 请求失败
2026-04-14 14:17:21,918 - ERROR - post_service.post_service.py - FetchPosts - < pn:9327 > - 请求失败
2026-04-14 14:17:22,028 - ERROR - post_service.post_service.py - FetchPosts - < pn:5785 > - 请求失败
2026-04-14 14:17:22,062 - ERROR - post_service.post_service.py - FetchPosts - < pn:9328 > - 请求失败
2026-04-14 14:17:22,180 - ERROR - post_service.post_service.py - FetchPosts - < pn:5786 > - 请求失败
2026-04-14 14:17:22,220 - ERROR - post_service.post_service.py - FetchPosts - < pn:9329 > - 请求失败
2026-04-14 14:17:22,442 - ERROR - post_service.post_service.py - FetchPosts - < pn:5787 > - 请求失败
2026-04-14 14:17:22,472 - ERROR - post_service.post_service.py - FetchPosts - < pn:9330 > - 请求失败
2026-04-14 14:17:22,643 - ERROR - post_service.post_service.py - FetchPosts - < pn:9331 > - 请求失败
2026-04-14 14:17:23,429 - ERROR - post_service.post_service.py - FetchPosts - < pn:9333 > - 请求失败
2026-04-14 14:17:23,716 - ERROR - post_service.post_service.py - FetchPosts - < pn:5789 > - 请求失败
2026-04-14 14:17:23,730 - ERROR - post_service.post_service.py - FetchPosts - < pn:9334 > - 请求失败
2026-04-14 14:17:23,912 - ERROR - post_service.post_service.py - FetchPosts - < pn:9335 > - 请求失败
2026-04-14 14:17:25,618 - ERROR - post_service.post_service.py - FetchPosts - < pn:9338 > - 请求失败
2026-04-14 14:17:25,767 - ERROR - post_service.post_service.py - FetchPosts - < pn:5793 > - 请求失败
2026-04-14 14:17:25,825 - ERROR - post_service.post_service.py - FetchPosts - < pn:9339 > - 请求失败
2026-04-14 14:17:26,004 - ERROR - post_service.post_service.py - FetchPosts - < pn:5794 > - 请求失败
2026-04-14 14:17:26,300 - ERROR - post_service.post_service.py - FetchPosts - < pn:5795 > - 请求失败
2026-04-14 14:17:26,388 - ERROR - post_service.post_service.py - FetchPosts - < pn:2381 > - 请求失败
2026-04-14 14:17:26,481 - ERROR - post_service.post_service.py - FetchPosts - < pn:5796 > - 请求失败
2026-04-14 14:17:28,069 - ERROR - post_service.post_service.py - FetchPosts - < pn:9342 > - 请求失败
2026-04-14 14:17:28,250 - ERROR - post_service.post_service.py - FetchPosts - < pn:9343 > - 请求失败
2026-04-14 14:17:29,195 - ERROR - post_service.post_service.py - FetchPosts - < pn:9345 > - 请求失败
2026-04-14 14:17:29,273 - ERROR - post_service.post_service.py - FetchPosts - < pn:2385 > - 请求失败
2026-04-14 14:17:29,418 - ERROR - post_service.post_service.py - FetchPosts - < pn:9346 > - 请求失败
2026-04-14 14:17:29,455 - ERROR - post_service.post_service.py - FetchPosts - < pn:2386 > - 请求失败
2026-04-14 14:17:31,294 - ERROR - post_service.post_service.py - FetchPosts - < pn:2389 > - 请求失败
2026-04-14 14:17:31,453 - ERROR - post_service.post_service.py - FetchPosts - < pn:2390 > - 请求失败
2026-04-14 14:17:32,581 - ERROR - post_service.post_service.py - FetchPosts - < pn:9352 > - 请求失败
2026-04-14 14:17:32,715 - ERROR - post_service.post_service.py - FetchPosts - < pn:5805 > - 请求失败
2026-04-14 14:17:32,751 - ERROR - post_service.post_service.py - FetchPosts - < pn:9353 > - 请求失败
2026-04-14 14:17:32,902 - ERROR - post_service.post_service.py - FetchPosts - < pn:5806 > - 请求失败
2026-04-14 14:17:33,051 - ERROR - post_service.post_service.py - FetchPosts - < pn:9354 > - 请求失败
2026-04-14 14:17:33,212 - ERROR - post_service.post_service.py - FetchPosts - < pn:5807 > - 请求失败
2026-04-14 14:17:33,245 - ERROR - post_service.post_service.py - FetchPosts - < pn:2393 > - 请求失败
2026-04-14 14:17:34,424 - ERROR - post_service.post_service.py - FetchPosts - < pn:2395 > - 请求失败
2026-04-14 14:17:34,679 - ERROR - post_service.post_service.py - FetchPosts - < pn:2396 > - 请求失败
2026-04-14 14:17:34,680 - ERROR - post_service.post_service.py - FetchPosts - < pn:9357 > - 请求失败
2026-04-14 14:17:34,842 - ERROR - post_service.post_service.py - FetchPosts - < pn:2397 > - 请求失败
2026-04-14 14:17:35,127 - ERROR - post_service.post_service.py - FetchPosts - < pn:2398 > - 请求失败
2026-04-14 14:17:35,228 - ERROR - post_service.post_service.py - FetchPosts - < pn:5811 > - 请求失败
2026-04-14 14:17:35,407 - ERROR - post_service.post_service.py - FetchPosts - < pn:5812 > - 请求失败
2026-04-14 14:17:35,667 - ERROR - post_service.post_service.py - FetchPosts - < pn:5813 > - 请求失败
2026-04-14 14:17:35,948 - ERROR - post_service.post_service.py - FetchPosts - < pn:5814 > - 请求失败
2026-04-14 14:17:36,119 - ERROR - post_service.post_service.py - FetchPosts - < pn:5815 > - 请求失败
2026-04-14 14:17:36,278 - ERROR - post_service.post_service.py - FetchPosts - < pn:5816 > - 请求失败
2026-04-14 14:17:37,607 - ERROR - post_service.post_service.py - FetchPosts - < pn:2402 > - 请求失败
2026-04-14 14:17:37,770 - ERROR - post_service.post_service.py - FetchPosts - < pn:2403 > - 请求失败
2026-04-14 14:17:38,025 - ERROR - post_service.post_service.py - FetchPosts - < pn:2404 > - 请求失败
2026-04-14 14:17:38,117 - ERROR - post_service.post_service.py - FetchPosts - < pn:9361 > - 请求失败
2026-04-14 14:17:38,119 - ERROR - post_service.post_service.py - FetchPosts - < pn:5819 > - 请求失败
2026-04-14 14:17:38,938 - ERROR - post_service.post_service.py - FetchPosts - < pn:2406 > - 请求失败
2026-04-14 14:17:39,052 - ERROR - post_service.post_service.py - FetchPosts - < pn:9363 > - 请求失败
2026-04-14 14:17:39,811 - ERROR - post_service.post_service.py - FetchPosts - < pn:5822 > - 请求失败
2026-04-14 14:17:41,201 - ERROR - post_service.post_service.py - FetchPosts - < pn:5825 > - 请求失败
2026-04-14 14:17:41,245 - ERROR - post_service.post_service.py - FetchPosts - < pn:9367 > - 请求失败
2026-04-14 14:17:41,433 - ERROR - post_service.post_service.py - FetchPosts - < pn:9368 > - 请求失败
2026-04-14 14:17:42,239 - ERROR - post_service.post_service.py - FetchPosts - < pn:5827 > - 请求失败
2026-04-14 14:17:42,509 - ERROR - post_service.post_service.py - FetchPosts - < pn:5828 > - 请求失败
2026-04-14 14:17:43,424 - ERROR - post_service.post_service.py - FetchPosts - < pn:5830 > - 请求失败
2026-04-14 14:17:43,457 - ERROR - post_service.post_service.py - FetchPosts - < pn:9371 > - 请求失败
2026-04-14 14:17:43,494 - ERROR - post_service.post_service.py - FetchPosts - < pn:2413 > - 请求失败
2026-04-14 14:17:43,591 - ERROR - post_service.post_service.py - FetchPosts - < pn:5831 > - 请求失败
2026-04-14 14:17:43,673 - ERROR - post_service.post_service.py - FetchPosts - < pn:2414 > - 请求失败
2026-04-14 14:17:43,780 - ERROR - post_service.post_service.py - FetchPosts - < pn:5832 > - 请求失败
2026-04-14 14:17:43,960 - ERROR - post_service.post_service.py - FetchPosts - < pn:5833 > - 请求失败
2026-04-14 14:17:44,778 - ERROR - post_service.post_service.py - FetchPosts - < pn:2416 > - 请求失败
2026-04-14 14:17:44,790 - ERROR - post_service.post_service.py - FetchPosts - < pn:9373 > - 请求失败
2026-04-14 14:17:45,642 - ERROR - post_service.post_service.py - FetchPosts - < pn:2418 > - 请求失败
2026-04-14 14:17:45,651 - ERROR - post_service.post_service.py - FetchPosts - < pn:9375 > - 请求失败
2026-04-14 14:17:45,999 - ERROR - post_service.post_service.py - FetchPosts - < pn:2419 > - 请求失败
2026-04-14 14:17:46,001 - ERROR - post_service.post_service.py - FetchPosts - < pn:9376 > - 请求失败
2026-04-14 14:17:46,089 - ERROR - post_service.post_service.py - FetchPosts - < pn:5837 > - 请求失败
2026-04-14 14:17:46,182 - ERROR - post_service.post_service.py - FetchPosts - < pn:2420 > - 请求失败
2026-04-14 14:17:46,245 - ERROR - post_service.post_service.py - FetchPosts - < pn:5838 > - 请求失败
2026-04-14 14:17:46,357 - ERROR - post_service.post_service.py - FetchPosts - < pn:2421 > - 请求失败
2026-04-14 14:17:46,416 - ERROR - post_service.post_service.py - FetchPosts - < pn:5839 > - 请求失败
2026-04-14 14:17:46,833 - ERROR - post_service.post_service.py - FetchPosts - < pn:9378 > - 请求失败
2026-04-14 14:17:47,034 - ERROR - post_service.post_service.py - FetchPosts - < pn:9379 > - 请求失败
2026-04-14 14:17:48,151 - ERROR - post_service.post_service.py - FetchPosts - < pn:5842 > - 请求失败
2026-04-14 14:17:49,072 - ERROR - post_service.post_service.py - FetchPosts - < pn:2425 > - 请求失败
2026-04-14 14:17:49,133 - ERROR - post_service.post_service.py - FetchPosts - < pn:9383 > - 请求失败
2026-04-14 14:17:50,166 - ERROR - post_service.post_service.py - FetchPosts - < pn:2427 > - 请求失败
2026-04-14 14:17:50,295 - ERROR - post_service.post_service.py - FetchPosts - < pn:9385 > - 请求失败
2026-04-14 14:17:50,466 - ERROR - post_service.post_service.py - FetchPosts - < pn:9386 > - 请求失败
2026-04-14 14:17:50,985 - ERROR - post_service.post_service.py - FetchPosts - < pn:5846 > - 请求失败
2026-04-14 14:17:51,029 - ERROR - post_service.post_service.py - FetchPosts - < pn:2429 > - 请求失败
2026-04-14 14:17:51,197 - ERROR - post_service.post_service.py - FetchPosts - < pn:5847 > - 请求失败
2026-04-14 14:17:51,227 - ERROR - post_service.post_service.py - FetchPosts - < pn:2430 > - 请求失败
2026-04-14 14:17:51,439 - ERROR - post_service.post_service.py - FetchPosts - < pn:5848 > - 请求失败
2026-04-14 14:17:51,477 - ERROR - post_service.post_service.py - FetchPosts - < pn:2431 > - 请求失败
2026-04-14 14:17:52,759 - ERROR - post_service.post_service.py - FetchPosts - < pn:9390 > - 请求失败
2026-04-14 14:17:53,205 - ERROR - post_service.post_service.py - FetchPosts - < pn:5852 > - 请求失败
2026-04-14 14:17:53,566 - ERROR - post_service.post_service.py - FetchPosts - < pn:5853 > - 请求失败
2026-04-14 14:17:53,742 - ERROR - post_service.post_service.py - FetchPosts - < pn:5854 > - 请求失败
2026-04-14 14:17:54,703 - ERROR - post_service.post_service.py - FetchPosts - < pn:2436 > - 请求失败
2026-04-14 14:17:54,993 - ERROR - post_service.post_service.py - FetchPosts - < pn:5856 > - 请求失败
2026-04-14 14:17:55,145 - ERROR - post_service.post_service.py - FetchPosts - < pn:5857 > - 请求失败
2026-04-14 14:17:55,418 - ERROR - post_service.post_service.py - FetchPosts - < pn:5858 > - 请求失败
2026-04-14 14:17:55,601 - ERROR - post_service.post_service.py - FetchPosts - < pn:5859 > - 请求失败
2026-04-14 14:17:55,634 - ERROR - post_service.post_service.py - FetchPosts - < pn:2438 > - 请求失败
2026-04-14 14:17:55,766 - ERROR - post_service.post_service.py - FetchPosts - < pn:9395 > - 请求失败
2026-04-14 14:17:55,778 - ERROR - post_service.post_service.py - FetchPosts - < pn:5860 > - 请求失败
2026-04-14 14:17:55,794 - ERROR - post_service.post_service.py - FetchPosts - < pn:2439 > - 请求失败
2026-04-14 14:17:56,016 - ERROR - post_service.post_service.py - FetchPosts - < pn:5861 > - 请求失败
2026-04-14 14:17:56,018 - ERROR - post_service.post_service.py - FetchPosts - < pn:2440 > - 请求失败
2026-04-14 14:17:57,034 - ERROR - post_service.post_service.py - FetchPosts - < pn:2442 > - 请求失败
2026-04-14 14:17:57,073 - ERROR - post_service.post_service.py - FetchPosts - < pn:5863 > - 请求失败
2026-04-14 14:17:57,097 - ERROR - post_service.post_service.py - FetchPosts - < pn:9397 > - 请求失败
2026-04-14 14:17:57,280 - ERROR - post_service.post_service.py - FetchPosts - < pn:2443 > - 请求失败
2026-04-14 14:17:57,308 - ERROR - post_service.post_service.py - FetchPosts - < pn:5864 > - 请求失败
2026-04-14 14:17:57,508 - ERROR - post_service.post_service.py - FetchPosts - < pn:2444 > - 请求失败
2026-04-14 14:17:58,987 - ERROR - post_service.post_service.py - FetchPosts - < pn:9400 > - 请求失败
2026-04-14 14:17:59,181 - ERROR - post_service.post_service.py - FetchPosts - < pn:9401 > - 请求失败
2026-04-14 14:17:59,541 - ERROR - post_service.post_service.py - FetchPosts - < pn:9402 > - 请求失败
2026-04-14 14:17:59,604 - ERROR - post_service.post_service.py - FetchPosts - < pn:2447 > - 请求失败
2026-04-14 14:17:59,607 - ERROR - post_service.post_service.py - FetchPosts - < pn:5868 > - 请求失败
2026-04-14 14:17:59,720 - ERROR - post_service.post_service.py - FetchPosts - < pn:9403 > - 请求失败
2026-04-14 14:17:59,781 - ERROR - post_service.post_service.py - FetchPosts - < pn:2448 > - 请求失败
2026-04-14 14:17:59,887 - ERROR - post_service.post_service.py - FetchPosts - < pn:9404 > - 请求失败
2026-04-14 14:17:59,956 - ERROR - post_service.post_service.py - FetchPosts - < pn:2449 > - 请求失败
2026-04-14 14:18:00,197 - ERROR - post_service.post_service.py - FetchPosts - < pn:2450 > - 请求失败
2026-04-14 14:18:00,361 - ERROR - post_service.post_service.py - FetchPosts - < pn:2451 > - 请求失败
2026-04-14 14:18:01,012 - ERROR - post_service.post_service.py - FetchPosts - < pn:5871 > - 请求失败
2026-04-14 14:18:01,389 - ERROR - post_service.post_service.py - FetchPosts - < pn:9407 > - 请求失败
2026-04-14 14:18:02,104 - ERROR - post_service.post_service.py - FetchPosts - < pn:9409 > - 请求失败
2026-04-14 14:18:02,934 - ERROR - post_service.post_service.py - FetchPosts - < pn:2456 > - 请求失败
2026-04-14 14:18:03,201 - ERROR - post_service.post_service.py - FetchPosts - < pn:2457 > - 请求失败
2026-04-14 14:18:03,377 - ERROR - post_service.post_service.py - FetchPosts - < pn:9411 > - 请求失败
2026-04-14 14:18:04,548 - ERROR - post_service.post_service.py - FetchPosts - < pn:2459 > - 请求失败
2026-04-14 14:18:04,647 - ERROR - post_service.post_service.py - FetchPosts - < pn:9413 > - 请求失败
2026-04-14 14:18:05,697 - ERROR - post_service.post_service.py - FetchPosts - < pn:2461 > - 请求失败
2026-04-14 14:18:05,850 - ERROR - post_service.post_service.py - FetchPosts - < pn:2462 > - 请求失败
2026-04-14 14:18:06,646 - ERROR - post_service.post_service.py - FetchPosts - < pn:9416 > - 请求失败
2026-04-14 14:18:06,664 - ERROR - post_service.post_service.py - FetchPosts - < pn:2464 > - 请求失败
2026-04-14 14:18:06,937 - ERROR - post_service.post_service.py - FetchPosts - < pn:5880 > - 请求失败
2026-04-14 14:18:07,105 - ERROR - post_service.post_service.py - FetchPosts - < pn:5881 > - 请求失败
2026-04-14 14:18:07,463 - ERROR - post_service.post_service.py - FetchPosts - < pn:5882 > - 请求失败
2026-04-14 14:18:07,500 - ERROR - post_service.post_service.py - FetchPosts - < pn:2466 > - 请求失败
2026-04-14 14:18:08,233 - ERROR - post_service.post_service.py - FetchPosts - < pn:2468 > - 请求失败
2026-04-14 14:18:09,072 - ERROR - post_service.post_service.py - FetchPosts - < pn:2470 > - 请求失败
2026-04-14 14:18:09,250 - ERROR - post_service.post_service.py - FetchPosts - < pn:2471 > - 请求失败
2026-04-14 14:18:09,564 - ERROR - post_service.post_service.py - FetchPosts - < pn:2472 > - 请求失败
2026-04-14 14:18:09,567 - ERROR - post_service.post_service.py - FetchPosts - < pn:9421 > - 请求失败
2026-04-14 14:18:09,731 - ERROR - post_service.post_service.py - FetchPosts - < pn:2473 > - 请求失败
2026-04-14 14:18:09,743 - ERROR - post_service.post_service.py - FetchPosts - < pn:9422 > - 请求失败
2026-04-14 14:18:09,906 - ERROR - post_service.post_service.py - FetchPosts - < pn:9423 > - 请求失败
2026-04-14 14:18:10,133 - ERROR - post_service.post_service.py - FetchPosts - < pn:9424 > - 请求失败
2026-04-14 14:18:10,211 - ERROR - post_service.post_service.py - FetchPosts - < pn:5886 > - 请求失败
2026-04-14 14:18:10,541 - ERROR - post_service.post_service.py - FetchPosts - < pn:2475 > - 请求失败
2026-04-14 14:18:10,706 - ERROR - post_service.post_service.py - FetchPosts - < pn:2476 > - 请求失败
2026-04-14 14:18:11,068 - ERROR - post_service.post_service.py - FetchPosts - < pn:2477 > - 请求失败
2026-04-14 14:18:11,101 - ERROR - post_service.post_service.py - FetchPosts - < pn:5888 > - 请求失败
2026-04-14 14:18:11,120 - ERROR - post_service.post_service.py - FetchPosts - < pn:9426 > - 请求失败
2026-04-14 14:18:11,264 - ERROR - post_service.post_service.py - FetchPosts - < pn:5889 > - 请求失败
2026-04-14 14:18:11,948 - ERROR - content_service.content_service.py - Content-VideoFrag - < floor:0, pid:150760246832, pn:3, ppid:150665620776, ppn:4 > - Failed to download https://tiebac.baidu.com/c/p/voice?voice_md5=3c4bfca010114a86f23ac0c6b969931c_4167553772&play_from=pb_voice_play after 3 attempts
2026-04-14 14:18:11,954 - ERROR - content_service.content_service.py - Content-VideoFrag - < floor:0, pid:150741606974, pn:2, ppid:150665620776, ppn:4 > - Failed to download https://tiebac.baidu.com/c/p/voice?voice_md5=ce288e170c5e0c0929c461af60faeed2_592484849&play_from=pb_voice_play after 3 attempts
2026-04-14 14:18:11,974 - ERROR - content_service.content_service.py - Content-VideoFrag - < floor:0, pid:150721966650, pn:1, ppid:150665620776, ppn:4 > - Failed to download https://tiebac.baidu.com/c/p/voice?voice_md5=2f31af45f91a32a63b89d04e39845f79_2893901226&play_from=pb_voice_play after 3 attempts
2026-04-14 14:18:12,161 - ERROR - post_service.post_service.py - FetchPosts - < pn:9428 > - 请求失败
2026-04-14 14:18:12,200 - ERROR - post_service.post_service.py - FetchPosts - < pn:5891 > - 请求失败
2026-04-14 14:18:12,311 - ERROR - post_service.post_service.py - FetchPosts - < pn:9429 > - 请求失败
2026-04-14 14:18:12,793 - ERROR - post_service.post_service.py - FetchPosts - < pn:2480 > - 请求失败
2026-04-14 14:18:12,912 - ERROR - content_service.content_service.py - Content-VideoFrag - < floor:0, pid:150766904073, pn:4, ppid:150665620776, ppn:4 > - Failed to download https://tiebac.baidu.com/c/p/voice?voice_md5=b48598c71a60327badf046526658f66d_4938725720&play_from=pb_voice_play after 3 attempts
2026-04-14 14:18:13,023 - ERROR - post_service.post_service.py - FetchPosts - < pn:2481 > - 请求失败
2026-04-14 14:18:13,211 - ERROR - post_service.post_service.py - FetchPosts - < pn:5893 > - 请求失败
2026-04-14 14:18:13,566 - ERROR - post_service.post_service.py - FetchPosts - < pn:5894 > - 请求失败
2026-04-14 14:18:13,646 - ERROR - post_service.post_service.py - FetchPosts - < pn:9431 > - 请求失败
2026-04-14 14:18:13,754 - ERROR - post_service.post_service.py - FetchPosts - < pn:2483 > - 请求失败
2026-04-14 14:18:13,915 - ERROR - post_service.post_service.py - FetchPosts - < pn:2484 > - 请求失败
2026-04-14 14:18:14,556 - ERROR - post_service.post_service.py - FetchPosts - < pn:9433 > - 请求失败
2026-04-14 14:18:14,582 - ERROR - post_service.post_service.py - FetchPosts - < pn:5896 > - 请求失败
2026-04-14 14:18:14,862 - ERROR - post_service.post_service.py - FetchPosts - < pn:5897 > - 请求失败
2026-04-14 14:18:15,051 - ERROR - post_service.post_service.py - FetchPosts - < pn:5898 > - 请求失败
2026-04-14 14:18:15,053 - ERROR - post_service.post_service.py - FetchPosts - < pn:2486 > - 请求失败
2026-04-14 14:18:15,216 - ERROR - post_service.post_service.py - FetchPosts - < pn:5899 > - 请求失败
2026-04-14 14:18:15,383 - ERROR - post_service.post_service.py - FetchPosts - < pn:5900 > - 请求失败
2026-04-14 14:18:15,545 - ERROR - post_service.post_service.py - FetchPosts - < pn:5901 > - 请求失败
2026-04-14 14:18:15,967 - ERROR - post_service.post_service.py - FetchPosts - < pn:9435 > - 请求失败
2026-04-14 14:18:16,142 - ERROR - post_service.post_service.py - FetchPosts - < pn:2488 > - 请求失败
2026-04-14 14:18:16,269 - ERROR - post_service.post_service.py - FetchPosts - < pn:9436 > - 请求失败
2026-04-14 14:18:16,297 - ERROR - post_service.post_service.py - FetchPosts - < pn:5903 > - 请求失败
2026-04-14 14:18:16,469 - ERROR - post_service.post_service.py - FetchPosts - < pn:5904 > - 请求失败
2026-04-14 14:18:17,141 - ERROR - post_service.post_service.py - FetchPosts - < pn:9438 > - 请求失败
2026-04-14 14:18:17,209 - ERROR - post_service.post_service.py - FetchPosts - < pn:5906 > - 请求失败
2026-04-14 14:18:17,353 - ERROR - post_service.post_service.py - FetchPosts - < pn:9439 > - 请求失败
2026-04-14 14:18:17,392 - ERROR - post_service.post_service.py - FetchPosts - < pn:5907 > - 请求失败
2026-04-14 14:18:17,576 - ERROR - post_service.post_service.py - FetchPosts - < pn:5908 > - 请求失败
2026-04-14 14:18:17,842 - ERROR - post_service.post_service.py - FetchPosts - < pn:5909 > - 请求失败
2026-04-14 14:18:17,918 - ERROR - post_service.post_service.py - FetchPosts - < pn:2491 > - 请求失败
2026-04-14 14:18:18,013 - ERROR - post_service.post_service.py - FetchPosts - < pn:5910 > - 请求失败
2026-04-14 14:18:18,192 - ERROR - post_service.post_service.py - FetchPosts - < pn:5911 > - 请求失败
2026-04-14 14:18:18,661 - ERROR - post_service.post_service.py - FetchPosts - < pn:9441 > - 请求失败
2026-04-14 14:18:18,852 - ERROR - post_service.post_service.py - FetchPosts - < pn:2493 > - 请求失败
2026-04-14 14:18:18,889 - ERROR - post_service.post_service.py - FetchPosts - < pn:9442 > - 请求失败
2026-04-14 14:18:18,971 - ERROR - post_service.post_service.py - FetchPosts - < pn:5913 > - 请求失败
2026-04-14 14:18:19,065 - ERROR - post_service.post_service.py - FetchPosts - < pn:9443 > - 请求失败
2026-04-14 14:18:19,149 - ERROR - post_service.post_service.py - FetchPosts - < pn:5914 > - 请求失败
2026-04-14 14:18:19,228 - ERROR - post_service.post_service.py - FetchPosts - < pn:9444 > - 请求失败
2026-04-14 14:18:19,637 - ERROR - post_service.post_service.py - FetchPosts - < pn:2495 > - 请求失败
2026-04-14 14:18:20,415 - ERROR - post_service.post_service.py - FetchPosts - < pn:9446 > - 请求失败
2026-04-14 14:18:21,042 - ERROR - post_service.post_service.py - FetchPosts - < pn:9447 > - 请求失败
2026-04-14 14:18:21,262 - ERROR - post_service.post_service.py - FetchPosts - < pn:2497 > - 请求失败
2026-04-14 14:18:21,316 - ERROR - post_service.post_service.py - FetchPosts - < pn:9448 > - 请求失败
2026-04-14 14:18:21,657 - ERROR - post_service.post_service.py - FetchPosts - < pn:2498 > - 请求失败
2026-04-14 14:18:21,722 - ERROR - post_service.post_service.py - FetchPosts - < pn:9449 > - 请求失败
2026-04-14 14:18:21,964 - ERROR - post_service.post_service.py - FetchPosts - < pn:5918 > - 请求失败
2026-04-14 14:18:22,081 - ERROR - post_service.post_service.py - FetchPosts - < pn:9450 > - 请求失败
2026-04-14 14:18:22,487 - ERROR - post_service.post_service.py - FetchPosts - < pn:9451 > - 请求失败
2026-04-14 14:18:22,713 - ERROR - post_service.post_service.py - FetchPosts - < pn:2500 > - 请求失败
2026-04-14 14:18:22,849 - ERROR - post_service.post_service.py - FetchPosts - < pn:9452 > - 请求失败
2026-04-14 14:18:23,139 - ERROR - post_service.post_service.py - FetchPosts - < pn:2501 > - 请求失败
2026-04-14 14:18:23,503 - ERROR - post_service.post_service.py - FetchPosts - < pn:5920 > - 请求失败
2026-04-14 14:18:23,547 - ERROR - post_service.post_service.py - FetchPosts - < pn:2502 > - 请求失败
2026-04-14 14:18:24,880 - ERROR - post_service.post_service.py - FetchPosts - < pn:2504 > - 请求失败
2026-04-14 14:18:25,744 - ERROR - post_service.post_service.py - FetchPosts - < pn:9457 > - 请求失败
2026-04-14 14:18:25,795 - ERROR - post_service.post_service.py - FetchPosts - < pn:5924 > - 请求失败
2026-04-14 14:18:25,900 - ERROR - content_service.content_service.py - Content-VideoFrag - < floor:0, pid:150718243554, pn:1, ppid:150674558613, ppn:5 > - Failed to download https://tiebac.baidu.com/c/p/voice?voice_md5=fec90545213fa816ef5d162d76d2ab6c_6100602359&play_from=pb_voice_play after 3 attempts
2026-04-14 14:18:25,979 - ERROR - content_service.content_service.py - Content-VideoFrag - < floor:0, pid:150787257584, pn:2, ppid:150674558613, ppn:5 > - Failed to download https://tiebac.baidu.com/c/p/voice?voice_md5=ce61349b4ec606b2336b9964a1766399_4917850669&play_from=pb_voice_play after 3 attempts
2026-04-14 14:18:26,010 - ERROR - post_service.post_service.py - FetchPosts - < pn:9458 > - 请求失败
2026-04-14 14:18:26,137 - ERROR - post_service.post_service.py - FetchPosts - < pn:5925 > - 请求失败
2026-04-14 14:18:26,308 - ERROR - post_service.post_service.py - FetchPosts - < pn:5926 > - 请求失败
2026-04-14 14:18:26,848 - ERROR - post_service.post_service.py - FetchPosts - < pn:9460 > - 请求失败
2026-04-14 14:18:27,092 - ERROR - post_service.post_service.py - FetchPosts - < pn:9461 > - 请求失败
2026-04-14 14:18:27,093 - ERROR - post_service.post_service.py - FetchPosts - < pn:5928 > - 请求失败
2026-04-14 14:18:27,351 - ERROR - post_service.post_service.py - FetchPosts - < pn:9462 > - 请求失败
2026-04-14 14:18:27,957 - ERROR - content_service.content_service.py - Content-VideoFrag - < floor:0, pid:150766053302, pn:2, ppid:150644138106, ppn:2 > - Failed to download https://tiebac.baidu.com/c/p/voice?voice_md5=9f207ef44115b1890dd419de973f4426_4991581361&play_from=pb_voice_play after 3 attempts
2026-04-14 14:18:27,960 - ERROR - content_service.content_service.py - Content-VideoFrag - < floor:0, pid:150753770897, pn:1, ppid:150644138106, ppn:2 > - Failed to download https://tiebac.baidu.com/c/p/voice?voice_md5=2ab77b30ae657ea7743f21a39e14da57_3573807356&play_from=pb_voice_play after 3 attempts
2026-04-14 14:18:28,347 - ERROR - post_service.post_service.py - FetchPosts - < pn:2509 > - 请求失败
2026-04-14 14:18:28,902 - ERROR - content_service.content_service.py - Content-VideoFrag - < floor:0, pid:152663865629, pn:4, ppid:150644138106, ppn:2 > - Failed to download https://tiebac.baidu.com/c/p/voice?voice_md5=2dbdbadfddc1f47c501993a277ce99d0_2866330423&play_from=pb_voice_play after 3 attempts
2026-04-14 14:18:28,905 - ERROR - content_service.content_service.py - Content-VideoFrag - < floor:0, pid:150774448742, pn:3, ppid:150644138106, ppn:2 > - Failed to download https://tiebac.baidu.com/c/p/voice?voice_md5=6fe1ce1fe5a5ab5fd03807229a081d5f_6367208635&play_from=pb_voice_play after 3 attempts
2026-04-14 14:18:29,672 - ERROR - post_service.post_service.py - FetchPosts - < pn:5932 > - 请求失败
2026-04-14 14:18:29,741 - ERROR - post_service.post_service.py - FetchPosts - < pn:9466 > - 请求失败
2026-04-14 14:18:29,874 - ERROR - post_service.post_service.py - FetchPosts - < pn:5933 > - 请求失败
2026-04-14 14:18:31,233 - ERROR - post_service.post_service.py - FetchPosts - < pn:9468 > - 请求失败
2026-04-14 14:18:31,986 - ERROR - post_service.post_service.py - FetchPosts - < pn:5937 > - 请求失败
2026-04-14 14:18:32,006 - ERROR - post_service.post_service.py - FetchPosts - < pn:2515 > - 请求失败
2026-04-14 14:18:32,059 - ERROR - post_service.post_service.py - FetchPosts - < pn:9470 > - 请求失败
2026-04-14 14:18:32,193 - ERROR - post_service.post_service.py - FetchPosts - < pn:2516 > - 请求失败
2026-04-14 14:18:32,244 - ERROR - post_service.post_service.py - FetchPosts - < pn:9471 > - 请求失败
2026-04-14 14:18:32,361 - ERROR - post_service.post_service.py - FetchPosts - < pn:2517 > - 请求失败
2026-04-14 14:18:32,433 - ERROR - post_service.post_service.py - FetchPosts - < pn:9472 > - 请求失败
2026-04-14 14:18:32,687 - ERROR - post_service.post_service.py - FetchPosts - < pn:9473 > - 请求失败
2026-04-14 14:18:32,838 - ERROR - post_service.post_service.py - FetchPosts - < pn:5939 > - 请求失败
2026-04-14 14:18:32,864 - ERROR - post_service.post_service.py - FetchPosts - < pn:9474 > - 请求失败
2026-04-14 14:18:33,010 - ERROR - post_service.post_service.py - FetchPosts - < pn:5940 > - 请求失败
2026-04-14 14:18:33,166 - ERROR - post_service.post_service.py - FetchPosts - < pn:5941 > - 请求失败
2026-04-14 14:18:34,702 - ERROR - post_service.post_service.py - FetchPosts - < pn:5944 > - 请求失败
2026-04-14 14:18:35,062 - ERROR - post_service.post_service.py - FetchPosts - < pn:2521 > - 请求失败
2026-04-14 14:18:35,243 - ERROR - post_service.post_service.py - FetchPosts - < pn:2522 > - 请求失败
2026-04-14 14:18:35,474 - ERROR - post_service.post_service.py - FetchPosts - < pn:2523 > - 请求失败
2026-04-14 14:18:35,614 - ERROR - post_service.post_service.py - FetchPosts - < pn:9479 > - 请求失败
2026-04-14 14:18:35,698 - ERROR - post_service.post_service.py - FetchPosts - < pn:2524 > - 请求失败
2026-04-14 14:18:35,778 - ERROR - post_service.post_service.py - FetchPosts - < pn:9480 > - 请求失败
2026-04-14 14:18:35,904 - ERROR - content_service.content_service.py - Content-VideoFrag - < floor:0, pid:151072930988, pn:4, ppid:150655710089, ppn:3 > - Failed to download https://tiebac.baidu.com/c/p/voice?voice_md5=ca1f8ae2795669066ffd868e1fa91d67_2155496918&play_from=pb_voice_play after 3 attempts
2026-04-14 14:18:36,483 - ERROR - post_service.post_service.py - FetchPosts - < pn:9481 > - 请求失败
2026-04-14 14:18:36,679 - ERROR - post_service.post_service.py - FetchPosts - < pn:2526 > - 请求失败
2026-04-14 14:18:36,759 - ERROR - post_service.post_service.py - FetchPosts - < pn:9482 > - 请求失败
2026-04-14 14:18:36,858 - ERROR - post_service.post_service.py - FetchPosts - < pn:2527 > - 请求失败
2026-04-14 14:18:37,249 - ERROR - post_service.post_service.py - FetchPosts - < pn:5948 > - 请求失败
2026-04-14 14:18:37,640 - ERROR - post_service.post_service.py - FetchPosts - < pn:5949 > - 请求失败
2026-04-14 14:18:38,873 - ERROR - post_service.post_service.py - FetchPosts - < pn:5951 > - 请求失败
2026-04-14 14:18:39,714 - ERROR - post_service.post_service.py - FetchPosts - < pn:9487 > - 请求失败
2026-04-14 14:18:39,774 - ERROR - post_service.post_service.py - FetchPosts - < pn:2531 > - 请求失败
2026-04-14 14:18:39,811 - ERROR - post_service.post_service.py - FetchPosts - < pn:5953 > - 请求失败
2026-04-14 14:18:39,911 - ERROR - post_service.post_service.py - FetchPosts - < pn:9488 > - 请求失败
2026-04-14 14:18:39,961 - ERROR - post_service.post_service.py - FetchPosts - < pn:2532 > - 请求失败
2026-04-14 14:18:40,258 - ERROR - post_service.post_service.py - FetchPosts - < pn:2533 > - 请求失败
2026-04-14 14:18:40,435 - ERROR - post_service.post_service.py - FetchPosts - < pn:2534 > - 请求失败
2026-04-14 14:18:40,800 - ERROR - post_service.post_service.py - FetchPosts - < pn:2535 > - 请求失败
2026-04-14 14:18:41,553 - ERROR - post_service.post_service.py - FetchPosts - < pn:5956 > - 请求失败
2026-04-14 14:18:41,719 - ERROR - post_service.post_service.py - FetchPosts - < pn:2537 > - 请求失败
2026-04-14 14:18:41,724 - ERROR - post_service.post_service.py - FetchPosts - < pn:5957 > - 请求失败
2026-04-14 14:18:41,968 - ERROR - post_service.post_service.py - FetchPosts - < pn:9491 > - 请求失败
2026-04-14 14:18:41,971 - ERROR - post_service.post_service.py - FetchPosts - < pn:5958 > - 请求失败
2026-04-14 14:18:42,148 - ERROR - post_service.post_service.py - FetchPosts - < pn:5959 > - 请求失败
2026-04-14 14:18:42,314 - ERROR - post_service.post_service.py - FetchPosts - < pn:5960 > - 请求失败
2026-04-14 14:18:43,280 - ERROR - post_service.post_service.py - FetchPosts - < pn:9493 > - 请求失败
2026-04-14 14:18:43,471 - ERROR - post_service.post_service.py - FetchPosts - < pn:2540 > - 请求失败
2026-04-14 14:18:43,624 - ERROR - post_service.post_service.py - FetchPosts - < pn:5962 > - 请求失败
2026-04-14 14:18:43,641 - ERROR - post_service.post_service.py - FetchPosts - < pn:2541 > - 请求失败
2026-04-14 14:18:43,836 - ERROR - post_service.post_service.py - FetchPosts - < pn:2542 > - 请求失败
2026-04-14 14:18:44,655 - ERROR - post_service.post_service.py - FetchPosts - < pn:9496 > - 请求失败
2026-04-14 14:18:44,727 - ERROR - post_service.post_service.py - FetchPosts - < pn:5964 > - 请求失败
2026-04-14 14:18:44,818 - ERROR - post_service.post_service.py - FetchPosts - < pn:9497 > - 请求失败
2026-04-14 14:18:45,075 - ERROR - post_service.post_service.py - FetchPosts - < pn:9498 > - 请求失败
2026-04-14 14:18:45,374 - ERROR - post_service.post_service.py - FetchPosts - < pn:9499 > - 请求失败
2026-04-14 14:18:45,633 - ERROR - post_service.post_service.py - FetchPosts - < pn:9500 > - 请求失败
2026-04-14 14:18:45,799 - ERROR - post_service.post_service.py - FetchPosts - < pn:2545 > - 请求失败
2026-04-14 14:18:45,809 - ERROR - post_service.post_service.py - FetchPosts - < pn:9501 > - 请求失败
2026-04-14 14:18:45,993 - ERROR - post_service.post_service.py - FetchPosts - < pn:9502 > - 请求失败
2026-04-14 14:18:46,252 - ERROR - post_service.post_service.py - FetchPosts - < pn:9503 > - 请求失败
2026-04-14 14:18:46,281 - ERROR - post_service.post_service.py - FetchPosts - < pn:5967 > - 请求失败
2026-04-14 14:18:46,413 - ERROR - post_service.post_service.py - FetchPosts - < pn:9504 > - 请求失败
2026-04-14 14:18:46,503 - ERROR - post_service.post_service.py - FetchPosts - < pn:5968 > - 请求失败
2026-04-14 14:18:46,675 - ERROR - post_service.post_service.py - FetchPosts - < pn:2547 > - 请求失败
2026-04-14 14:18:46,851 - ERROR - post_service.post_service.py - FetchPosts - < pn:2548 > - 请求失败
2026-04-14 14:18:48,608 - ERROR - post_service.post_service.py - FetchPosts - < pn:9508 > - 请求失败
2026-04-14 14:18:48,998 - ERROR - post_service.post_service.py - FetchPosts - < pn:5973 > - 请求失败
2026-04-14 14:18:49,031 - ERROR - post_service.post_service.py - FetchPosts - < pn:9509 > - 请求失败
2026-04-14 14:18:49,188 - ERROR - post_service.post_service.py - FetchPosts - < pn:9510 > - 请求失败
2026-04-14 14:18:49,599 - ERROR - post_service.post_service.py - FetchPosts - < pn:9511 > - 请求失败
2026-04-14 14:18:51,164 - ERROR - post_service.post_service.py - FetchPosts - < pn:9514 > - 请求失败
2026-04-14 14:18:51,235 - ERROR - post_service.post_service.py - FetchPosts - < pn:5977 > - 请求失败
2026-04-14 14:18:51,402 - ERROR - post_service.post_service.py - FetchPosts - < pn:5978 > - 请求失败
2026-04-14 14:18:51,931 - ERROR - post_service.post_service.py - FetchPosts - < pn:9516 > - 请求失败
2026-04-14 14:18:52,321 - ERROR - post_service.post_service.py - FetchPosts - < pn:5980 > - 请求失败
2026-04-14 14:18:52,563 - ERROR - post_service.post_service.py - FetchPosts - < pn:2556 > - 请求失败
2026-04-14 14:18:52,612 - ERROR - post_service.post_service.py - FetchPosts - < pn:5981 > - 请求失败
2026-04-14 14:18:52,778 - ERROR - post_service.post_service.py - FetchPosts - < pn:5982 > - 请求失败
2026-04-14 14:18:53,039 - ERROR - post_service.post_service.py - FetchPosts - < pn:5983 > - 请求失败
2026-04-14 14:18:53,198 - ERROR - post_service.post_service.py - FetchPosts - < pn:9518 > - 请求失败
2026-04-14 14:18:53,199 - ERROR - post_service.post_service.py - FetchPosts - < pn:5984 > - 请求失败
2026-04-14 14:18:53,468 - ERROR - post_service.post_service.py - FetchPosts - < pn:5985 > - 请求失败
2026-04-14 14:18:54,340 - ERROR - post_service.post_service.py - FetchPosts - < pn:2559 > - 请求失败
2026-04-14 14:18:54,957 - ERROR - post_service.post_service.py - FetchPosts - < pn:5988 > - 请求失败
2026-04-14 14:18:55,425 - ERROR - post_service.post_service.py - FetchPosts - < pn:5989 > - 请求失败
2026-04-14 14:18:55,514 - ERROR - post_service.post_service.py - FetchPosts - < pn:9521 > - 请求失败
2026-04-14 14:18:55,649 - ERROR - post_service.post_service.py - FetchPosts - < pn:2562 > - 请求失败
2026-04-14 14:18:55,733 - ERROR - post_service.post_service.py - FetchPosts - < pn:9522 > - 请求失败
2026-04-14 14:18:55,812 - ERROR - post_service.post_service.py - FetchPosts - < pn:2563 > - 请求失败
2026-04-14 14:18:56,493 - ERROR - post_service.post_service.py - FetchPosts - < pn:9524 > - 请求失败
2026-04-14 14:18:56,531 - ERROR - post_service.post_service.py - FetchPosts - < pn:5991 > - 请求失败
2026-04-14 14:18:57,259 - ERROR - post_service.post_service.py - FetchPosts - < pn:2565 > - 请求失败
2026-04-14 14:18:57,408 - ERROR - post_service.post_service.py - FetchPosts - < pn:5993 > - 请求失败
2026-04-14 14:18:57,468 - ERROR - post_service.post_service.py - FetchPosts - < pn:2566 > - 请求失败
2026-04-14 14:18:57,674 - ERROR - post_service.post_service.py - FetchPosts - < pn:2567 > - 请求失败
2026-04-14 14:18:57,866 - ERROR - post_service.post_service.py - FetchPosts - < pn:2568 > - 请求失败
2026-04-14 14:18:58,038 - ERROR - post_service.post_service.py - FetchPosts - < pn:9527 > - 请求失败
2026-04-14 14:18:58,141 - ERROR - post_service.post_service.py - FetchPosts - < pn:2569 > - 请求失败
2026-04-14 14:18:58,183 - ERROR - post_service.post_service.py - FetchPosts - < pn:9528 > - 请求失败
2026-04-14 14:18:59,222 - ERROR - post_service.post_service.py - FetchPosts - < pn:2571 > - 请求失败
2026-04-14 14:18:59,230 - ERROR - post_service.post_service.py - FetchPosts - < pn:9530 > - 请求失败
2026-04-14 14:18:59,388 - ERROR - post_service.post_service.py - FetchPosts - < pn:9531 > - 请求失败
2026-04-14 14:18:59,641 - ERROR - post_service.post_service.py - FetchPosts - < pn:9532 > - 请求失败
2026-04-14 14:18:59,748 - ERROR - post_service.post_service.py - FetchPosts - < pn:5996 > - 请求失败
2026-04-14 14:18:59,809 - ERROR - post_service.post_service.py - FetchPosts - < pn:9533 > - 请求失败
2026-04-14 14:19:00,273 - ERROR - post_service.post_service.py - FetchPosts - < pn:2573 > - 请求失败
2026-04-14 14:19:01,174 - ERROR - post_service.post_service.py - FetchPosts - < pn:9535 > - 请求失败
2026-04-14 14:19:01,377 - ERROR - post_service.post_service.py - FetchPosts - < pn:9536 > - 请求失败
2026-04-14 14:19:01,620 - ERROR - post_service.post_service.py - FetchPosts - < pn:9537 > - 请求失败
2026-04-14 14:19:02,387 - ERROR - post_service.post_service.py - FetchPosts - < pn:6000 > - 请求失败
2026-04-14 14:19:02,432 - ERROR - post_service.post_service.py - FetchPosts - < pn:9539 > - 请求失败
2026-04-14 14:19:02,610 - ERROR - post_service.post_service.py - FetchPosts - < pn:9540 > - 请求失败
2026-04-14 14:19:02,926 - ERROR - post_service.post_service.py - FetchPosts - < pn:9541 > - 请求失败
2026-04-14 14:19:03,011 - ERROR - post_service.post_service.py - FetchPosts - < pn:2578 > - 请求失败
2026-04-14 14:19:03,100 - ERROR - post_service.post_service.py - FetchPosts - < pn:9542 > - 请求失败
2026-04-14 14:19:03,239 - ERROR - post_service.post_service.py - FetchPosts - < pn:2579 > - 请求失败
2026-04-14 14:19:03,362 - ERROR - post_service.post_service.py - FetchPosts - < pn:9543 > - 请求失败
2026-04-14 14:19:03,486 - ERROR - post_service.post_service.py - FetchPosts - < pn:2580 > - 请求失败
2026-04-14 14:19:03,521 - ERROR - post_service.post_service.py - FetchPosts - < pn:9544 > - 请求失败
2026-04-14 14:19:03,653 - ERROR - post_service.post_service.py - FetchPosts - < pn:2581 > - 请求失败
2026-04-14 14:19:03,706 - ERROR - post_service.post_service.py - FetchPosts - < pn:9545 > - 请求失败
2026-04-14 14:19:03,842 - ERROR - post_service.post_service.py - FetchPosts - < pn:2582 > - 请求失败
2026-04-14 14:19:03,877 - ERROR - post_service.post_service.py - FetchPosts - < pn:9546 > - 请求失败
2026-04-14 14:19:05,056 - ERROR - post_service.post_service.py - FetchPosts - < pn:6004 > - 请求失败
2026-04-14 14:19:05,140 - ERROR - post_service.post_service.py - FetchPosts - < pn:2585 > - 请求失败
2026-04-14 14:19:05,142 - ERROR - post_service.post_service.py - FetchPosts - < pn:9548 > - 请求失败
2026-04-14 14:19:05,353 - ERROR - post_service.post_service.py - FetchPosts - < pn:2586 > - 请求失败
2026-04-14 14:19:05,365 - ERROR - post_service.post_service.py - FetchPosts - < pn:9549 > - 请求失败
2026-04-14 14:19:05,511 - ERROR - post_service.post_service.py - FetchPosts - < pn:2587 > - 请求失败
2026-04-14 14:19:05,540 - ERROR - post_service.post_service.py - FetchPosts - < pn:9550 > - 请求失败
2026-04-14 14:19:06,506 - ERROR - post_service.post_service.py - FetchPosts - < pn:2589 > - 请求失败
2026-04-14 14:19:07,355 - ERROR - post_service.post_service.py - FetchPosts - < pn:9553 > - 请求失败
2026-04-14 14:19:07,439 - ERROR - post_service.post_service.py - FetchPosts - < pn:2591 > - 请求失败
2026-04-14 14:19:07,561 - ERROR - post_service.post_service.py - FetchPosts - < pn:9554 > - 请求失败
2026-04-14 14:19:07,593 - ERROR - post_service.post_service.py - FetchPosts - < pn:2592 > - 请求失败
2026-04-14 14:19:07,722 - ERROR - post_service.post_service.py - FetchPosts - < pn:9555 > - 请求失败
2026-04-14 14:19:10,814 - ERROR - post_service.post_service.py - FetchPosts - < pn:2597 > - 请求失败
2026-04-14 14:19:11,195 - ERROR - post_service.post_service.py - FetchPosts - < pn:2598 > - 请求失败
2026-04-14 14:19:11,250 - ERROR - post_service.post_service.py - FetchPosts - < pn:9560 > - 请求失败
2026-04-14 14:19:11,441 - ERROR - post_service.post_service.py - FetchPosts - < pn:9561 > - 请求失败
2026-04-14 14:19:11,508 - ERROR - post_service.post_service.py - FetchPosts - < pn:2599 > - 请求失败
2026-04-14 14:19:11,617 - ERROR - post_service.post_service.py - FetchPosts - < pn:9562 > - 请求失败
2026-04-14 14:19:11,693 - ERROR - post_service.post_service.py - FetchPosts - < pn:2600 > - 请求失败
2026-04-14 14:19:11,870 - ERROR - post_service.post_service.py - FetchPosts - < pn:9563 > - 请求失败
2026-04-14 14:19:12,653 - ERROR - post_service.post_service.py - FetchPosts - < pn:2602 > - 请求失败
2026-04-14 14:19:14,965 - ERROR - post_service.post_service.py - FetchPosts - < pn:6018 > - 请求失败
2026-04-14 14:19:14,994 - ERROR - post_service.post_service.py - FetchPosts - < pn:9568 > - 请求失败
2026-04-14 14:19:15,263 - ERROR - post_service.post_service.py - FetchPosts - < pn:9569 > - 请求失败
2026-04-14 14:19:15,270 - ERROR - post_service.post_service.py - FetchPosts - < pn:2606 > - 请求失败
2026-04-14 14:19:15,965 - ERROR - post_service.post_service.py - FetchPosts - < pn:6020 > - 请求失败
2026-04-14 14:19:16,090 - ERROR - post_service.post_service.py - FetchPosts - < pn:9571 > - 请求失败
2026-04-14 14:19:16,146 - ERROR - post_service.post_service.py - FetchPosts - < pn:2608 > - 请求失败
2026-04-14 14:19:16,913 - ERROR - post_service.post_service.py - FetchPosts - < pn:6022 > - 请求失败
2026-04-14 14:19:17,816 - ERROR - post_service.post_service.py - FetchPosts - < pn:9574 > - 请求失败
2026-04-14 14:19:17,853 - ERROR - post_service.post_service.py - FetchPosts - < pn:6024 > - 请求失败
2026-04-14 14:19:18,562 - ERROR - post_service.post_service.py - FetchPosts - < pn:9576 > - 请求失败
2026-04-14 14:19:19,267 - ERROR - post_service.post_service.py - FetchPosts - < pn:2613 > - 请求失败
2026-04-14 14:19:19,269 - ERROR - post_service.post_service.py - FetchPosts - < pn:6026 > - 请求失败
2026-04-14 14:19:19,390 - ERROR - post_service.post_service.py - FetchPosts - < pn:9578 > - 请求失败
2026-04-14 14:19:20,163 - ERROR - post_service.post_service.py - FetchPosts - < pn:6028 > - 请求失败
2026-04-14 14:19:20,337 - ERROR - post_service.post_service.py - FetchPosts - < pn:6029 > - 请求失败
2026-04-14 14:19:21,087 - ERROR - post_service.post_service.py - FetchPosts - < pn:9581 > - 请求失败
2026-04-14 14:19:21,138 - ERROR - post_service.post_service.py - FetchPosts - < pn:2616 > - 请求失败
2026-04-14 14:19:21,179 - ERROR - post_service.post_service.py - FetchPosts - < pn:6031 > - 请求失败
2026-04-14 14:19:21,244 - ERROR - post_service.post_service.py - FetchPosts - < pn:9582 > - 请求失败
2026-04-14 14:19:21,334 - ERROR - post_service.post_service.py - FetchPosts - < pn:6032 > - 请求失败
2026-04-14 14:19:21,417 - ERROR - post_service.post_service.py - FetchPosts - < pn:9583 > - 请求失败
2026-04-14 14:19:21,507 - ERROR - post_service.post_service.py - FetchPosts - < pn:6033 > - 请求失败
2026-04-14 14:19:21,899 - ERROR - post_service.post_service.py - FetchPosts - < pn:2618 > - 请求失败
2026-04-14 14:19:22,155 - ERROR - post_service.post_service.py - FetchPosts - < pn:2619 > - 请求失败
2026-04-14 14:19:22,306 - ERROR - post_service.post_service.py - FetchPosts - < pn:9585 > - 请求失败
2026-04-14 14:19:22,318 - ERROR - post_service.post_service.py - FetchPosts - < pn:6035 > - 请求失败
2026-04-14 14:19:22,391 - ERROR - post_service.post_service.py - FetchPosts - < pn:2620 > - 请求失败
2026-04-14 14:19:23,720 - ERROR - post_service.post_service.py - FetchPosts - < pn:6038 > - 请求失败
2026-04-14 14:19:23,981 - ERROR - post_service.post_service.py - FetchPosts - < pn:6039 > - 请求失败
2026-04-14 14:19:25,064 - ERROR - post_service.post_service.py - FetchPosts - < pn:6041 > - 请求失败
2026-04-14 14:19:25,347 - ERROR - post_service.post_service.py - FetchPosts - < pn:2625 > - 请求失败
2026-04-14 14:19:26,144 - ERROR - post_service.post_service.py - FetchPosts - < pn:6043 > - 请求失败
2026-04-14 14:19:26,318 - ERROR - post_service.post_service.py - FetchPosts - < pn:6044 > - 请求失败
2026-04-14 14:19:26,484 - ERROR - post_service.post_service.py - FetchPosts - < pn:6045 > - 请求失败
2026-04-14 14:19:26,823 - ERROR - post_service.post_service.py - FetchPosts - < pn:2628 > - 请求失败
2026-04-14 14:19:27,095 - ERROR - post_service.post_service.py - FetchPosts - < pn:2629 > - 请求失败
2026-04-14 14:19:27,137 - ERROR - post_service.post_service.py - FetchPosts - < pn:9592 > - 请求失败
2026-04-14 14:19:27,367 - ERROR - post_service.post_service.py - FetchPosts - < pn:2630 > - 请求失败
2026-04-14 14:19:27,403 - ERROR - post_service.post_service.py - FetchPosts - < pn:9593 > - 请求失败
2026-04-14 14:19:27,436 - ERROR - post_service.post_service.py - FetchPosts - < pn:6047 > - 请求失败
2026-04-14 14:19:27,576 - ERROR - post_service.post_service.py - FetchPosts - < pn:9594 > - 请求失败
2026-04-14 14:19:29,045 - ERROR - post_service.post_service.py - FetchPosts - < pn:6050 > - 请求失败
2026-04-14 14:19:29,210 - ERROR - post_service.post_service.py - FetchPosts - < pn:6051 > - 请求失败
2026-04-14 14:19:29,388 - ERROR - post_service.post_service.py - FetchPosts - < pn:6052 > - 请求失败
2026-04-14 14:19:30,623 - ERROR - post_service.post_service.py - FetchPosts - < pn:9599 > - 请求失败
2026-04-14 14:19:30,881 - ERROR - post_service.post_service.py - FetchPosts - < pn:9600 > - 请求失败
2026-04-14 14:19:31,004 - ERROR - post_service.post_service.py - FetchPosts - < pn:2635 > - 请求失败
2026-04-14 14:19:31,167 - ERROR - post_service.post_service.py - FetchPosts - < pn:2636 > - 请求失败
2026-04-14 14:19:31,428 - ERROR - post_service.post_service.py - FetchPosts - < pn:2637 > - 请求失败
2026-04-14 14:19:31,651 - ERROR - post_service.post_service.py - FetchPosts - < pn:9602 > - 请求失败
2026-04-14 14:19:31,654 - ERROR - post_service.post_service.py - FetchPosts - < pn:6056 > - 请求失败
2026-04-14 14:19:31,695 - ERROR - post_service.post_service.py - FetchPosts - < pn:2638 > - 请求失败
2026-04-14 14:19:31,819 - ERROR - post_service.post_service.py - FetchPosts - < pn:6057 > - 请求失败
2026-04-14 14:19:31,825 - ERROR - post_service.post_service.py - FetchPosts - < pn:9603 > - 请求失败
2026-04-14 14:19:31,847 - ERROR - post_service.post_service.py - FetchPosts - < pn:2639 > - 请求失败
2026-04-14 14:19:31,982 - ERROR - post_service.post_service.py - FetchPosts - < pn:6058 > - 请求失败
2026-04-14 14:19:32,024 - ERROR - post_service.post_service.py - FetchPosts - < pn:2640 > - 请求失败
2026-04-14 14:19:32,133 - ERROR - post_service.post_service.py - FetchPosts - < pn:6059 > - 请求失败
2026-04-14 14:19:32,319 - ERROR - post_service.post_service.py - FetchPosts - < pn:6060 > - 请求失败
2026-04-14 14:19:32,483 - ERROR - post_service.post_service.py - FetchPosts - < pn:6061 > - 请求失败
2026-04-14 14:19:32,768 - ERROR - post_service.post_service.py - FetchPosts - < pn:6062 > - 请求失败
2026-04-14 14:19:32,788 - ERROR - post_service.post_service.py - FetchPosts - < pn:2642 > - 请求失败
2026-04-14 14:19:32,996 - ERROR - post_service.post_service.py - FetchPosts - < pn:6063 > - 请求失败
2026-04-14 14:19:33,137 - ERROR - post_service.post_service.py - FetchPosts - < pn:9605 > - 请求失败
2026-04-14 14:19:33,199 - ERROR - post_service.post_service.py - FetchPosts - < pn:6064 > - 请求失败
2026-04-14 14:19:33,413 - ERROR - post_service.post_service.py - FetchPosts - < pn:9606 > - 请求失败
2026-04-14 14:19:33,580 - ERROR - post_service.post_service.py - FetchPosts - < pn:9607 > - 请求失败
2026-04-14 14:19:33,590 - ERROR - post_service.post_service.py - FetchPosts - < pn:2644 > - 请求失败
2026-04-14 14:19:33,986 - ERROR - post_service.post_service.py - FetchPosts - < pn:6066 > - 请求失败
2026-04-14 14:19:34,195 - ERROR - post_service.post_service.py - FetchPosts - < pn:6067 > - 请求失败
2026-04-14 14:19:34,320 - ERROR - post_service.post_service.py - FetchPosts - < pn:9609 > - 请求失败
2026-04-14 14:19:34,498 - ERROR - post_service.post_service.py - FetchPosts - < pn:9610 > - 请求失败
2026-04-14 14:19:35,158 - ERROR - post_service.post_service.py - FetchPosts - < pn:2646 > - 请求失败
2026-04-14 14:19:35,331 - ERROR - post_service.post_service.py - FetchPosts - < pn:2647 > - 请求失败
2026-04-14 14:19:35,929 - ERROR - post_service.post_service.py - FetchPosts - < pn:6070 > - 请求失败
2026-04-14 14:19:35,969 - ERROR - post_service.post_service.py - FetchPosts - < pn:9613 > - 请求失败
2026-04-14 14:19:36,098 - ERROR - post_service.post_service.py - FetchPosts - < pn:2649 > - 请求失败
2026-04-14 14:19:36,360 - ERROR - post_service.post_service.py - FetchPosts - < pn:2650 > - 请求失败
2026-04-14 14:19:37,087 - ERROR - post_service.post_service.py - FetchPosts - < pn:6072 > - 请求失败
2026-04-14 14:19:37,451 - ERROR - post_service.post_service.py - FetchPosts - < pn:2652 > - 请求失败
2026-04-14 14:19:38,249 - ERROR - post_service.post_service.py - FetchPosts - < pn:9617 > - 请求失败
2026-04-14 14:19:38,267 - ERROR - post_service.post_service.py - FetchPosts - < pn:6074 > - 请求失败
2026-04-14 14:19:38,538 - ERROR - post_service.post_service.py - FetchPosts - < pn:6075 > - 请求失败
2026-04-14 14:19:39,348 - ERROR - post_service.post_service.py - FetchPosts - < pn:9619 > - 请求失败
2026-04-14 14:19:39,383 - ERROR - post_service.post_service.py - FetchPosts - < pn:2655 > - 请求失败
2026-04-14 14:19:39,389 - ERROR - post_service.post_service.py - FetchPosts - < pn:6077 > - 请求失败
2026-04-14 14:19:39,519 - ERROR - post_service.post_service.py - FetchPosts - < pn:9620 > - 请求失败
2026-04-14 14:19:39,573 - ERROR - post_service.post_service.py - FetchPosts - < pn:6078 > - 请求失败
2026-04-14 14:19:39,690 - ERROR - post_service.post_service.py - FetchPosts - < pn:9621 > - 请求失败
2026-04-14 14:19:39,858 - ERROR - post_service.post_service.py - FetchPosts - < pn:9622 > - 请求失败
2026-04-14 14:19:40,159 - ERROR - post_service.post_service.py - FetchPosts - < pn:9623 > - 请求失败
2026-04-14 14:19:41,163 - ERROR - post_service.post_service.py - FetchPosts - < pn:2658 > - 请求失败
2026-04-14 14:19:41,332 - ERROR - post_service.post_service.py - FetchPosts - < pn:2659 > - 请求失败
2026-04-14 14:19:42,044 - ERROR - post_service.post_service.py - FetchPosts - < pn:9626 > - 请求失败
2026-04-14 14:19:42,144 - ERROR - post_service.post_service.py - FetchPosts - < pn:2661 > - 请求失败
2026-04-14 14:19:43,308 - ERROR - post_service.post_service.py - FetchPosts - < pn:6084 > - 请求失败
2026-04-14 14:19:43,578 - ERROR - post_service.post_service.py - FetchPosts - < pn:2663 > - 请求失败
2026-04-14 14:19:43,920 - ERROR - post_service.post_service.py - FetchPosts - < pn:9629 > - 请求失败
2026-04-14 14:19:44,216 - ERROR - post_service.post_service.py - FetchPosts - < pn:9630 > - 请求失败
2026-04-14 14:19:44,390 - ERROR - post_service.post_service.py - FetchPosts - < pn:9631 > - 请求失败
2026-04-14 14:19:44,913 - ERROR - content_service.content_service.py - Content-VideoFrag - < floor:0, pid:150760416938, pn:3, ppid:150665620776, ppn:4 > - Failed to download https://tiebac.baidu.com/c/p/voice?voice_md5=df704c2cd8dbc04cb7fefe2bea0c552a_2974307651&play_from=pb_voice_play after 3 attempts
2026-04-14 14:19:45,531 - ERROR - post_service.post_service.py - FetchPosts - < pn:6087 > - 请求失败
2026-04-14 14:19:45,543 - ERROR - post_service.post_service.py - FetchPosts - < pn:2667 > - 请求失败
2026-04-14 14:19:45,795 - ERROR - post_service.post_service.py - FetchPosts - < pn:6088 > - 请求失败
2026-04-14 14:19:45,899 - ERROR - content_service.content_service.py - Content-VideoFrag - < floor:0, pid:150815714725, pn:4, ppid:150665620776, ppn:4 > - Failed to download https://tiebac.baidu.com/c/p/voice?voice_md5=eb13ef32d597d8a351e2b4461af76aa1_3521911436&play_from=pb_voice_play after 3 attempts
2026-04-14 14:19:45,971 - ERROR - post_service.post_service.py - FetchPosts - < pn:6089 > - 请求失败
2026-04-14 14:19:46,399 - ERROR - post_service.post_service.py - FetchPosts - < pn:2669 > - 请求失败
2026-04-14 14:19:47,305 - ERROR - post_service.post_service.py - FetchPosts - < pn:9636 > - 请求失败
2026-04-14 14:19:47,809 - ERROR - post_service.post_service.py - FetchPosts - < pn:6092 > - 请求失败
2026-04-14 14:19:48,076 - ERROR - post_service.post_service.py - FetchPosts - < pn:6093 > - 请求失败
2026-04-14 14:19:49,150 - ERROR - post_service.post_service.py - FetchPosts - < pn:9639 > - 请求失败
2026-04-14 14:19:49,955 - ERROR - post_service.post_service.py - FetchPosts - < pn:2673 > - 请求失败
2026-04-14 14:19:50,020 - ERROR - post_service.post_service.py - FetchPosts - < pn:9641 > - 请求失败
2026-04-14 14:19:50,307 - ERROR - post_service.post_service.py - FetchPosts - < pn:9642 > - 请求失败
2026-04-14 14:19:50,353 - ERROR - post_service.post_service.py - FetchPosts - < pn:6097 > - 请求失败
2026-04-14 14:19:50,552 - ERROR - post_service.post_service.py - FetchPosts - < pn:9643 > - 请求失败
2026-04-14 14:19:50,619 - ERROR - post_service.post_service.py - FetchPosts - < pn:6098 > - 请求失败
2026-04-14 14:19:50,697 - ERROR - post_service.post_service.py - FetchPosts - < pn:2675 > - 请求失败
2026-04-14 14:19:50,707 - ERROR - post_service.post_service.py - FetchPosts - < pn:9644 > - 请求失败
2026-04-14 14:19:50,811 - ERROR - post_service.post_service.py - FetchPosts - < pn:6099 > - 请求失败
2026-04-14 14:19:51,553 - ERROR - post_service.post_service.py - FetchPosts - < pn:9646 > - 请求失败
2026-04-14 14:19:51,713 - ERROR - post_service.post_service.py - FetchPosts - < pn:9647 > - 请求失败
2026-04-14 14:19:52,801 - ERROR - post_service.post_service.py - FetchPosts - < pn:2679 > - 请求失败
2026-04-14 14:19:52,826 - ERROR - post_service.post_service.py - FetchPosts - < pn:9649 > - 请求失败
2026-04-14 14:19:53,076 - ERROR - post_service.post_service.py - FetchPosts - < pn:2680 > - 请求失败
2026-04-14 14:19:53,091 - ERROR - post_service.post_service.py - FetchPosts - < pn:9650 > - 请求失败
2026-04-14 14:19:53,186 - ERROR - post_service.post_service.py - FetchPosts - < pn:6102 > - 请求失败
2026-04-14 14:19:55,386 - ERROR - post_service.post_service.py - FetchPosts - < pn:6106 > - 请求失败
2026-04-14 14:19:55,488 - ERROR - post_service.post_service.py - FetchPosts - < pn:9654 > - 请求失败
2026-04-14 14:19:55,541 - ERROR - post_service.post_service.py - FetchPosts - < pn:6107 > - 请求失败
2026-04-14 14:19:55,757 - ERROR - post_service.post_service.py - FetchPosts - < pn:9655 > - 请求失败
2026-04-14 14:19:55,910 - ERROR - post_service.post_service.py - FetchPosts - < pn:9656 > - 请求失败
2026-04-14 14:19:56,766 - ERROR - post_service.post_service.py - FetchPosts - < pn:2686 > - 请求失败
2026-04-14 14:19:56,871 - ERROR - post_service.post_service.py - FetchPosts - < pn:6110 > - 请求失败
2026-04-14 14:19:56,934 - ERROR - post_service.post_service.py - FetchPosts - < pn:2687 > - 请求失败
2026-04-14 14:19:57,050 - ERROR - post_service.post_service.py - FetchPosts - < pn:6111 > - 请求失败
2026-04-14 14:19:57,107 - ERROR - post_service.post_service.py - FetchPosts - < pn:2688 > - 请求失败
2026-04-14 14:19:57,318 - ERROR - post_service.post_service.py - FetchPosts - < pn:2689 > - 请求失败
2026-04-14 14:19:58,915 - ERROR - content_service.content_service.py - Content-VideoFrag - < floor:0, pid:150828230201, pn:2, ppid:150674558613, ppn:5 > - Failed to download https://tiebac.baidu.com/c/p/voice?voice_md5=de3a1e3afb54719fc5bf77f1373307d0_5983162112&play_from=pb_voice_play after 3 attempts
2026-04-14 14:19:59,124 - ERROR - post_service.post_service.py - FetchPosts - < pn:6114 > - 请求失败
2026-04-14 14:19:59,880 - ERROR - post_service.post_service.py - FetchPosts - < pn:2693 > - 请求失败
2026-04-14 14:20:01,032 - ERROR - content_service.content_service.py - Content-VideoFrag - < floor:0, pid:150766229255, pn:2, ppid:150644138106, ppn:2 > - Failed to download https://tiebac.baidu.com/c/p/voice?voice_md5=1953a463612a8d53595101e6b4ed43c2_1728899293&play_from=pb_voice_play after 3 attempts
2026-04-14 14:20:01,329 - ERROR - post_service.post_service.py - FetchPosts - < pn:2695 > - 请求失败
2026-04-14 14:20:01,385 - ERROR - post_service.post_service.py - FetchPosts - < pn:9664 > - 请求失败
2026-04-14 14:20:01,503 - ERROR - post_service.post_service.py - FetchPosts - < pn:2696 > - 请求失败
2026-04-14 14:20:01,559 - ERROR - post_service.post_service.py - FetchPosts - < pn:9665 > - 请求失败
2026-04-14 14:20:01,756 - ERROR - post_service.post_service.py - FetchPosts - < pn:9666 > - 请求失败
2026-04-14 14:20:01,934 - ERROR - content_service.content_service.py - Content-VideoFrag - < floor:0, pid:150774804337, pn:3, ppid:150644138106, ppn:2 > - Failed to download https://tiebac.baidu.com/c/p/voice?voice_md5=41829f5a7d8495f7517cb2a4d8a6bc9f_6380720620&play_from=pb_voice_play after 3 attempts
2026-04-14 14:20:02,073 - ERROR - post_service.post_service.py - FetchPosts - < pn:9667 > - 请求失败
2026-04-14 14:20:02,514 - ERROR - post_service.post_service.py - FetchPosts - < pn:2698 > - 请求失败
2026-04-14 14:20:02,701 - ERROR - post_service.post_service.py - FetchPosts - < pn:2699 > - 请求失败
2026-04-14 14:20:02,701 - ERROR - post_service.post_service.py - FetchPosts - < pn:6119 > - 请求失败
2026-04-14 14:20:02,887 - ERROR - post_service.post_service.py - FetchPosts - < pn:6120 > - 请求失败
2026-04-14 14:20:02,999 - ERROR - post_service.post_service.py - FetchPosts - < pn:2700 > - 请求失败
2026-04-14 14:20:03,051 - ERROR - post_service.post_service.py - FetchPosts - < pn:6121 > - 请求失败
2026-04-14 14:20:03,422 - ERROR - post_service.post_service.py - FetchPosts - < pn:2701 > - 请求失败
2026-04-14 14:20:04,475 - ERROR - post_service.post_service.py - FetchPosts - < pn:2703 > - 请求失败
2026-04-14 14:20:05,820 - ERROR - post_service.post_service.py - FetchPosts - < pn:6126 > - 请求失败
2026-04-14 14:20:05,985 - ERROR - post_service.post_service.py - FetchPosts - < pn:6127 > - 请求失败
2026-04-14 14:20:06,344 - ERROR - post_service.post_service.py - FetchPosts - < pn:6128 > - 请求失败
2026-04-14 14:20:06,475 - ERROR - post_service.post_service.py - FetchPosts - < pn:9673 > - 请求失败
2026-04-14 14:20:06,496 - ERROR - post_service.post_service.py - FetchPosts - < pn:6129 > - 请求失败
2026-04-14 14:20:06,655 - ERROR - post_service.post_service.py - FetchPosts - < pn:9674 > - 请求失败
2026-04-14 14:20:07,312 - ERROR - post_service.post_service.py - FetchPosts - < pn:6131 > - 请求失败
2026-04-14 14:20:08,237 - ERROR - post_service.post_service.py - FetchPosts - < pn:9677 > - 请求失败
2026-04-14 14:20:08,490 - ERROR - post_service.post_service.py - FetchPosts - < pn:9678 > - 请求失败
2026-04-14 14:20:08,901 - ERROR - content_service.content_service.py - Content-VideoFrag - < floor:0, pid:150718159257, pn:1, ppid:150655784687, ppn:3 > - Failed to download https://tiebac.baidu.com/c/p/voice?voice_md5=6da18fafa80de5eedb1153d10f4c0625_6100602359&play_from=pb_voice_play after 3 attempts
2026-04-14 14:20:09,598 - ERROR - post_service.post_service.py - FetchPosts - < pn:2709 > - 请求失败
2026-04-14 14:20:09,610 - ERROR - post_service.post_service.py - FetchPosts - < pn:9680 > - 请求失败
2026-04-14 14:20:09,754 - ERROR - post_service.post_service.py - FetchPosts - < pn:2710 > - 请求失败
2026-04-14 14:20:09,908 - ERROR - content_service.content_service.py - Content-VideoFrag - < floor:0, pid:150748139458, pn:4, ppid:150655784687, ppn:3 > - Failed to download https://tiebac.baidu.com/c/p/voice?voice_md5=120e172726c8f735e4dcbb74255a3550_2945063721&play_from=pb_voice_play after 3 attempts
2026-04-14 14:20:10,402 - ERROR - post_service.post_service.py - FetchPosts - < pn:6136 > - 请求失败
2026-04-14 14:20:10,584 - ERROR - post_service.post_service.py - FetchPosts - < pn:6137 > - 请求失败
2026-04-14 14:20:10,917 - ERROR - content_service.content_service.py - Content-VideoFrag - < floor:0, pid:150753884370, pn:5, ppid:150655784687, ppn:3 > - Failed to download https://tiebac.baidu.com/c/p/voice?voice_md5=c82871758a7ef94cccdda276da0c326a_3573807356&play_from=pb_voice_play after 3 attempts
2026-04-14 14:20:11,007 - ERROR - post_service.post_service.py - FetchPosts - < pn:6138 > - 请求失败
2026-04-14 14:20:11,042 - ERROR - post_service.post_service.py - FetchPosts - < pn:2712 > - 请求失败
2026-04-14 14:20:11,219 - ERROR - post_service.post_service.py - FetchPosts - < pn:2713 > - 请求失败
2026-04-14 14:20:11,498 - ERROR - post_service.post_service.py - FetchPosts - < pn:2714 > - 请求失败
2026-04-14 14:20:11,662 - ERROR - post_service.post_service.py - FetchPosts - < pn:9684 > - 请求失败
2026-04-14 14:20:11,709 - ERROR - post_service.post_service.py - FetchPosts - < pn:2715 > - 请求失败
2026-04-14 14:20:11,902 - ERROR - content_service.content_service.py - Content-VideoFrag - < floor:0, pid:150767673341, pn:9, ppid:150655784687, ppn:3 > - Failed to download https://tiebac.baidu.com/c/p/voice?voice_md5=447d128258c4a594c81f6a3f06e75f5c_4329158784&play_from=pb_voice_play after 3 attempts
2026-04-14 14:20:11,972 - ERROR - content_service.content_service.py - Content-VideoFrag - < floor:0, pid:150766181368, pn:8, ppid:150655784687, ppn:3 > - Failed to download https://tiebac.baidu.com/c/p/voice?voice_md5=79098549a9dce31d1c5f5023de133aff_6018712657&play_from=pb_voice_play after 3 attempts
2026-04-14 14:20:12,751 - ERROR - post_service.post_service.py - FetchPosts - < pn:2717 > - 请求失败
2026-04-14 14:20:12,901 - ERROR - content_service.content_service.py - Content-VideoFrag - < floor:0, pid:151064976578, pn:11, ppid:150655784687, ppn:3 > - Failed to download https://tiebac.baidu.com/c/p/voice?voice_md5=6cb8a3728af49e3033223288c6e255b8_3886936674&play_from=pb_voice_play after 3 attempts
2026-04-14 14:20:12,996 - ERROR - post_service.post_service.py - FetchPosts - < pn:2718 > - 请求失败
2026-04-14 14:20:13,248 - ERROR - post_service.post_service.py - FetchPosts - < pn:9687 > - 请求失败
2026-04-14 14:20:13,427 - ERROR - post_service.post_service.py - FetchPosts - < pn:6142 > - 请求失败
2026-04-14 14:20:13,520 - ERROR - post_service.post_service.py - FetchPosts - < pn:9688 > - 请求失败
2026-04-14 14:20:13,902 - ERROR - content_service.content_service.py - Content-VideoFrag - < floor:0, pid:151682816064, pn:13, ppid:150655784687, ppn:3 > - Failed to download https://tiebac.baidu.com/c/p/voice?voice_md5=670871d2ee9ca7f46f83718cd36eda51_3898601611&play_from=pb_voice_play after 3 attempts
2026-04-14 14:20:14,361 - ERROR - post_service.post_service.py - FetchPosts - < pn:9690 > - 请求失败
2026-04-14 14:20:14,818 - ERROR - post_service.post_service.py - FetchPosts - < pn:9691 > - 请求失败
2026-04-14 14:20:15,010 - ERROR - post_service.post_service.py - FetchPosts - < pn:9692 > - 请求失败
2026-04-14 14:20:15,752 - ERROR - post_service.post_service.py - FetchPosts - < pn:9694 > - 请求失败
2026-04-14 14:20:16,514 - ERROR - post_service.post_service.py - FetchPosts - < pn:2723 > - 请求失败
2026-04-14 14:20:16,734 - ERROR - post_service.post_service.py - FetchPosts - < pn:2724 > - 请求失败
2026-04-14 14:20:17,571 - ERROR - post_service.post_service.py - FetchPosts - < pn:2726 > - 请求失败
2026-04-14 14:20:18,992 - ERROR - post_service.post_service.py - FetchPosts - < pn:9698 > - 请求失败
2026-04-14 14:20:19,056 - ERROR - post_service.post_service.py - FetchPosts - < pn:2729 > - 请求失败
2026-04-14 14:20:19,108 - ERROR - post_service.post_service.py - FetchPosts - < pn:6150 > - 请求失败
2026-04-14 14:20:20,090 - ERROR - post_service.post_service.py - FetchPosts - < pn:2731 > - 请求失败
2026-04-14 14:20:20,100 - ERROR - post_service.post_service.py - FetchPosts - < pn:6152 > - 请求失败
2026-04-14 14:20:20,931 - ERROR - post_service.post_service.py - FetchPosts - < pn:9701 > - 请求失败
2026-04-14 14:20:21,620 - ERROR - post_service.post_service.py - FetchPosts - < pn:2733 > - 请求失败
2026-04-14 14:20:21,993 - ERROR - post_service.post_service.py - FetchPosts - < pn:9703 > - 请求失败
2026-04-14 14:20:22,030 - ERROR - post_service.post_service.py - FetchPosts - < pn:6155 > - 请求失败
2026-04-14 14:20:22,109 - ERROR - post_service.post_service.py - FetchPosts - < pn:2734 > - 请求失败
2026-04-14 14:20:22,344 - ERROR - post_service.post_service.py - FetchPosts - < pn:9704 > - 请求失败
2026-04-14 14:20:23,544 - ERROR - post_service.post_service.py - FetchPosts - < pn:9706 > - 请求失败
2026-04-14 14:20:23,724 - ERROR - post_service.post_service.py - FetchPosts - < pn:9707 > - 请求失败
2026-04-14 14:20:24,238 - ERROR - post_service.post_service.py - FetchPosts - < pn:6158 > - 请求失败
2026-04-14 14:20:24,409 - ERROR - post_service.post_service.py - FetchPosts - < pn:6159 > - 请求失败
2026-04-14 14:20:24,894 - ERROR - post_service.post_service.py - FetchPosts - < pn:2738 > - 请求失败
2026-04-14 14:20:25,070 - ERROR - post_service.post_service.py - FetchPosts - < pn:2739 > - 请求失败
2026-04-14 14:20:25,336 - ERROR - post_service.post_service.py - FetchPosts - < pn:2740 > - 请求失败
2026-04-14 14:20:25,617 - ERROR - post_service.post_service.py - FetchPosts - < pn:2741 > - 请求失败
2026-04-14 14:20:25,691 - ERROR - post_service.post_service.py - FetchPosts - < pn:9710 > - 请求失败
2026-04-14 14:20:25,772 - ERROR - post_service.post_service.py - FetchPosts - < pn:2742 > - 请求失败
2026-04-14 14:20:26,098 - ERROR - post_service.post_service.py - FetchPosts - < pn:6162 > - 请求失败
2026-04-14 14:20:26,354 - ERROR - post_service.post_service.py - FetchPosts - < pn:6163 > - 请求失败
2026-04-14 14:20:26,852 - ERROR - post_service.post_service.py - FetchPosts - < pn:2744 > - 请求失败
2026-04-14 14:20:27,133 - ERROR - post_service.post_service.py - FetchPosts - < pn:6165 > - 请求失败
2026-04-14 14:20:27,312 - ERROR - post_service.post_service.py - FetchPosts - < pn:9713 > - 请求失败
2026-04-14 14:20:27,635 - ERROR - post_service.post_service.py - FetchPosts - < pn:2746 > - 请求失败
2026-04-14 14:20:27,872 - ERROR - post_service.post_service.py - FetchPosts - < pn:2747 > - 请求失败
2026-04-14 14:20:28,037 - ERROR - post_service.post_service.py - FetchPosts - < pn:2748 > - 请求失败
2026-04-14 14:20:28,552 - ERROR - post_service.post_service.py - FetchPosts - < pn:6168 > - 请求失败
2026-04-14 14:20:28,797 - ERROR - post_service.post_service.py - FetchPosts - < pn:6169 > - 请求失败
2026-04-14 14:20:29,030 - ERROR - post_service.post_service.py - FetchPosts - < pn:9716 > - 请求失败
2026-04-14 14:20:29,061 - ERROR - post_service.post_service.py - FetchPosts - < pn:6170 > - 请求失败
2026-04-14 14:20:29,772 - ERROR - post_service.post_service.py - FetchPosts - < pn:9718 > - 请求失败
2026-04-14 14:20:29,799 - ERROR - post_service.post_service.py - FetchPosts - < pn:6172 > - 请求失败
2026-04-14 14:20:29,970 - ERROR - post_service.post_service.py - FetchPosts - < pn:6173 > - 请求失败
2026-04-14 14:20:30,573 - ERROR - post_service.post_service.py - FetchPosts - < pn:9720 > - 请求失败
2026-04-14 14:20:30,851 - ERROR - post_service.post_service.py - FetchPosts - < pn:9721 > - 请求失败
2026-04-14 14:20:31,039 - ERROR - post_service.post_service.py - FetchPosts - < pn:9722 > - 请求失败
2026-04-14 14:20:31,204 - ERROR - post_service.post_service.py - FetchPosts - < pn:9723 > - 请求失败
2026-04-14 14:20:31,903 - ERROR - post_service.post_service.py - FetchPosts - < pn:2750 > - 请求失败
2026-04-14 14:20:31,924 - ERROR - post_service.post_service.py - FetchPosts - < pn:6176 > - 请求失败
2026-04-14 14:20:32,151 - ERROR - post_service.post_service.py - FetchPosts - < pn:2751 > - 请求失败
2026-04-14 14:20:32,741 - ERROR - post_service.post_service.py - FetchPosts - < pn:6178 > - 请求失败
2026-04-14 14:20:33,061 - ERROR - post_service.post_service.py - FetchPosts - < pn:6179 > - 请求失败
2026-04-14 14:20:33,075 - ERROR - post_service.post_service.py - FetchPosts - < pn:2753 > - 请求失败
2026-04-14 14:20:33,258 - ERROR - post_service.post_service.py - FetchPosts - < pn:2754 > - 请求失败
2026-04-14 14:20:33,425 - ERROR - post_service.post_service.py - FetchPosts - < pn:2755 > - 请求失败
2026-04-14 14:20:33,789 - ERROR - post_service.post_service.py - FetchPosts - < pn:9727 > - 请求失败
2026-04-14 14:20:34,066 - ERROR - post_service.post_service.py - FetchPosts - < pn:9728 > - 请求失败
2026-04-14 14:20:34,914 - ERROR - post_service.post_service.py - FetchPosts - < pn:2758 > - 请求失败
2026-04-14 14:20:35,741 - ERROR - post_service.post_service.py - FetchPosts - < pn:9730 > - 请求失败
2026-04-14 14:20:35,763 - ERROR - post_service.post_service.py - FetchPosts - < pn:2760 > - 请求失败
2026-04-14 14:20:37,400 - ERROR - post_service.post_service.py - FetchPosts - < pn:9733 > - 请求失败
2026-04-14 14:20:37,853 - ERROR - post_service.post_service.py - FetchPosts - < pn:6186 > - 请求失败
2026-04-14 14:20:38,764 - ERROR - post_service.post_service.py - FetchPosts - < pn:6188 > - 请求失败
2026-04-14 14:20:39,576 - ERROR - post_service.post_service.py - FetchPosts - < pn:6190 > - 请求失败
2026-04-14 14:20:39,742 - ERROR - post_service.post_service.py - FetchPosts - < pn:6191 > - 请求失败
2026-04-14 14:20:40,254 - ERROR - post_service.post_service.py - FetchPosts - < pn:6192 > - 请求失败
2026-04-14 14:20:40,431 - ERROR - post_service.post_service.py - FetchPosts - < pn:6193 > - 请求失败
2026-04-14 14:20:41,467 - ERROR - post_service.post_service.py - FetchPosts - < pn:2768 > - 请求失败
2026-04-14 14:20:41,629 - ERROR - post_service.post_service.py - FetchPosts - < pn:2769 > - 请求失败
2026-04-14 14:20:41,992 - ERROR - post_service.post_service.py - FetchPosts - < pn:2770 > - 请求失败
2026-04-14 14:20:42,076 - ERROR - post_service.post_service.py - FetchPosts - < pn:6196 > - 请求失败
2026-04-14 14:20:42,833 - ERROR - post_service.post_service.py - FetchPosts - < pn:9741 > - 请求失败
2026-04-14 14:20:42,895 - ERROR - post_service.post_service.py - FetchPosts - < pn:2772 > - 请求失败
2026-04-14 14:20:42,903 - ERROR - post_service.post_service.py - FetchPosts - < pn:6198 > - 请求失败
2026-04-14 14:20:42,995 - ERROR - post_service.post_service.py - FetchPosts - < pn:9742 > - 请求失败
2026-04-14 14:20:43,069 - ERROR - post_service.post_service.py - FetchPosts - < pn:2773 > - 请求失败
2026-04-14 14:20:43,152 - ERROR - post_service.post_service.py - FetchPosts - < pn:9743 > - 请求失败
2026-04-14 14:20:43,334 - ERROR - post_service.post_service.py - FetchPosts - < pn:9744 > - 请求失败
2026-04-14 14:20:44,583 - ERROR - post_service.post_service.py - FetchPosts - < pn:6201 > - 请求失败
2026-04-14 14:20:44,584 - ERROR - post_service.post_service.py - FetchPosts - < pn:9746 > - 请求失败
2026-04-14 14:20:44,770 - ERROR - post_service.post_service.py - FetchPosts - < pn:6202 > - 请求失败
2026-04-14 14:20:44,779 - ERROR - post_service.post_service.py - FetchPosts - < pn:9747 > - 请求失败
2026-04-14 14:20:45,663 - ERROR - post_service.post_service.py - FetchPosts - < pn:6204 > - 请求失败
2026-04-14 14:20:45,924 - ERROR - post_service.post_service.py - FetchPosts - < pn:6205 > - 请求失败
2026-04-14 14:20:45,926 - ERROR - post_service.post_service.py - FetchPosts - < pn:9749 > - 请求失败
2026-04-14 14:20:46,007 - ERROR - post_service.post_service.py - FetchPosts - < pn:2778 > - 请求失败
2026-04-14 14:20:46,185 - ERROR - post_service.post_service.py - FetchPosts - < pn:2779 > - 请求失败
2026-04-14 14:20:46,362 - ERROR - post_service.post_service.py - FetchPosts - < pn:2780 > - 请求失败
2026-04-14 14:20:46,601 - ERROR - post_service.post_service.py - FetchPosts - < pn:2781 > - 请求失败
2026-04-14 14:20:46,639 - ERROR - post_service.post_service.py - FetchPosts - < pn:6207 > - 请求失败
2026-04-14 14:20:47,097 - ERROR - post_service.post_service.py - FetchPosts - < pn:9751 > - 请求失败
2026-04-14 14:20:47,531 - ERROR - post_service.post_service.py - FetchPosts - < pn:9752 > - 请求失败
2026-04-14 14:20:47,707 - ERROR - post_service.post_service.py - FetchPosts - < pn:9753 > - 请求失败
2026-04-14 14:20:48,226 - ERROR - post_service.post_service.py - FetchPosts - < pn:6210 > - 请求失败
2026-04-14 14:20:48,477 - ERROR - post_service.post_service.py - FetchPosts - < pn:6211 > - 请求失败
2026-04-14 14:20:48,548 - ERROR - post_service.post_service.py - FetchPosts - < pn:2784 > - 请求失败
2026-04-14 14:20:48,810 - ERROR - post_service.post_service.py - FetchPosts - < pn:2785 > - 请求失败
2026-04-14 14:20:49,764 - ERROR - post_service.post_service.py - FetchPosts - < pn:9756 > - 请求失败
2026-04-14 14:20:50,513 - ERROR - post_service.post_service.py - FetchPosts - < pn:6214 > - 请求失败
2026-04-14 14:20:51,251 - ERROR - post_service.post_service.py - FetchPosts - < pn:9759 > - 请求失败
2026-04-14 14:20:51,260 - ERROR - post_service.post_service.py - FetchPosts - < pn:6216 > - 请求失败
2026-04-14 14:20:51,481 - ERROR - post_service.post_service.py - FetchPosts - < pn:9760 > - 请求失败
2026-04-14 14:20:51,493 - ERROR - post_service.post_service.py - FetchPosts - < pn:6217 > - 请求失败
2026-04-14 14:20:51,706 - ERROR - post_service.post_service.py - FetchPosts - < pn:9761 > - 请求失败
2026-04-14 14:20:52,103 - ERROR - post_service.post_service.py - FetchPosts - < pn:2790 > - 请求失败
2026-04-14 14:20:52,184 - ERROR - post_service.post_service.py - FetchPosts - < pn:6219 > - 请求失败
2026-04-14 14:20:52,458 - ERROR - post_service.post_service.py - FetchPosts - < pn:6220 > - 请求失败
2026-04-14 14:20:52,691 - ERROR - post_service.post_service.py - FetchPosts - < pn:9763 > - 请求失败
2026-04-14 14:20:53,831 - ERROR - post_service.post_service.py - FetchPosts - < pn:2793 > - 请求失败
2026-04-14 14:20:53,850 - ERROR - post_service.post_service.py - FetchPosts - < pn:6223 > - 请求失败
2026-04-14 14:20:54,798 - ERROR - post_service.post_service.py - FetchPosts - < pn:6225 > - 请求失败
2026-04-14 14:20:55,095 - ERROR - post_service.post_service.py - FetchPosts - < pn:6226 > - 请求失败
2026-04-14 14:20:55,912 - ERROR - post_service.post_service.py - FetchPosts - < pn:2797 > - 请求失败
2026-04-14 14:20:56,802 - ERROR - post_service.post_service.py - FetchPosts - < pn:9769 > - 请求失败
2026-04-14 14:20:56,806 - ERROR - post_service.post_service.py - FetchPosts - < pn:6229 > - 请求失败
2026-04-14 14:20:56,971 - ERROR - post_service.post_service.py - FetchPosts - < pn:9770 > - 请求失败
2026-04-14 14:20:57,605 - ERROR - post_service.post_service.py - FetchPosts - < pn:2800 > - 请求失败
2026-04-14 14:20:58,874 - ERROR - post_service.post_service.py - FetchPosts - < pn:6233 > - 请求失败
2026-04-14 14:20:59,704 - ERROR - post_service.post_service.py - FetchPosts - < pn:9775 > - 请求失败
2026-04-14 14:21:01,187 - ERROR - post_service.post_service.py - FetchPosts - < pn:6236 > - 请求失败
2026-04-14 14:21:01,187 - ERROR - post_service.post_service.py - FetchPosts - < pn:2805 > - 请求失败
2026-04-14 14:21:01,207 - ERROR - post_service.post_service.py - FetchPosts - < pn:9778 > - 请求失败
2026-04-14 14:21:01,356 - ERROR - post_service.post_service.py - FetchPosts - < pn:2806 > - 请求失败
2026-04-14 14:21:01,521 - ERROR - post_service.post_service.py - FetchPosts - < pn:2807 > - 请求失败
2026-04-14 14:21:01,693 - ERROR - post_service.post_service.py - FetchPosts - < pn:2808 > - 请求失败
2026-04-14 14:21:02,032 - ERROR - post_service.post_service.py - FetchPosts - < pn:9780 > - 请求失败
2026-04-14 14:21:02,768 - ERROR - post_service.post_service.py - FetchPosts - < pn:6239 > - 请求失败
2026-04-14 14:21:03,420 - ERROR - post_service.post_service.py - FetchPosts - < pn:2811 > - 请求失败
2026-04-14 14:21:03,752 - ERROR - post_service.post_service.py - FetchPosts - < pn:2812 > - 请求失败
2026-04-14 14:21:03,946 - ERROR - post_service.post_service.py - FetchPosts - < pn:9784 > - 请求失败
2026-04-14 14:21:04,288 - ERROR - post_service.post_service.py - FetchPosts - < pn:6242 > - 请求失败
2026-04-14 14:21:04,590 - ERROR - post_service.post_service.py - FetchPosts - < pn:6243 > - 请求失败
2026-04-14 14:21:05,354 - ERROR - post_service.post_service.py - FetchPosts - < pn:2815 > - 请求失败
2026-04-14 14:21:05,486 - ERROR - post_service.post_service.py - FetchPosts - < pn:6245 > - 请求失败
2026-04-14 14:21:05,594 - ERROR - post_service.post_service.py - FetchPosts - < pn:2816 > - 请求失败
2026-04-14 14:21:05,769 - ERROR - post_service.post_service.py - FetchPosts - < pn:6246 > - 请求失败
2026-04-14 14:21:05,876 - ERROR - post_service.post_service.py - FetchPosts - < pn:2817 > - 请求失败
2026-04-14 14:21:05,942 - ERROR - post_service.post_service.py - FetchPosts - < pn:6247 > - 请求失败
2026-04-14 14:21:07,477 - ERROR - post_service.post_service.py - FetchPosts - < pn:9790 > - 请求失败
2026-04-14 14:21:07,498 - ERROR - post_service.post_service.py - FetchPosts - < pn:2820 > - 请求失败
2026-04-14 14:21:07,502 - ERROR - post_service.post_service.py - FetchPosts - < pn:6250 > - 请求失败
2026-04-14 14:21:07,731 - ERROR - post_service.post_service.py - FetchPosts - < pn:6251 > - 请求失败
2026-04-14 14:21:08,524 - ERROR - post_service.post_service.py - FetchPosts - < pn:2822 > - 请求失败
2026-04-14 14:21:09,255 - ERROR - post_service.post_service.py - FetchPosts - < pn:6254 > - 请求失败
2026-04-14 14:21:09,457 - ERROR - post_service.post_service.py - FetchPosts - < pn:2824 > - 请求失败
2026-04-14 14:21:09,561 - ERROR - post_service.post_service.py - FetchPosts - < pn:9793 > - 请求失败
2026-04-14 14:21:09,633 - ERROR - post_service.post_service.py - FetchPosts - < pn:2825 > - 请求失败
2026-04-14 14:21:09,884 - ERROR - post_service.post_service.py - FetchPosts - < pn:2826 > - 请求失败
2026-04-14 14:21:09,956 - ERROR - post_service.post_service.py - FetchPosts - < pn:6256 > - 请求失败
2026-04-14 14:21:10,760 - ERROR - post_service.post_service.py - FetchPosts - < pn:9795 > - 请求失败
2026-04-14 14:21:10,932 - ERROR - post_service.post_service.py - FetchPosts - < pn:9796 > - 请求失败
2026-04-14 14:21:11,375 - ERROR - post_service.post_service.py - FetchPosts - < pn:2829 > - 请求失败
2026-04-14 14:21:12,232 - ERROR - post_service.post_service.py - FetchPosts - < pn:9798 > - 请求失败
2026-04-14 14:21:13,115 - ERROR - post_service.post_service.py - FetchPosts - < pn:9800 > - 请求失败
2026-04-14 14:21:14,743 - ERROR - post_service.post_service.py - FetchPosts - < pn:6264 > - 请求失败
2026-04-14 14:21:14,982 - ERROR - post_service.post_service.py - FetchPosts - < pn:9804 > - 请求失败
2026-04-14 14:21:15,144 - ERROR - post_service.post_service.py - FetchPosts - < pn:9805 > - 请求失败
2026-04-14 14:21:15,321 - ERROR - post_service.post_service.py - FetchPosts - < pn:9806 > - 请求失败
2026-04-14 14:21:15,666 - ERROR - post_service.post_service.py - FetchPosts - < pn:9807 > - 请求失败
2026-04-14 14:21:15,748 - ERROR - post_service.post_service.py - FetchPosts - < pn:2832 > - 请求失败
2026-04-14 14:21:15,912 - ERROR - post_service.post_service.py - FetchPosts - < pn:2833 > - 请求失败
2026-04-14 14:21:16,082 - ERROR - post_service.post_service.py - FetchPosts - < pn:2834 > - 请求失败
2026-04-14 14:21:16,451 - ERROR - post_service.post_service.py - FetchPosts - < pn:6267 > - 请求失败
2026-04-14 14:21:17,893 - ERROR - post_service.post_service.py - FetchPosts - < pn:2837 > - 请求失败
2026-04-14 14:21:17,909 - ERROR - content_service.content_service.py - Content-VideoFrag - < floor:0, pid:150765939700, pn:3, ppid:150665620776, ppn:4 > - Failed to download https://tiebac.baidu.com/c/p/voice?voice_md5=5cb2017ea0d78ee9b85c0a2bf57c4773_3202307701&play_from=pb_voice_play after 3 attempts
2026-04-14 14:21:18,061 - ERROR - post_service.post_service.py - FetchPosts - < pn:2838 > - 请求失败
2026-04-14 14:21:18,900 - ERROR - content_service.content_service.py - Content-VideoFrag - < floor:0, pid:151028162321, pn:4, ppid:150665620776, ppn:4 > - Failed to download https://tiebac.baidu.com/c/p/voice?voice_md5=f2c7547524ea3550a0a1ed8b2928a098_3472170803&play_from=pb_voice_play after 3 attempts
2026-04-14 14:21:19,239 - ERROR - post_service.post_service.py - FetchPosts - < pn:2840 > - 请求失败
2026-04-14 14:21:19,550 - ERROR - post_service.post_service.py - FetchPosts - < pn:9813 > - 请求失败
2026-04-14 14:21:19,573 - ERROR - post_service.post_service.py - FetchPosts - < pn:6272 > - 请求失败
2026-04-14 14:21:19,785 - ERROR - post_service.post_service.py - FetchPosts - < pn:9814 > - 请求失败
2026-04-14 14:21:19,846 - ERROR - post_service.post_service.py - FetchPosts - < pn:6273 > - 请求失败
2026-04-14 14:21:19,972 - ERROR - post_service.post_service.py - FetchPosts - < pn:9815 > - 请求失败
2026-04-14 14:21:20,133 - ERROR - post_service.post_service.py - FetchPosts - < pn:6274 > - 请求失败
2026-04-14 14:21:20,285 - ERROR - post_service.post_service.py - FetchPosts - < pn:9816 > - 请求失败
2026-04-14 14:21:20,374 - ERROR - post_service.post_service.py - FetchPosts - < pn:2842 > - 请求失败
2026-04-14 14:21:20,458 - ERROR - post_service.post_service.py - FetchPosts - < pn:9817 > - 请求失败
2026-04-14 14:21:20,783 - ERROR - post_service.post_service.py - FetchPosts - < pn:2843 > - 请求失败
2026-04-14 14:21:20,867 - ERROR - post_service.post_service.py - FetchPosts - < pn:6276 > - 请求失败
2026-04-14 14:21:20,871 - ERROR - post_service.post_service.py - FetchPosts - < pn:9818 > - 请求失败
2026-04-14 14:21:21,054 - ERROR - post_service.post_service.py - FetchPosts - < pn:2844 > - 请求失败
2026-04-14 14:21:21,132 - ERROR - post_service.post_service.py - FetchPosts - < pn:6277 > - 请求失败
2026-04-14 14:21:21,241 - ERROR - post_service.post_service.py - FetchPosts - < pn:2845 > - 请求失败
2026-04-14 14:21:21,469 - ERROR - post_service.post_service.py - FetchPosts - < pn:2846 > - 请求失败
2026-04-14 14:21:21,984 - ERROR - post_service.post_service.py - FetchPosts - < pn:9820 > - 请求失败
2026-04-14 14:21:22,118 - ERROR - post_service.post_service.py - FetchPosts - < pn:6279 > - 请求失败
2026-04-14 14:21:23,019 - ERROR - post_service.post_service.py - FetchPosts - < pn:9822 > - 请求失败
2026-04-14 14:21:23,085 - ERROR - post_service.post_service.py - FetchPosts - < pn:6281 > - 请求失败
2026-04-14 14:21:23,346 - ERROR - post_service.post_service.py - FetchPosts - < pn:6282 > - 请求失败
2026-04-14 14:21:23,419 - ERROR - post_service.post_service.py - FetchPosts - < pn:2849 > - 请求失败
2026-04-14 14:21:23,566 - ERROR - post_service.post_service.py - FetchPosts - < pn:6283 > - 请求失败
2026-04-14 14:21:23,642 - ERROR - post_service.post_service.py - FetchPosts - < pn:2850 > - 请求失败
2026-04-14 14:21:23,762 - ERROR - post_service.post_service.py - FetchPosts - < pn:6284 > - 请求失败
2026-04-14 14:21:23,794 - ERROR - post_service.post_service.py - FetchPosts - < pn:9824 > - 请求失败
2026-04-14 14:21:24,603 - ERROR - post_service.post_service.py - FetchPosts - < pn:2852 > - 请求失败
2026-04-14 14:21:25,521 - ERROR - post_service.post_service.py - FetchPosts - < pn:2854 > - 请求失败
2026-04-14 14:21:25,539 - ERROR - post_service.post_service.py - FetchPosts - < pn:6286 > - 请求失败
2026-04-14 14:21:26,267 - ERROR - post_service.post_service.py - FetchPosts - < pn:9828 > - 请求失败
2026-04-14 14:21:26,340 - ERROR - post_service.post_service.py - FetchPosts - < pn:2856 > - 请求失败
2026-04-14 14:21:26,516 - ERROR - post_service.post_service.py - FetchPosts - < pn:2857 > - 请求失败
2026-04-14 14:21:27,628 - ERROR - post_service.post_service.py - FetchPosts - < pn:6289 > - 请求失败
2026-04-14 14:21:27,747 - ERROR - post_service.post_service.py - FetchPosts - < pn:9831 > - 请求失败
2026-04-14 14:21:27,794 - ERROR - post_service.post_service.py - FetchPosts - < pn:6290 > - 请求失败
2026-04-14 14:21:28,534 - ERROR - post_service.post_service.py - FetchPosts - < pn:9833 > - 请求失败
2026-04-14 14:21:28,828 - ERROR - post_service.post_service.py - FetchPosts - < pn:9834 > - 请求失败
2026-04-14 14:21:28,954 - ERROR - post_service.post_service.py - FetchPosts - < pn:2861 > - 请求失败
2026-04-14 14:21:28,958 - ERROR - post_service.post_service.py - FetchPosts - < pn:6292 > - 请求失败
2026-04-14 14:21:29,002 - ERROR - post_service.post_service.py - FetchPosts - < pn:9835 > - 请求失败
2026-04-14 14:21:29,203 - ERROR - post_service.post_service.py - FetchPosts - < pn:9836 > - 请求失败
2026-04-14 14:21:29,361 - ERROR - post_service.post_service.py - FetchPosts - < pn:9837 > - 请求失败
2026-04-14 14:21:29,821 - ERROR - post_service.post_service.py - FetchPosts - < pn:2863 > - 请求失败
2026-04-14 14:21:29,992 - ERROR - post_service.post_service.py - FetchPosts - < pn:2864 > - 请求失败
2026-04-14 14:21:30,370 - ERROR - post_service.post_service.py - FetchPosts - < pn:2865 > - 请求失败
2026-04-14 14:21:30,408 - ERROR - post_service.post_service.py - FetchPosts - < pn:6295 > - 请求失败
2026-04-14 14:21:30,534 - ERROR - post_service.post_service.py - FetchPosts - < pn:2866 > - 请求失败
2026-04-14 14:21:30,567 - ERROR - post_service.post_service.py - FetchPosts - < pn:6296 > - 请求失败
2026-04-14 14:21:30,699 - ERROR - post_service.post_service.py - FetchPosts - < pn:2867 > - 请求失败
2026-04-14 14:21:30,827 - ERROR - post_service.post_service.py - FetchPosts - < pn:6297 > - 请求失败
2026-04-14 14:21:31,798 - ERROR - post_service.post_service.py - FetchPosts - < pn:2869 > - 请求失败
2026-04-14 14:21:31,970 - ERROR - post_service.post_service.py - FetchPosts - < pn:2870 > - 请求失败
2026-04-14 14:21:32,350 - ERROR - post_service.post_service.py - FetchPosts - < pn:2871 > - 请求失败
2026-04-14 14:21:32,407 - ERROR - post_service.post_service.py - FetchPosts - < pn:9842 > - 请求失败
2026-04-14 14:21:32,527 - ERROR - post_service.post_service.py - FetchPosts - < pn:2872 > - 请求失败
2026-04-14 14:21:32,982 - ERROR - content_service.content_service.py - Content-VideoFrag - < floor:0, pid:150765428990, pn:4, ppid:150674566709, ppn:5 > - Failed to download https://tiebac.baidu.com/c/p/voice?voice_md5=a6bef8dad4a4ce9adab646907eaa228c_5997690240&play_from=pb_voice_play after 3 attempts
2026-04-14 14:21:33,436 - ERROR - post_service.post_service.py - FetchPosts - < pn:2874 > - 请求失败
2026-04-14 14:21:33,441 - ERROR - post_service.post_service.py - FetchPosts - < pn:6301 > - 请求失败
2026-04-14 14:21:33,608 - ERROR - post_service.post_service.py - FetchPosts - < pn:2875 > - 请求失败
2026-04-14 14:21:33,901 - ERROR - content_service.content_service.py - Content-VideoFrag - < floor:0, pid:151253313385, pn:6, ppid:150674566709, ppn:5 > - Failed to download https://tiebac.baidu.com/c/p/voice?voice_md5=8bc15d862fb787636ffd595639c00fe2_5086172449&play_from=pb_voice_play after 3 attempts
2026-04-14 14:21:33,942 - ERROR - content_service.content_service.py - Content-VideoFrag - < floor:0, pid:150766454458, pn:2, ppid:150644138106, ppn:2 > - Failed to download https://tiebac.baidu.com/c/p/voice?voice_md5=33bf351fda1de6d65fdf19df5f9c38db_2697757061&play_from=pb_voice_play after 3 attempts
2026-04-14 14:21:34,959 - ERROR - content_service.content_service.py - Content-VideoFrag - < floor:0, pid:150776837613, pn:3, ppid:150644138106, ppn:2 > - Failed to download https://tiebac.baidu.com/c/p/voice?voice_md5=04164fd48e84e24708665dc1f38a432c_1569734480&play_from=pb_voice_play after 3 attempts
2026-04-14 14:21:35,216 - ERROR - post_service.post_service.py - FetchPosts - < pn:6304 > - 请求失败
2026-04-14 14:21:35,222 - ERROR - post_service.post_service.py - FetchPosts - < pn:2878 > - 请求失败
2026-04-14 14:21:36,159 - ERROR - post_service.post_service.py - FetchPosts - < pn:6306 > - 请求失败
2026-04-14 14:21:36,192 - ERROR - post_service.post_service.py - FetchPosts - < pn:9847 > - 请求失败
2026-04-14 14:21:36,253 - ERROR - post_service.post_service.py - FetchPosts - < pn:2880 > - 请求失败
2026-04-14 14:21:36,332 - ERROR - post_service.post_service.py - FetchPosts - < pn:6307 > - 请求失败
2026-04-14 14:21:38,597 - ERROR - post_service.post_service.py - FetchPosts - < pn:6311 > - 请求失败
2026-04-14 14:21:38,762 - ERROR - post_service.post_service.py - FetchPosts - < pn:6312 > - 请求失败
2026-04-14 14:21:39,088 - ERROR - post_service.post_service.py - FetchPosts - < pn:6313 > - 请求失败
2026-04-14 14:21:39,893 - ERROR - post_service.post_service.py - FetchPosts - < pn:9852 > - 请求失败
2026-04-14 14:21:40,555 - ERROR - post_service.post_service.py - FetchPosts - < pn:6316 > - 请求失败
2026-04-14 14:21:40,817 - ERROR - post_service.post_service.py - FetchPosts - < pn:6317 > - 请求失败
2026-04-14 14:21:41,056 - ERROR - post_service.post_service.py - FetchPosts - < pn:9854 > - 请求失败
2026-04-14 14:21:41,080 - ERROR - post_service.post_service.py - FetchPosts - < pn:6318 > - 请求失败
2026-04-14 14:21:41,209 - ERROR - post_service.post_service.py - FetchPosts - < pn:9855 > - 请求失败
2026-04-14 14:21:41,262 - ERROR - post_service.post_service.py - FetchPosts - < pn:6319 > - 请求失败
2026-04-14 14:21:41,528 - ERROR - post_service.post_service.py - FetchPosts - < pn:6320 > - 请求失败
2026-04-14 14:21:42,284 - ERROR - post_service.post_service.py - FetchPosts - < pn:9857 > - 请求失败
2026-04-14 14:21:42,313 - ERROR - post_service.post_service.py - FetchPosts - < pn:2890 > - 请求失败
2026-04-14 14:21:42,321 - ERROR - post_service.post_service.py - FetchPosts - < pn:6322 > - 请求失败
2026-04-14 14:21:42,479 - ERROR - post_service.post_service.py - FetchPosts - < pn:6323 > - 请求失败
2026-04-14 14:21:42,499 - ERROR - post_service.post_service.py - FetchPosts - < pn:2891 > - 请求失败
2026-04-14 14:21:42,676 - ERROR - post_service.post_service.py - FetchPosts - < pn:6324 > - 请求失败
2026-04-14 14:21:42,836 - ERROR - post_service.post_service.py - FetchPosts - < pn:6325 > - 请求失败
2026-04-14 14:21:43,204 - ERROR - post_service.post_service.py - FetchPosts - < pn:6326 > - 请求失败
2026-04-14 14:21:43,269 - ERROR - post_service.post_service.py - FetchPosts - < pn:2893 > - 请求失败
2026-04-14 14:21:43,452 - ERROR - post_service.post_service.py - FetchPosts - < pn:2894 > - 请求失败
2026-04-14 14:21:44,906 - ERROR - content_service.content_service.py - Content-VideoFrag - < floor:0, pid:150769215400, pn:9, ppid:150655784687, ppn:3 > - Failed to download https://tiebac.baidu.com/c/p/voice?voice_md5=92961b64fa01ae173683aaa52feada47_6478118693&play_from=pb_voice_play after 3 attempts
2026-04-14 14:21:45,461 - ERROR - post_service.post_service.py - FetchPosts - < pn:2897 > - 请求失败
2026-04-14 14:21:46,365 - ERROR - post_service.post_service.py - FetchPosts - < pn:9863 > - 请求失败
2026-04-14 14:21:46,400 - ERROR - post_service.post_service.py - FetchPosts - < pn:6331 > - 请求失败
2026-04-14 14:21:47,136 - ERROR - post_service.post_service.py - FetchPosts - < pn:2900 > - 请求失败
2026-04-14 14:21:48,143 - ERROR - post_service.post_service.py - FetchPosts - < pn:9866 > - 请求失败
2026-04-14 14:21:48,370 - ERROR - post_service.post_service.py - FetchPosts - < pn:9867 > - 请求失败
2026-04-14 14:21:48,716 - ERROR - post_service.post_service.py - FetchPosts - < pn:6335 > - 请求失败
2026-04-14 14:21:49,034 - ERROR - post_service.post_service.py - FetchPosts - < pn:2903 > - 请求失败
2026-04-14 14:21:49,063 - ERROR - post_service.post_service.py - FetchPosts - < pn:6336 > - 请求失败
2026-04-14 14:21:49,156 - ERROR - post_service.post_service.py - FetchPosts - < pn:9869 > - 请求失败
2026-04-14 14:21:49,204 - ERROR - post_service.post_service.py - FetchPosts - < pn:2904 > - 请求失败
2026-04-14 14:21:49,390 - ERROR - post_service.post_service.py - FetchPosts - < pn:2905 > - 请求失败
2026-04-14 14:21:49,551 - ERROR - post_service.post_service.py - FetchPosts - < pn:2906 > - 请求失败
2026-04-14 14:21:49,897 - ERROR - post_service.post_service.py - FetchPosts - < pn:2907 > - 请求失败
2026-04-14 14:21:50,111 - ERROR - post_service.post_service.py - FetchPosts - < pn:2908 > - 请求失败
2026-04-14 14:21:50,650 - ERROR - post_service.post_service.py - FetchPosts - < pn:9872 > - 请求失败
2026-04-14 14:21:50,744 - ERROR - post_service.post_service.py - FetchPosts - < pn:6339 > - 请求失败
2026-04-14 14:21:50,964 - ERROR - post_service.post_service.py - FetchPosts - < pn:6340 > - 请求失败
2026-04-14 14:21:50,964 - ERROR - post_service.post_service.py - FetchPosts - < pn:9873 > - 请求失败
2026-04-14 14:21:51,191 - ERROR - post_service.post_service.py - FetchPosts - < pn:9874 > - 请求失败
2026-04-14 14:21:51,688 - ERROR - post_service.post_service.py - FetchPosts - < pn:2911 > - 请求失败
2026-04-14 14:21:52,167 - ERROR - post_service.post_service.py - FetchPosts - < pn:9876 > - 请求失败
2026-04-14 14:21:53,457 - ERROR - post_service.post_service.py - FetchPosts - < pn:9878 > - 请求失败
2026-04-14 14:21:53,531 - ERROR - post_service.post_service.py - FetchPosts - < pn:2914 > - 请求失败
2026-04-14 14:21:53,702 - ERROR - post_service.post_service.py - FetchPosts - < pn:2915 > - 请求失败
2026-04-14 14:21:53,867 - ERROR - post_service.post_service.py - FetchPosts - < pn:2916 > - 请求失败
2026-04-14 14:21:55,105 - ERROR - post_service.post_service.py - FetchPosts - < pn:6347 > - 请求失败
2026-04-14 14:21:55,864 - ERROR - post_service.post_service.py - FetchPosts - < pn:2919 > - 请求失败
2026-04-14 14:21:56,142 - ERROR - post_service.post_service.py - FetchPosts - < pn:9882 > - 请求失败
2026-04-14 14:21:56,152 - ERROR - post_service.post_service.py - FetchPosts - < pn:2920 > - 请求失败
2026-04-14 14:21:57,058 - ERROR - post_service.post_service.py - FetchPosts - < pn:2922 > - 请求失败
2026-04-14 14:21:57,093 - ERROR - post_service.post_service.py - FetchPosts - < pn:6350 > - 请求失败
2026-04-14 14:21:57,215 - ERROR - post_service.post_service.py - FetchPosts - < pn:2923 > - 请求失败
2026-04-14 14:21:58,700 - ERROR - post_service.post_service.py - FetchPosts - < pn:2926 > - 请求失败
2026-04-14 14:21:58,755 - ERROR - post_service.post_service.py - FetchPosts - < pn:9886 > - 请求失败
2026-04-14 14:21:59,182 - ERROR - post_service.post_service.py - FetchPosts - < pn:6353 > - 请求失败
2026-04-14 14:21:59,586 - ERROR - post_service.post_service.py - FetchPosts - < pn:2928 > - 请求失败
2026-04-14 14:21:59,844 - ERROR - post_service.post_service.py - FetchPosts - < pn:2929 > - 请求失败
2026-04-14 14:22:00,011 - ERROR - post_service.post_service.py - FetchPosts - < pn:2930 > - 请求失败
2026-04-14 14:22:00,382 - ERROR - post_service.post_service.py - FetchPosts - < pn:2931 > - 请求失败
2026-04-14 14:22:00,399 - ERROR - post_service.post_service.py - FetchPosts - < pn:9889 > - 请求失败
2026-04-14 14:22:00,555 - ERROR - post_service.post_service.py - FetchPosts - < pn:2932 > - 请求失败
2026-04-14 14:22:00,568 - ERROR - post_service.post_service.py - FetchPosts - < pn:9890 > - 请求失败
2026-04-14 14:22:00,737 - ERROR - post_service.post_service.py - FetchPosts - < pn:2933 > - 请求失败
2026-04-14 14:22:00,785 - ERROR - post_service.post_service.py - FetchPosts - < pn:9891 > - 请求失败
2026-04-14 14:22:00,986 - ERROR - post_service.post_service.py - FetchPosts - < pn:2934 > - 请求失败
2026-04-14 14:22:01,697 - ERROR - post_service.post_service.py - FetchPosts - < pn:2936 > - 请求失败
2026-04-14 14:22:01,713 - ERROR - post_service.post_service.py - FetchPosts - < pn:9893 > - 请求失败
2026-04-14 14:22:01,974 - ERROR - post_service.post_service.py - FetchPosts - < pn:2937 > - 请求失败
2026-04-14 14:22:02,033 - ERROR - post_service.post_service.py - FetchPosts - < pn:9894 > - 请求失败
2026-04-14 14:22:02,864 - ERROR - post_service.post_service.py - FetchPosts - < pn:6360 > - 请求失败
2026-04-14 14:22:04,629 - ERROR - post_service.post_service.py - FetchPosts - < pn:6363 > - 请求失败
2026-04-14 14:22:04,675 - ERROR - post_service.post_service.py - FetchPosts - < pn:9898 > - 请求失败
2026-04-14 14:22:05,521 - ERROR - post_service.post_service.py - FetchPosts - < pn:6365 > - 请求失败
2026-04-14 14:22:05,716 - ERROR - post_service.post_service.py - FetchPosts - < pn:6366 > - 请求失败
2026-04-14 14:22:06,551 - ERROR - post_service.post_service.py - FetchPosts - < pn:6368 > - 请求失败
2026-04-14 14:22:06,727 - ERROR - post_service.post_service.py - FetchPosts - < pn:6369 > - 请求失败
2026-04-14 14:22:06,966 - ERROR - post_service.post_service.py - FetchPosts - < pn:6370 > - 请求失败
2026-04-14 14:22:07,197 - ERROR - post_service.post_service.py - FetchPosts - < pn:9902 > - 请求失败
2026-04-14 14:22:07,226 - ERROR - post_service.post_service.py - FetchPosts - < pn:2944 > - 请求失败
2026-04-14 14:22:07,356 - ERROR - post_service.post_service.py - FetchPosts - < pn:9903 > - 请求失败
2026-04-14 14:22:07,819 - ERROR - post_service.post_service.py - FetchPosts - < pn:6372 > - 请求失败
2026-04-14 14:22:08,352 - ERROR - post_service.post_service.py - FetchPosts - < pn:2946 > - 请求失败
2026-04-14 14:22:08,951 - ERROR - post_service.post_service.py - FetchPosts - < pn:2947 > - 请求失败
2026-04-14 14:22:09,690 - ERROR - post_service.post_service.py - FetchPosts - < pn:9907 > - 请求失败
2026-04-14 14:22:10,590 - ERROR - post_service.post_service.py - FetchPosts - < pn:9909 > - 请求失败
2026-04-14 14:22:11,441 - ERROR - post_service.post_service.py - FetchPosts - < pn:9911 > - 请求失败
2026-04-14 14:22:11,810 - ERROR - post_service.post_service.py - FetchPosts - < pn:2952 > - 请求失败
2026-04-14 14:22:11,971 - ERROR - post_service.post_service.py - FetchPosts - < pn:2953 > - 请求失败
2026-04-14 14:22:12,197 - ERROR - post_service.post_service.py - FetchPosts - < pn:2954 > - 请求失败
2026-04-14 14:22:13,171 - ERROR - post_service.post_service.py - FetchPosts - < pn:9914 > - 请求失败
2026-04-14 14:22:14,562 - ERROR - post_service.post_service.py - FetchPosts - < pn:2958 > - 请求失败
2026-04-14 14:22:14,734 - ERROR - post_service.post_service.py - FetchPosts - < pn:2959 > - 请求失败
2026-04-14 14:22:16,087 - ERROR - post_service.post_service.py - FetchPosts - < pn:9919 > - 请求失败
2026-04-14 14:22:16,097 - ERROR - post_service.post_service.py - FetchPosts - < pn:6384 > - 请求失败
2026-04-14 14:22:16,258 - ERROR - post_service.post_service.py - FetchPosts - < pn:6385 > - 请求失败
2026-04-14 14:22:17,072 - ERROR - post_service.post_service.py - FetchPosts - < pn:9921 > - 请求失败
2026-04-14 14:22:17,722 - ERROR - post_service.post_service.py - FetchPosts - < pn:2964 > - 请求失败
2026-04-14 14:22:18,254 - ERROR - post_service.post_service.py - FetchPosts - < pn:6388 > - 请求失败
2026-04-14 14:22:18,852 - ERROR - post_service.post_service.py - FetchPosts - < pn:9923 > - 请求失败
2026-04-14 14:22:19,209 - ERROR - post_service.post_service.py - FetchPosts - < pn:6390 > - 请求失败
2026-04-14 14:22:19,241 - ERROR - post_service.post_service.py - FetchPosts - < pn:2967 > - 请求失败
2026-04-14 14:22:19,589 - ERROR - post_service.post_service.py - FetchPosts - < pn:9925 > - 请求失败
2026-04-14 14:22:20,571 - ERROR - post_service.post_service.py - FetchPosts - < pn:9927 > - 请求失败
2026-04-14 14:22:21,561 - ERROR - post_service.post_service.py - FetchPosts - < pn:6394 > - 请求失败
2026-04-14 14:22:21,851 - ERROR - post_service.post_service.py - FetchPosts - < pn:9929 > - 请求失败
2026-04-14 14:22:21,996 - ERROR - post_service.post_service.py - FetchPosts - < pn:6395 > - 请求失败
2026-04-14 14:22:22,117 - ERROR - post_service.post_service.py - FetchPosts - < pn:2971 > - 请求失败
2026-04-14 14:22:22,240 - ERROR - post_service.post_service.py - FetchPosts - < pn:9930 > - 请求失败
2026-04-14 14:22:22,363 - ERROR - post_service.post_service.py - FetchPosts - < pn:6396 > - 请求失败
2026-04-14 14:22:22,517 - ERROR - post_service.post_service.py - FetchPosts - < pn:9931 > - 请求失败
2026-04-14 14:22:23,612 - ERROR - post_service.post_service.py - FetchPosts - < pn:6398 > - 请求失败
2026-04-14 14:22:23,629 - ERROR - post_service.post_service.py - FetchPosts - < pn:9933 > - 请求失败
2026-04-14 14:22:24,417 - ERROR - post_service.post_service.py - FetchPosts - < pn:9935 > - 请求失败
2026-04-14 14:22:25,134 - ERROR - post_service.post_service.py - FetchPosts - < pn:6400 > - 请求失败
2026-04-14 14:22:25,142 - ERROR - post_service.post_service.py - FetchPosts - < pn:2976 > - 请求失败
2026-04-14 14:22:25,286 - ERROR - post_service.post_service.py - FetchPosts - < pn:6401 > - 请求失败
2026-04-14 14:22:25,461 - ERROR - post_service.post_service.py - FetchPosts - < pn:6402 > - 请求失败
2026-04-14 14:22:25,752 - ERROR - post_service.post_service.py - FetchPosts - < pn:6403 > - 请求失败
2026-04-14 14:22:25,927 - ERROR - post_service.post_service.py - FetchPosts - < pn:9938 > - 请求失败
2026-04-14 14:22:26,040 - ERROR - post_service.post_service.py - FetchPosts - < pn:2978 > - 请求失败
2026-04-14 14:22:26,118 - ERROR - post_service.post_service.py - FetchPosts - < pn:9939 > - 请求失败
2026-04-14 14:22:26,213 - ERROR - post_service.post_service.py - FetchPosts - < pn:2979 > - 请求失败
2026-04-14 14:22:26,279 - ERROR - post_service.post_service.py - FetchPosts - < pn:9940 > - 请求失败
2026-04-14 14:22:27,015 - ERROR - post_service.post_service.py - FetchPosts - < pn:2981 > - 请求失败
2026-04-14 14:22:27,056 - ERROR - post_service.post_service.py - FetchPosts - < pn:6405 > - 请求失败
2026-04-14 14:22:27,161 - ERROR - post_service.post_service.py - FetchPosts - < pn:2982 > - 请求失败
2026-04-14 14:22:27,421 - ERROR - post_service.post_service.py - FetchPosts - < pn:9942 > - 请求失败
2026-04-14 14:22:27,613 - ERROR - post_service.post_service.py - FetchPosts - < pn:9943 > - 请求失败
2026-04-14 14:22:29,135 - ERROR - post_service.post_service.py - FetchPosts - < pn:6408 > - 请求失败
2026-04-14 14:22:29,637 - ERROR - post_service.post_service.py - FetchPosts - < pn:2986 > - 请求失败
2026-04-14 14:22:30,658 - ERROR - post_service.post_service.py - FetchPosts - < pn:6411 > - 请求失败
2026-04-14 14:22:31,336 - ERROR - post_service.post_service.py - FetchPosts - < pn:9948 > - 请求失败
2026-04-14 14:22:31,379 - ERROR - post_service.post_service.py - FetchPosts - < pn:2989 > - 请求失败
2026-04-14 14:22:31,512 - ERROR - post_service.post_service.py - FetchPosts - < pn:9949 > - 请求失败
2026-04-14 14:22:31,555 - ERROR - post_service.post_service.py - FetchPosts - < pn:2990 > - 请求失败
2026-04-14 14:22:31,663 - ERROR - post_service.post_service.py - FetchPosts - < pn:9950 > - 请求失败
2026-04-14 14:22:31,715 - ERROR - post_service.post_service.py - FetchPosts - < pn:2991 > - 请求失败
2026-04-14 14:22:31,948 - ERROR - post_service.post_service.py - FetchPosts - < pn:2992 > - 请求失败
2026-04-14 14:22:32,061 - ERROR - post_service.post_service.py - FetchPosts - < pn:6414 > - 请求失败
2026-04-14 14:22:32,155 - ERROR - post_service.post_service.py - FetchPosts - < pn:2993 > - 请求失败
2026-04-14 14:22:32,440 - ERROR - post_service.post_service.py - FetchPosts - < pn:2994 > - 请求失败
2026-04-14 14:22:32,570 - ERROR - post_service.post_service.py - FetchPosts - < pn:9952 > - 请求失败
2026-04-14 14:22:32,838 - ERROR - post_service.post_service.py - FetchPosts - < pn:6416 > - 请求失败
2026-04-14 14:22:33,007 - ERROR - post_service.post_service.py - FetchPosts - < pn:6417 > - 请求失败
2026-04-14 14:22:33,310 - ERROR - post_service.post_service.py - FetchPosts - < pn:6418 > - 请求失败
2026-04-14 14:22:33,359 - ERROR - post_service.post_service.py - FetchPosts - < pn:2996 > - 请求失败
2026-04-14 14:22:33,571 - ERROR - post_service.post_service.py - FetchPosts - < pn:6419 > - 请求失败
2026-04-14 14:22:33,695 - ERROR - post_service.post_service.py - FetchPosts - < pn:9954 > - 请求失败
2026-04-14 14:22:33,735 - ERROR - post_service.post_service.py - FetchPosts - < pn:6420 > - 请求失败
2026-04-14 14:22:33,958 - ERROR - post_service.post_service.py - FetchPosts - < pn:9955 > - 请求失败
2026-04-14 14:22:34,448 - ERROR - post_service.post_service.py - FetchPosts - < pn:2998 > - 请求失败
2026-04-14 14:22:34,611 - ERROR - post_service.post_service.py - FetchPosts - < pn:2999 > - 请求失败
2026-04-14 14:22:35,739 - ERROR - post_service.post_service.py - FetchPosts - < pn:3001 > - 请求失败
2026-04-14 14:22:35,778 - ERROR - post_service.post_service.py - FetchPosts - < pn:9958 > - 请求失败
2026-04-14 14:22:35,851 - ERROR - post_service.post_service.py - FetchPosts - < pn:6423 > - 请求失败
2026-04-14 14:22:36,458 - ERROR - post_service.post_service.py - FetchPosts - < pn:3003 > - 请求失败
2026-04-14 14:22:36,498 - ERROR - post_service.post_service.py - FetchPosts - < pn:9960 > - 请求失败
2026-04-14 14:22:36,734 - ERROR - post_service.post_service.py - FetchPosts - < pn:9961 > - 请求失败
2026-04-14 14:22:37,018 - ERROR - post_service.post_service.py - FetchPosts - < pn:9962 > - 请求失败
2026-04-14 14:22:37,152 - ERROR - post_service.post_service.py - FetchPosts - < pn:6425 > - 请求失败
2026-04-14 14:22:37,197 - ERROR - post_service.post_service.py - FetchPosts - < pn:9963 > - 请求失败
2026-04-14 14:22:37,400 - ERROR - post_service.post_service.py - FetchPosts - < pn:6426 > - 请求失败
2026-04-14 14:22:37,433 - ERROR - post_service.post_service.py - FetchPosts - < pn:9964 > - 请求失败
2026-04-14 14:22:37,473 - ERROR - post_service.post_service.py - FetchPosts - < pn:3005 > - 请求失败
2026-04-14 14:22:37,566 - ERROR - post_service.post_service.py - FetchPosts - < pn:6427 > - 请求失败
2026-04-14 14:22:37,650 - ERROR - post_service.post_service.py - FetchPosts - < pn:3006 > - 请求失败
2026-04-14 14:22:37,730 - ERROR - post_service.post_service.py - FetchPosts - < pn:6428 > - 请求失败
2026-04-14 14:22:38,613 - ERROR - post_service.post_service.py - FetchPosts - < pn:3008 > - 请求失败
2026-04-14 14:22:38,678 - ERROR - post_service.post_service.py - FetchPosts - < pn:6430 > - 请求失败
2026-04-14 14:22:38,829 - ERROR - post_service.post_service.py - FetchPosts - < pn:6431 > - 请求失败
2026-04-14 14:22:38,831 - ERROR - post_service.post_service.py - FetchPosts - < pn:3009 > - 请求失败
2026-04-14 14:22:38,985 - ERROR - post_service.post_service.py - FetchPosts - < pn:3010 > - 请求失败
2026-04-14 14:22:38,995 - ERROR - post_service.post_service.py - FetchPosts - < pn:6432 > - 请求失败
2026-04-14 14:22:39,151 - ERROR - post_service.post_service.py - FetchPosts - < pn:6433 > - 请求失败
2026-04-14 14:22:39,163 - ERROR - post_service.post_service.py - FetchPosts - < pn:3011 > - 请求失败
2026-04-14 14:22:39,424 - ERROR - post_service.post_service.py - FetchPosts - < pn:6434 > - 请求失败
2026-04-14 14:22:39,589 - ERROR - post_service.post_service.py - FetchPosts - < pn:9967 > - 请求失败
2026-04-14 14:22:39,598 - ERROR - post_service.post_service.py - FetchPosts - < pn:6435 > - 请求失败
2026-04-14 14:22:39,844 - ERROR - post_service.post_service.py - FetchPosts - < pn:9968 > - 请求失败
2026-04-14 14:22:40,650 - ERROR - post_service.post_service.py - FetchPosts - < pn:6437 > - 请求失败
2026-04-14 14:22:40,694 - ERROR - post_service.post_service.py - FetchPosts - < pn:3014 > - 请求失败
2026-04-14 14:22:40,736 - ERROR - post_service.post_service.py - FetchPosts - < pn:9970 > - 请求失败
2026-04-14 14:22:41,642 - ERROR - post_service.post_service.py - FetchPosts - < pn:9972 > - 请求失败
2026-04-14 14:22:41,646 - ERROR - post_service.post_service.py - FetchPosts - < pn:3016 > - 请求失败
2026-04-14 14:22:41,807 - ERROR - post_service.post_service.py - FetchPosts - < pn:9973 > - 请求失败
2026-04-14 14:22:42,356 - ERROR - post_service.post_service.py - FetchPosts - < pn:6440 > - 请求失败
2026-04-14 14:22:43,198 - ERROR - post_service.post_service.py - FetchPosts - < pn:9976 > - 请求失败
2026-04-14 14:22:43,380 - ERROR - post_service.post_service.py - FetchPosts - < pn:9977 > - 请求失败
2026-04-14 14:22:43,709 - ERROR - post_service.post_service.py - FetchPosts - < pn:9978 > - 请求失败
2026-04-14 14:22:44,430 - ERROR - post_service.post_service.py - FetchPosts - < pn:3020 > - 请求失败
2026-04-14 14:22:44,454 - ERROR - post_service.post_service.py - FetchPosts - < pn:6444 > - 请求失败
2026-04-14 14:22:44,982 - ERROR - post_service.post_service.py - FetchPosts - < pn:9980 > - 请求失败
2026-04-14 14:22:45,353 - ERROR - post_service.post_service.py - FetchPosts - < pn:3022 > - 请求失败
2026-04-14 14:22:45,520 - ERROR - post_service.post_service.py - FetchPosts - < pn:3023 > - 请求失败
2026-04-14 14:22:45,910 - ERROR - post_service.post_service.py - FetchPosts - < pn:9982 > - 请求失败
2026-04-14 14:22:46,806 - ERROR - post_service.post_service.py - FetchPosts - < pn:3025 > - 请求失败
2026-04-14 14:22:46,853 - ERROR - post_service.post_service.py - FetchPosts - < pn:6448 > - 请求失败
2026-04-14 14:22:46,873 - ERROR - post_service.post_service.py - FetchPosts - < pn:9984 > - 请求失败
2026-04-14 14:22:46,976 - ERROR - post_service.post_service.py - FetchPosts - < pn:3026 > - 请求失败
2026-04-14 14:22:47,014 - ERROR - post_service.post_service.py - FetchPosts - < pn:6449 > - 请求失败
2026-04-14 14:22:47,042 - ERROR - post_service.post_service.py - FetchPosts - < pn:9985 > - 请求失败
2026-04-14 14:22:47,206 - ERROR - post_service.post_service.py - FetchPosts - < pn:6450 > - 请求失败
2026-04-14 14:22:47,811 - ERROR - post_service.post_service.py - FetchPosts - < pn:3028 > - 请求失败
2026-04-14 14:22:48,611 - ERROR - post_service.post_service.py - FetchPosts - < pn:3030 > - 请求失败
2026-04-14 14:22:48,840 - ERROR - post_service.post_service.py - FetchPosts - < pn:3031 > - 请求失败
2026-04-14 14:22:48,985 - ERROR - post_service.post_service.py - FetchPosts - < pn:9988 > - 请求失败
2026-04-14 14:22:49,028 - ERROR - post_service.post_service.py - FetchPosts - < pn:3032 > - 请求失败
2026-04-14 14:22:49,258 - ERROR - post_service.post_service.py - FetchPosts - < pn:3033 > - 请求失败
2026-04-14 14:22:49,405 - ERROR - post_service.post_service.py - FetchPosts - < pn:3034 > - 请求失败
2026-04-14 14:22:49,704 - ERROR - post_service.post_service.py - FetchPosts - < pn:9990 > - 请求失败
2026-04-14 14:22:50,428 - ERROR - post_service.post_service.py - FetchPosts - < pn:9992 > - 请求失败
2026-04-14 14:22:50,691 - ERROR - post_service.post_service.py - FetchPosts - < pn:9993 > - 请求失败
2026-04-14 14:22:50,939 - ERROR - post_service.post_service.py - FetchPosts - < pn:9994 > - 请求失败
2026-04-14 14:22:51,103 - ERROR - post_service.post_service.py - FetchPosts - < pn:3037 > - 请求失败
2026-04-14 14:22:51,377 - ERROR - post_service.post_service.py - FetchPosts - < pn:3038 > - 请求失败
2026-04-14 14:22:51,776 - ERROR - post_service.post_service.py - FetchPosts - < pn:9996 > - 请求失败
2026-04-14 14:22:52,113 - ERROR - post_service.post_service.py - FetchPosts - < pn:9997 > - 请求失败
2026-04-14 14:22:52,182 - ERROR - post_service.post_service.py - FetchPosts - < pn:6458 > - 请求失败
2026-04-14 14:22:53,094 - ERROR - post_service.post_service.py - FetchPosts - < pn:6460 > - 请求失败
2026-04-14 14:22:53,255 - ERROR - post_service.post_service.py - FetchPosts - < pn:6461 > - 请求失败
2026-04-14 14:22:53,502 - ERROR - post_service.post_service.py - FetchPosts - < pn:6462 > - 请求失败
2026-04-14 14:22:53,660 - ERROR - post_service.post_service.py - FetchPosts - < pn:10000 > - 请求失败
2026-04-14 14:22:54,329 - ERROR - post_service.post_service.py - FetchPosts - < pn:3042 > - 请求失败
2026-04-14 14:22:54,970 - ERROR - content_service.content_service.py - Content-VideoFrag - < floor:0, pid:150767106652, pn:1, ppid:150673110688, ppn:4 > - Failed to download https://tiebac.baidu.com/c/p/voice?voice_md5=e6c6f66b96cffc87ef28875b0a97e05a_1185107755&play_from=pb_voice_play after 3 attempts
2026-04-14 14:22:55,204 - ERROR - post_service.post_service.py - FetchPosts - < pn:3044 > - 请求失败
2026-04-14 14:22:55,408 - ERROR - post_service.post_service.py - FetchPosts - < pn:3045 > - 请求失败
2026-04-14 14:22:55,791 - ERROR - post_service.post_service.py - FetchPosts - < pn:3046 > - 请求失败
2026-04-14 14:22:55,791 - ERROR - post_service.post_service.py - FetchPosts - < pn:10002 > - 请求失败
2026-04-14 14:22:55,955 - ERROR - post_service.post_service.py - FetchPosts - < pn:10003 > - 请求失败
2026-04-14 14:22:56,157 - ERROR - post_service.post_service.py - FetchPosts - < pn:10004 > - 请求失败
2026-04-14 14:22:56,834 - ERROR - post_service.post_service.py - FetchPosts - < pn:3048 > - 请求失败
2026-04-14 14:22:57,224 - ERROR - post_service.post_service.py - FetchPosts - < pn:3049 > - 请求失败
2026-04-14 14:22:57,460 - ERROR - post_service.post_service.py - FetchPosts - < pn:3050 > - 请求失败
2026-04-14 14:22:57,507 - ERROR - post_service.post_service.py - FetchPosts - < pn:6467 > - 请求失败
2026-04-14 14:22:57,626 - ERROR - post_service.post_service.py - FetchPosts - < pn:3051 > - 请求失败
2026-04-14 14:22:57,663 - ERROR - post_service.post_service.py - FetchPosts - < pn:6468 > - 请求失败
2026-04-14 14:22:59,007 - ERROR - post_service.post_service.py - FetchPosts - < pn:10008 > - 请求失败
2026-04-14 14:22:59,212 - ERROR - post_service.post_service.py - FetchPosts - < pn:3054 > - 请求失败
2026-04-14 14:22:59,454 - ERROR - post_service.post_service.py - FetchPosts - < pn:3055 > - 请求失败
2026-04-14 14:22:59,587 - ERROR - post_service.post_service.py - FetchPosts - < pn:6471 > - 请求失败
2026-04-14 14:22:59,945 - ERROR - post_service.post_service.py - FetchPosts - < pn:10010 > - 请求失败
2026-04-14 14:23:01,013 - ERROR - post_service.post_service.py - FetchPosts - < pn:3058 > - 请求失败
2026-04-14 14:23:01,852 - ERROR - post_service.post_service.py - FetchPosts - < pn:10013 > - 请求失败
2026-04-14 14:23:02,112 - ERROR - post_service.post_service.py - FetchPosts - < pn:6475 > - 请求失败
2026-04-14 14:23:02,501 - ERROR - post_service.post_service.py - FetchPosts - < pn:3061 > - 请求失败
2026-04-14 14:23:02,867 - ERROR - post_service.post_service.py - FetchPosts - < pn:3062 > - 请求失败
2026-04-14 14:23:03,903 - ERROR - post_service.post_service.py - FetchPosts - < pn:6478 > - 请求失败
2026-04-14 14:23:03,936 - ERROR - post_service.post_service.py - FetchPosts - < pn:10016 > - 请求失败
2026-04-14 14:23:05,015 - ERROR - post_service.post_service.py - FetchPosts - < pn:6480 > - 请求失败
2026-04-14 14:23:05,037 - ERROR - post_service.post_service.py - FetchPosts - < pn:10018 > - 请求失败
2026-04-14 14:23:05,075 - ERROR - post_service.post_service.py - FetchPosts - < pn:3065 > - 请求失败
2026-04-14 14:23:05,235 - ERROR - post_service.post_service.py - FetchPosts - < pn:6481 > - 请求失败
2026-04-14 14:23:05,899 - ERROR - post_service.post_service.py - FetchPosts - < pn:10020 > - 请求失败
2026-04-14 14:23:06,193 - ERROR - post_service.post_service.py - FetchPosts - < pn:3067 > - 请求失败
2026-04-14 14:23:06,243 - ERROR - post_service.post_service.py - FetchPosts - < pn:10021 > - 请求失败
2026-04-14 14:23:06,244 - ERROR - post_service.post_service.py - FetchPosts - < pn:6483 > - 请求失败
2026-04-14 14:23:06,439 - ERROR - post_service.post_service.py - FetchPosts - < pn:10022 > - 请求失败
2026-04-14 14:23:06,899 - ERROR - content_service.content_service.py - Content-VideoFrag - < floor:0, pid:150766491664, pn:2, ppid:150644138106, ppn:2 > - Failed to download https://tiebac.baidu.com/c/p/voice?voice_md5=2ae2db634f3380b3962be820977561ad_2238076535&play_from=pb_voice_play after 3 attempts
2026-04-14 14:23:06,903 - ERROR - content_service.content_service.py - Content-VideoFrag - < floor:0, pid:150718245261, pn:1, ppid:150674585337, ppn:5 > - Failed to download https://tiebac.baidu.com/c/p/voice?voice_md5=67382f22cc38603e8b6eff91f6acae99_6100602359&play_from=pb_voice_play after 3 attempts
2026-04-14 14:23:07,603 - ERROR - post_service.post_service.py - FetchPosts - < pn:10024 > - 请求失败
2026-04-14 14:23:07,632 - ERROR - post_service.post_service.py - FetchPosts - < pn:6485 > - 请求失败
2026-04-14 14:23:07,829 - ERROR - post_service.post_service.py - FetchPosts - < pn:6486 > - 请求失败
2026-04-14 14:23:07,909 - ERROR - content_service.content_service.py - Content-VideoFrag - < floor:0, pid:150965691214, pn:3, ppid:150644138106, ppn:2 > - Failed to download https://tiebac.baidu.com/c/p/voice?voice_md5=b05ef054d36a65fea30c279ba803ddcf_3178839830&play_from=pb_voice_play after 3 attempts
2026-04-14 14:23:07,916 - ERROR - content_service.content_service.py - Content-VideoFrag - < floor:0, pid:150815774920, pn:3, ppid:150674585337, ppn:5 > - Failed to download https://tiebac.baidu.com/c/p/voice?voice_md5=8a9da0f05b8ba99b972d9e08d029fa8d_3521911436&play_from=pb_voice_play after 3 attempts
2026-04-14 14:23:09,151 - ERROR - post_service.post_service.py - FetchPosts - < pn:10027 > - 请求失败
2026-04-14 14:23:09,157 - ERROR - post_service.post_service.py - FetchPosts - < pn:6488 > - 请求失败
2026-04-14 14:23:09,380 - ERROR - post_service.post_service.py - FetchPosts - < pn:6489 > - 请求失败
2026-04-14 14:23:09,546 - ERROR - post_service.post_service.py - FetchPosts - < pn:6490 > - 请求失败
2026-04-14 14:23:10,362 - ERROR - post_service.post_service.py - FetchPosts - < pn:6492 > - 请求失败
2026-04-14 14:23:11,322 - ERROR - post_service.post_service.py - FetchPosts - < pn:6494 > - 请求失败
2026-04-14 14:23:12,227 - ERROR - post_service.post_service.py - FetchPosts - < pn:6496 > - 请求失败
2026-04-14 14:23:12,245 - ERROR - post_service.post_service.py - FetchPosts - < pn:10032 > - 请求失败
2026-04-14 14:23:12,390 - ERROR - post_service.post_service.py - FetchPosts - < pn:6497 > - 请求失败
2026-04-14 14:23:13,123 - ERROR - post_service.post_service.py - FetchPosts - < pn:6499 > - 请求失败
2026-04-14 14:23:13,388 - ERROR - post_service.post_service.py - FetchPosts - < pn:6500 > - 请求失败
2026-04-14 14:23:13,651 - ERROR - post_service.post_service.py - FetchPosts - < pn:3076 > - 请求失败
2026-04-14 14:23:13,675 - ERROR - post_service.post_service.py - FetchPosts - < pn:6501 > - 请求失败
2026-04-14 14:23:13,854 - ERROR - post_service.post_service.py - FetchPosts - < pn:6502 > - 请求失败
2026-04-14 14:23:14,012 - ERROR - post_service.post_service.py - FetchPosts - < pn:6503 > - 请求失败
2026-04-14 14:23:14,178 - ERROR - post_service.post_service.py - FetchPosts - < pn:6504 > - 请求失败
2026-04-14 14:23:15,777 - ERROR - post_service.post_service.py - FetchPosts - < pn:3079 > - 请求失败
2026-04-14 14:23:15,846 - ERROR - post_service.post_service.py - FetchPosts - < pn:6507 > - 请求失败
2026-04-14 14:23:15,861 - ERROR - post_service.post_service.py - FetchPosts - < pn:10038 > - 请求失败
2026-04-14 14:23:15,936 - ERROR - post_service.post_service.py - FetchPosts - < pn:3080 > - 请求失败
2026-04-14 14:23:16,104 - ERROR - post_service.post_service.py - FetchPosts - < pn:3081 > - 请求失败
2026-04-14 14:23:16,277 - ERROR - post_service.post_service.py - FetchPosts - < pn:3082 > - 请求失败
2026-04-14 14:23:16,653 - ERROR - post_service.post_service.py - FetchPosts - < pn:10040 > - 请求失败
2026-04-14 14:23:16,977 - ERROR - post_service.post_service.py - FetchPosts - < pn:10041 > - 请求失败
2026-04-14 14:23:17,016 - ERROR - post_service.post_service.py - FetchPosts - < pn:6509 > - 请求失败
2026-04-14 14:23:17,301 - ERROR - post_service.post_service.py - FetchPosts - < pn:10042 > - 请求失败
2026-04-14 14:23:17,355 - ERROR - post_service.post_service.py - FetchPosts - < pn:6510 > - 请求失败
2026-04-14 14:23:18,558 - ERROR - post_service.post_service.py - FetchPosts - < pn:10044 > - 请求失败
2026-04-14 14:23:21,933 - ERROR - post_service.post_service.py - FetchPosts - < pn:10049 > - 请求失败
2026-04-14 14:23:22,104 - ERROR - post_service.post_service.py - FetchPosts - < pn:3089 > - 请求失败
2026-04-14 14:23:22,112 - ERROR - post_service.post_service.py - FetchPosts - < pn:10050 > - 请求失败
2026-04-14 14:23:22,338 - ERROR - post_service.post_service.py - FetchPosts - < pn:3090 > - 请求失败
2026-04-14 14:23:22,384 - ERROR - post_service.post_service.py - FetchPosts - < pn:6517 > - 请求失败
2026-04-14 14:23:22,493 - ERROR - post_service.post_service.py - FetchPosts - < pn:3091 > - 请求失败
2026-04-14 14:23:22,557 - ERROR - post_service.post_service.py - FetchPosts - < pn:6518 > - 请求失败
2026-04-14 14:23:22,729 - ERROR - post_service.post_service.py - FetchPosts - < pn:6519 > - 请求失败
2026-04-14 14:23:22,896 - ERROR - post_service.post_service.py - FetchPosts - < pn:6520 > - 请求失败
2026-04-14 14:23:23,160 - ERROR - post_service.post_service.py - FetchPosts - < pn:6521 > - 请求失败
2026-04-14 14:23:23,427 - ERROR - post_service.post_service.py - FetchPosts - < pn:10052 > - 请求失败
2026-04-14 14:23:23,437 - ERROR - post_service.post_service.py - FetchPosts - < pn:6522 > - 请求失败
2026-04-14 14:23:23,587 - ERROR - post_service.post_service.py - FetchPosts - < pn:3093 > - 请求失败
2026-04-14 14:23:23,618 - ERROR - post_service.post_service.py - FetchPosts - < pn:10053 > - 请求失败
2026-04-14 14:23:24,560 - ERROR - post_service.post_service.py - FetchPosts - < pn:3095 > - 请求失败
2026-04-14 14:23:25,860 - ERROR - post_service.post_service.py - FetchPosts - < pn:6526 > - 请求失败
2026-04-14 14:23:26,093 - ERROR - post_service.post_service.py - FetchPosts - < pn:6527 > - 请求失败
2026-04-14 14:23:27,438 - ERROR - post_service.post_service.py - FetchPosts - < pn:10059 > - 请求失败
2026-04-14 14:23:27,909 - ERROR - post_service.post_service.py - FetchPosts - < pn:3101 > - 请求失败
2026-04-14 14:23:28,754 - ERROR - post_service.post_service.py - FetchPosts - < pn:3103 > - 请求失败
2026-04-14 14:23:28,893 - ERROR - post_service.post_service.py - FetchPosts - < pn:6531 > - 请求失败
2026-04-14 14:23:29,696 - ERROR - post_service.post_service.py - FetchPosts - < pn:3105 > - 请求失败
2026-04-14 14:23:29,865 - ERROR - post_service.post_service.py - FetchPosts - < pn:3106 > - 请求失败
2026-04-14 14:23:30,145 - ERROR - post_service.post_service.py - FetchPosts - < pn:3107 > - 请求失败
2026-04-14 14:23:31,158 - ERROR - post_service.post_service.py - FetchPosts - < pn:3109 > - 请求失败
2026-04-14 14:23:31,978 - ERROR - post_service.post_service.py - FetchPosts - < pn:6535 > - 请求失败
2026-04-14 14:23:32,017 - ERROR - post_service.post_service.py - FetchPosts - < pn:10065 > - 请求失败
2026-04-14 14:23:33,099 - ERROR - post_service.post_service.py - FetchPosts - < pn:6537 > - 请求失败
2026-04-14 14:23:33,260 - ERROR - post_service.post_service.py - FetchPosts - < pn:3113 > - 请求失败
2026-04-14 14:23:33,289 - ERROR - post_service.post_service.py - FetchPosts - < pn:6538 > - 请求失败
2026-04-14 14:23:33,515 - ERROR - post_service.post_service.py - FetchPosts - < pn:3114 > - 请求失败
2026-04-14 14:23:33,596 - ERROR - post_service.post_service.py - FetchPosts - < pn:10068 > - 请求失败
2026-04-14 14:23:33,725 - ERROR - post_service.post_service.py - FetchPosts - < pn:3115 > - 请求失败
2026-04-14 14:23:33,823 - ERROR - post_service.post_service.py - FetchPosts - < pn:10069 > - 请求失败
2026-04-14 14:23:33,903 - ERROR - post_service.post_service.py - FetchPosts - < pn:3116 > - 请求失败
2026-04-14 14:23:34,534 - ERROR - post_service.post_service.py - FetchPosts - < pn:6540 > - 请求失败
2026-04-14 14:23:34,665 - ERROR - post_service.post_service.py - FetchPosts - < pn:10071 > - 请求失败
2026-04-14 14:23:34,790 - ERROR - post_service.post_service.py - FetchPosts - < pn:6541 > - 请求失败
2026-04-14 14:23:34,968 - ERROR - post_service.post_service.py - FetchPosts - < pn:6542 > - 请求失败
2026-04-14 14:23:35,134 - ERROR - post_service.post_service.py - FetchPosts - < pn:6543 > - 请求失败
2026-04-14 14:23:35,306 - ERROR - post_service.post_service.py - FetchPosts - < pn:6544 > - 请求失败
2026-04-14 14:23:35,590 - ERROR - post_service.post_service.py - FetchPosts - < pn:6545 > - 请求失败
2026-04-14 14:23:35,683 - ERROR - post_service.post_service.py - FetchPosts - < pn:10073 > - 请求失败
2026-04-14 14:23:35,859 - ERROR - post_service.post_service.py - FetchPosts - < pn:6546 > - 请求失败
2026-04-14 14:23:35,974 - ERROR - post_service.post_service.py - FetchPosts - < pn:10074 > - 请求失败
2026-04-14 14:23:36,010 - ERROR - post_service.post_service.py - FetchPosts - < pn:6547 > - 请求失败
2026-04-14 14:23:36,153 - ERROR - post_service.post_service.py - FetchPosts - < pn:10075 > - 请求失败
2026-04-14 14:23:36,192 - ERROR - post_service.post_service.py - FetchPosts - < pn:6548 > - 请求失败
2026-04-14 14:23:37,006 - ERROR - post_service.post_service.py - FetchPosts - < pn:10077 > - 请求失败
2026-04-14 14:23:37,059 - ERROR - post_service.post_service.py - FetchPosts - < pn:6550 > - 请求失败
2026-04-14 14:23:37,185 - ERROR - post_service.post_service.py - FetchPosts - < pn:10078 > - 请求失败
2026-04-14 14:23:38,112 - ERROR - post_service.post_service.py - FetchPosts - < pn:6552 > - 请求失败
2026-04-14 14:23:38,293 - ERROR - post_service.post_service.py - FetchPosts - < pn:6553 > - 请求失败
2026-04-14 14:23:38,841 - ERROR - post_service.post_service.py - FetchPosts - < pn:10081 > - 请求失败
2026-04-14 14:23:39,120 - ERROR - post_service.post_service.py - FetchPosts - < pn:10082 > - 请求失败
2026-04-14 14:23:39,505 - ERROR - post_service.post_service.py - FetchPosts - < pn:6555 > - 请求失败
2026-04-14 14:23:40,353 - ERROR - post_service.post_service.py - FetchPosts - < pn:6557 > - 请求失败
2026-04-14 14:23:40,571 - ERROR - post_service.post_service.py - FetchPosts - < pn:6558 > - 请求失败
2026-04-14 14:23:40,645 - ERROR - post_service.post_service.py - SavePost - < floor:100019, pid:153332638593, pn:3124 > - UNIQUE constraint failed: post.id
2026-04-14 14:23:40,645 - ERROR - post_service.post_service.py - SavePost - < floor:100020, pid:153332639310, pn:3124 > - UNIQUE constraint failed: post.id
2026-04-14 14:23:40,645 - ERROR - post_service.post_service.py - SavePost - < floor:100021, pid:153332639431, pn:3124 > - UNIQUE constraint failed: post.id
2026-04-14 14:23:40,645 - ERROR - post_service.post_service.py - SavePost - < floor:100022, pid:153332639828, pn:3124 > - UNIQUE constraint failed: post.id
2026-04-14 14:23:40,646 - ERROR - post_service.post_service.py - SavePost - < floor:100023, pid:153332640480, pn:3124 > - UNIQUE constraint failed: post.id
2026-04-14 14:23:40,646 - ERROR - post_service.post_service.py - SavePost - < floor:100024, pid:153332640896, pn:3124 > - UNIQUE constraint failed: post.id
2026-04-14 14:23:40,646 - ERROR - post_service.post_service.py - SavePost - < floor:100025, pid:153332641510, pn:3124 > - UNIQUE constraint failed: post.id
2026-04-14 14:23:40,646 - ERROR - post_service.post_service.py - SavePost - < floor:100026, pid:153332643812, pn:3124 > - UNIQUE constraint failed: post.id
2026-04-14 14:23:40,646 - ERROR - post_service.post_service.py - SavePost - < floor:100027, pid:153332643940, pn:3124 > - UNIQUE constraint failed: post.id
2026-04-14 14:23:40,646 - ERROR - post_service.post_service.py - SavePost - < floor:100028, pid:153332643959, pn:3124 > - UNIQUE constraint failed: post.id
2026-04-14 14:23:40,647 - ERROR - post_service.post_service.py - SavePost - < floor:100029, pid:153332645277, pn:3124 > - UNIQUE constraint failed: post.id
2026-04-14 14:23:40,647 - ERROR - post_service.post_service.py - SavePost - < floor:100030, pid:153332645585, pn:3124 > - UNIQUE constraint failed: post.id
2026-04-14 14:23:40,647 - ERROR - post_service.post_service.py - SavePost - < floor:100031, pid:153332645999, pn:3124 > - UNIQUE constraint failed: post.id
2026-04-14 14:23:40,647 - ERROR - post_service.post_service.py - SavePost - < floor:100032, pid:153332646098, pn:3124 > - UNIQUE constraint failed: post.id
2026-04-14 14:23:40,647 - ERROR - post_service.post_service.py - SavePost - < floor:100033, pid:153332646375, pn:3124 > - UNIQUE constraint failed: post.id
2026-04-14 14:23:40,647 - ERROR - post_service.post_service.py - SavePost - < floor:100034, pid:153332646445, pn:3124 > - UNIQUE constraint failed: post.id
2026-04-14 14:23:40,647 - ERROR - post_service.post_service.py - SavePost - < floor:100035, pid:153332646969, pn:3124 > - UNIQUE constraint failed: post.id
2026-04-14 14:23:40,648 - ERROR - post_service.post_service.py - SavePost - < floor:100036, pid:153332648166, pn:3124 > - UNIQUE constraint failed: post.id
2026-04-14 14:23:40,648 - ERROR - post_service.post_service.py - SavePost - < floor:100037, pid:153332648404, pn:3124 > - UNIQUE constraint failed: post.id
2026-04-14 14:23:40,852 - ERROR - post_service.post_service.py - FetchPosts - < pn:6559 > - 请求失败
2026-04-14 14:23:41,313 - ERROR - post_service.post_service.py - FetchPosts - < pn:10086 > - 请求失败
2026-04-14 14:23:42,283 - ERROR - post_service.post_service.py - FetchPosts - < pn:10088 > - 请求失败
2026-04-14 14:23:42,380 - ERROR - post_service.post_service.py - FetchPosts - < pn:6562 > - 请求失败
2026-04-14 14:23:42,408 - ERROR - post_service.post_service.py - FetchPosts - < pn:3128 > - 请求失败
2026-04-14 14:23:42,576 - ERROR - post_service.post_service.py - FetchPosts - < pn:3129 > - 请求失败
2026-04-14 14:23:42,750 - ERROR - post_service.post_service.py - FetchPosts - < pn:3130 > - 请求失败
2026-04-14 14:23:43,446 - ERROR - post_service.post_service.py - FetchPosts - < pn:10090 > - 请求失败
2026-04-14 14:23:43,454 - ERROR - post_service.post_service.py - FetchPosts - < pn:6564 > - 请求失败
2026-04-14 14:23:43,626 - ERROR - post_service.post_service.py - FetchPosts - < pn:6565 > - 请求失败
2026-04-14 14:23:43,790 - ERROR - post_service.post_service.py - FetchPosts - < pn:6566 > - 请求失败
2026-04-14 14:23:44,076 - ERROR - post_service.post_service.py - FetchPosts - < pn:6567 > - 请求失败
2026-04-14 14:23:44,941 - ERROR - post_service.post_service.py - FetchPosts - < pn:10092 > - 请求失败
2026-04-14 14:23:44,956 - ERROR - post_service.post_service.py - FetchPosts - < pn:6569 > - 请求失败
2026-04-14 14:23:46,006 - ERROR - post_service.post_service.py - FetchPosts - < pn:3135 > - 请求失败
2026-04-14 14:23:46,028 - ERROR - post_service.post_service.py - FetchPosts - < pn:6571 > - 请求失败
2026-04-14 14:23:46,187 - ERROR - post_service.post_service.py - FetchPosts - < pn:3136 > - 请求失败
2026-04-14 14:23:46,353 - ERROR - post_service.post_service.py - FetchPosts - < pn:3137 > - 请求失败
2026-04-14 14:23:46,511 - ERROR - post_service.post_service.py - FetchPosts - < pn:3138 > - 请求失败
2026-04-14 14:23:46,856 - ERROR - post_service.post_service.py - FetchPosts - < pn:6573 > - 请求失败
2026-04-14 14:23:47,111 - ERROR - post_service.post_service.py - FetchPosts - < pn:10095 > - 请求失败
2026-04-14 14:23:47,397 - ERROR - post_service.post_service.py - FetchPosts - < pn:10096 > - 请求失败
2026-04-14 14:23:47,443 - ERROR - post_service.post_service.py - FetchPosts - < pn:3140 > - 请求失败
2026-04-14 14:23:49,148 - ERROR - post_service.post_service.py - FetchPosts - < pn:10099 > - 请求失败
2026-04-14 14:23:49,185 - ERROR - post_service.post_service.py - FetchPosts - < pn:3143 > - 请求失败
2026-04-14 14:23:49,305 - ERROR - post_service.post_service.py - FetchPosts - < pn:10100 > - 请求失败
2026-04-14 14:23:49,866 - ERROR - post_service.post_service.py - FetchPosts - < pn:6577 > - 请求失败
2026-04-14 14:23:50,251 - ERROR - post_service.post_service.py - FetchPosts - < pn:10102 > - 请求失败
2026-04-14 14:23:50,416 - ERROR - post_service.post_service.py - FetchPosts - < pn:10103 > - 请求失败
2026-04-14 14:23:51,245 - ERROR - post_service.post_service.py - FetchPosts - < pn:6579 > - 请求失败
2026-04-14 14:23:51,255 - ERROR - post_service.post_service.py - FetchPosts - < pn:10105 > - 请求失败
2026-04-14 14:23:51,281 - ERROR - post_service.post_service.py - FetchPosts - < pn:3147 > - 请求失败
2026-04-14 14:23:51,431 - ERROR - post_service.post_service.py - FetchPosts - < pn:10106 > - 请求失败
2026-04-14 14:23:51,442 - ERROR - post_service.post_service.py - FetchPosts - < pn:3148 > - 请求失败
2026-04-14 14:23:51,599 - ERROR - post_service.post_service.py - FetchPosts - < pn:3149 > - 请求失败
2026-04-14 14:23:51,858 - ERROR - post_service.post_service.py - FetchPosts - < pn:3150 > - 请求失败
2026-04-14 14:23:52,105 - ERROR - post_service.post_service.py - FetchPosts - < pn:3151 > - 请求失败
2026-04-14 14:23:52,114 - ERROR - post_service.post_service.py - FetchPosts - < pn:6581 > - 请求失败
2026-04-14 14:23:52,220 - ERROR - post_service.post_service.py - FetchPosts - < pn:10108 > - 请求失败
2026-04-14 14:23:52,278 - ERROR - post_service.post_service.py - FetchPosts - < pn:3152 > - 请求失败
2026-04-14 14:23:52,283 - ERROR - post_service.post_service.py - FetchPosts - < pn:6582 > - 请求失败
2026-04-14 14:23:52,384 - ERROR - post_service.post_service.py - FetchPosts - < pn:10109 > - 请求失败
2026-04-14 14:23:52,448 - ERROR - post_service.post_service.py - FetchPosts - < pn:6583 > - 请求失败
2026-04-14 14:23:52,632 - ERROR - post_service.post_service.py - FetchPosts - < pn:6584 > - 请求失败
2026-04-14 14:23:52,810 - ERROR - post_service.post_service.py - FetchPosts - < pn:6585 > - 请求失败
2026-04-14 14:23:53,202 - ERROR - post_service.post_service.py - FetchPosts - < pn:10111 > - 请求失败
2026-04-14 14:23:53,283 - ERROR - post_service.post_service.py - FetchPosts - < pn:3154 > - 请求失败
2026-04-14 14:23:53,410 - ERROR - post_service.post_service.py - FetchPosts - < pn:10112 > - 请求失败
2026-04-14 14:23:53,619 - ERROR - post_service.post_service.py - FetchPosts - < pn:10113 > - 请求失败
2026-04-14 14:23:54,069 - ERROR - post_service.post_service.py - FetchPosts - < pn:3156 > - 请求失败
2026-04-14 14:23:54,306 - ERROR - post_service.post_service.py - FetchPosts - < pn:3157 > - 请求失败
2026-04-14 14:23:55,209 - ERROR - post_service.post_service.py - FetchPosts - < pn:3159 > - 请求失败
2026-04-14 14:23:55,486 - ERROR - post_service.post_service.py - FetchPosts - < pn:3160 > - 请求失败
2026-04-14 14:23:55,605 - ERROR - post_service.post_service.py - FetchPosts - < pn:10116 > - 请求失败
2026-04-14 14:23:55,726 - ERROR - post_service.post_service.py - FetchPosts - < pn:3161 > - 请求失败
2026-04-14 14:23:55,771 - ERROR - post_service.post_service.py - FetchPosts - < pn:10117 > - 请求失败
2026-04-14 14:23:56,588 - ERROR - post_service.post_service.py - FetchPosts - < pn:3163 > - 请求失败
2026-04-14 14:23:56,684 - ERROR - post_service.post_service.py - FetchPosts - < pn:10119 > - 请求失败
2026-04-14 14:23:56,752 - ERROR - post_service.post_service.py - FetchPosts - < pn:3164 > - 请求失败
2026-04-14 14:23:56,848 - ERROR - post_service.post_service.py - FetchPosts - < pn:10120 > - 请求失败
2026-04-14 14:23:56,911 - ERROR - post_service.post_service.py - FetchPosts - < pn:3165 > - 请求失败
2026-04-14 14:23:57,606 - ERROR - post_service.post_service.py - FetchPosts - < pn:6592 > - 请求失败
2026-04-14 14:23:57,665 - ERROR - post_service.post_service.py - FetchPosts - < pn:3167 > - 请求失败
2026-04-14 14:23:57,760 - ERROR - post_service.post_service.py - FetchPosts - < pn:6593 > - 请求失败
2026-04-14 14:23:58,599 - ERROR - post_service.post_service.py - FetchPosts - < pn:3169 > - 请求失败
2026-04-14 14:23:59,679 - ERROR - post_service.post_service.py - FetchPosts - < pn:3171 > - 请求失败
2026-04-14 14:23:59,729 - ERROR - post_service.post_service.py - FetchPosts - < pn:10125 > - 请求失败
2026-04-14 14:24:01,110 - ERROR - post_service.post_service.py - FetchPosts - < pn:6598 > - 请求失败
2026-04-14 14:24:01,130 - ERROR - post_service.post_service.py - FetchPosts - < pn:10127 > - 请求失败
2026-04-14 14:24:02,062 - ERROR - post_service.post_service.py - FetchPosts - < pn:6600 > - 请求失败
2026-04-14 14:24:02,320 - ERROR - post_service.post_service.py - FetchPosts - < pn:6601 > - 请求失败
2026-04-14 14:24:04,204 - ERROR - post_service.post_service.py - FetchPosts - < pn:6604 > - 请求失败
2026-04-14 14:24:04,298 - ERROR - post_service.post_service.py - FetchPosts - < pn:3178 > - 请求失败
2026-04-14 14:24:04,451 - ERROR - post_service.post_service.py - FetchPosts - < pn:10133 > - 请求失败
2026-04-14 14:24:05,198 - ERROR - post_service.post_service.py - FetchPosts - < pn:3180 > - 请求失败
2026-04-14 14:24:05,346 - ERROR - post_service.post_service.py - FetchPosts - < pn:10135 > - 请求失败
2026-04-14 14:24:05,376 - ERROR - post_service.post_service.py - FetchPosts - < pn:3181 > - 请求失败
2026-04-14 14:24:05,673 - ERROR - post_service.post_service.py - FetchPosts - < pn:3182 > - 请求失败
2026-04-14 14:24:05,830 - ERROR - post_service.post_service.py - FetchPosts - < pn:6607 > - 请求失败
2026-04-14 14:24:06,077 - ERROR - post_service.post_service.py - FetchPosts - < pn:6608 > - 请求失败
2026-04-14 14:24:06,170 - ERROR - post_service.post_service.py - FetchPosts - < pn:10137 > - 请求失败
2026-04-14 14:24:06,706 - ERROR - post_service.post_service.py - FetchPosts - < pn:3184 > - 请求失败
2026-04-14 14:24:07,634 - ERROR - post_service.post_service.py - FetchPosts - < pn:10140 > - 请求失败
2026-04-14 14:24:07,796 - ERROR - post_service.post_service.py - FetchPosts - < pn:10141 > - 请求失败
2026-04-14 14:24:08,485 - ERROR - post_service.post_service.py - FetchPosts - < pn:3187 > - 请求失败
2026-04-14 14:24:08,591 - ERROR - post_service.post_service.py - FetchPosts - < pn:6612 > - 请求失败
2026-04-14 14:24:08,647 - ERROR - post_service.post_service.py - FetchPosts - < pn:3188 > - 请求失败
2026-04-14 14:24:08,747 - ERROR - post_service.post_service.py - FetchPosts - < pn:6613 > - 请求失败
2026-04-14 14:24:08,811 - ERROR - post_service.post_service.py - FetchPosts - < pn:3189 > - 请求失败
2026-04-14 14:24:08,909 - ERROR - post_service.post_service.py - FetchPosts - < pn:6614 > - 请求失败
2026-04-14 14:24:09,029 - ERROR - post_service.post_service.py - FetchPosts - < pn:3190 > - 请求失败
2026-04-14 14:24:09,144 - ERROR - post_service.post_service.py - FetchPosts - < pn:6615 > - 请求失败
2026-04-14 14:24:09,267 - ERROR - post_service.post_service.py - FetchPosts - < pn:10144 > - 请求失败
2026-04-14 14:24:09,377 - ERROR - post_service.post_service.py - FetchPosts - < pn:6616 > - 请求失败
2026-04-14 14:24:09,445 - ERROR - post_service.post_service.py - FetchPosts - < pn:10145 > - 请求失败
2026-04-14 14:24:09,623 - ERROR - post_service.post_service.py - FetchPosts - < pn:6617 > - 请求失败
2026-04-14 14:24:10,872 - ERROR - post_service.post_service.py - FetchPosts - < pn:6619 > - 请求失败
2026-04-14 14:24:11,535 - ERROR - post_service.post_service.py - FetchPosts - < pn:3195 > - 请求失败
2026-04-14 14:24:11,752 - ERROR - post_service.post_service.py - FetchPosts - < pn:3196 > - 请求失败
2026-04-14 14:24:11,976 - ERROR - post_service.post_service.py - FetchPosts - < pn:3197 > - 请求失败
2026-04-14 14:24:12,016 - ERROR - post_service.post_service.py - FetchPosts - < pn:6621 > - 请求失败
2026-04-14 14:24:12,225 - ERROR - post_service.post_service.py - FetchPosts - < pn:6622 > - 请求失败
2026-04-14 14:24:12,425 - ERROR - post_service.post_service.py - FetchPosts - < pn:6623 > - 请求失败
2026-04-14 14:24:12,873 - ERROR - post_service.post_service.py - FetchPosts - < pn:3199 > - 请求失败
2026-04-14 14:24:13,980 - ERROR - post_service.post_service.py - FetchPosts - < pn:3201 > - 请求失败
2026-04-14 14:24:14,168 - ERROR - post_service.post_service.py - FetchPosts - < pn:3202 > - 请求失败
2026-04-14 14:24:14,678 - ERROR - post_service.post_service.py - FetchPosts - < pn:6627 > - 请求失败
2026-04-14 14:24:15,020 - ERROR - post_service.post_service.py - FetchPosts - < pn:3204 > - 请求失败
2026-04-14 14:24:15,481 - ERROR - post_service.post_service.py - FetchPosts - < pn:10154 > - 请求失败
2026-04-14 14:24:15,825 - ERROR - post_service.post_service.py - FetchPosts - < pn:10155 > - 请求失败
2026-04-14 14:24:15,887 - ERROR - post_service.post_service.py - FetchPosts - < pn:6629 > - 请求失败
2026-04-14 14:24:15,897 - ERROR - post_service.post_service.py - FetchPosts - < pn:3206 > - 请求失败
2026-04-14 14:24:15,991 - ERROR - post_service.post_service.py - FetchPosts - < pn:10156 > - 请求失败
2026-04-14 14:24:16,044 - ERROR - post_service.post_service.py - FetchPosts - < pn:6630 > - 请求失败
2026-04-14 14:24:16,098 - ERROR - post_service.post_service.py - FetchPosts - < pn:3207 > - 请求失败
2026-04-14 14:24:16,158 - ERROR - post_service.post_service.py - FetchPosts - < pn:10157 > - 请求失败
2026-04-14 14:24:16,262 - ERROR - post_service.post_service.py - FetchPosts - < pn:3208 > - 请求失败
2026-04-14 14:24:16,328 - ERROR - post_service.post_service.py - FetchPosts - < pn:10158 > - 请求失败
2026-04-14 14:24:16,471 - ERROR - post_service.post_service.py - FetchPosts - < pn:3209 > - 请求失败
2026-04-14 14:24:16,494 - ERROR - post_service.post_service.py - FetchPosts - < pn:10159 > - 请求失败
2026-04-14 14:24:16,663 - ERROR - post_service.post_service.py - FetchPosts - < pn:10160 > - 请求失败
2026-04-14 14:24:16,731 - ERROR - post_service.post_service.py - FetchPosts - < pn:3210 > - 请求失败
2026-04-14 14:24:17,019 - ERROR - post_service.post_service.py - FetchPosts - < pn:6632 > - 请求失败
2026-04-14 14:24:17,216 - ERROR - post_service.post_service.py - FetchPosts - < pn:6633 > - 请求失败
2026-04-14 14:24:17,568 - ERROR - post_service.post_service.py - FetchPosts - < pn:6634 > - 请求失败
2026-04-14 14:24:17,676 - ERROR - post_service.post_service.py - FetchPosts - < pn:10162 > - 请求失败
2026-04-14 14:24:17,756 - ERROR - post_service.post_service.py - FetchPosts - < pn:6635 > - 请求失败
2026-04-14 14:24:17,842 - ERROR - post_service.post_service.py - FetchPosts - < pn:10163 > - 请求失败
2026-04-14 14:24:18,022 - ERROR - post_service.post_service.py - FetchPosts - < pn:10164 > - 请求失败
2026-04-14 14:24:18,188 - ERROR - post_service.post_service.py - FetchPosts - < pn:10165 > - 请求失败
2026-04-14 14:24:18,355 - ERROR - post_service.post_service.py - FetchPosts - < pn:10166 > - 请求失败
2026-04-14 14:24:19,201 - ERROR - post_service.post_service.py - FetchPosts - < pn:6637 > - 请求失败
2026-04-14 14:24:19,250 - ERROR - post_service.post_service.py - FetchPosts - < pn:3214 > - 请求失败
2026-04-14 14:24:19,367 - ERROR - post_service.post_service.py - FetchPosts - < pn:6638 > - 请求失败
2026-04-14 14:24:19,421 - ERROR - post_service.post_service.py - FetchPosts - < pn:3215 > - 请求失败
2026-04-14 14:24:19,788 - ERROR - post_service.post_service.py - FetchPosts - < pn:10169 > - 请求失败
2026-04-14 14:24:19,949 - ERROR - post_service.post_service.py - FetchPosts - < pn:10170 > - 请求失败
2026-04-14 14:24:20,424 - ERROR - post_service.post_service.py - FetchPosts - < pn:10171 > - 请求失败
2026-04-14 14:24:21,433 - ERROR - post_service.post_service.py - FetchPosts - < pn:6641 > - 请求失败
2026-04-14 14:24:21,524 - ERROR - post_service.post_service.py - FetchPosts - < pn:3218 > - 请求失败
2026-04-14 14:24:21,699 - ERROR - post_service.post_service.py - FetchPosts - < pn:10173 > - 请求失败
2026-04-14 14:24:21,851 - ERROR - post_service.post_service.py - FetchPosts - < pn:3219 > - 请求失败
2026-04-14 14:24:22,826 - ERROR - post_service.post_service.py - FetchPosts - < pn:3221 > - 请求失败
2026-04-14 14:24:23,322 - ERROR - post_service.post_service.py - FetchPosts - < pn:3222 > - 请求失败
2026-04-14 14:24:23,490 - ERROR - post_service.post_service.py - FetchPosts - < pn:10175 > - 请求失败
2026-04-14 14:24:23,586 - ERROR - post_service.post_service.py - FetchPosts - < pn:3223 > - 请求失败
2026-04-14 14:24:24,087 - ERROR - post_service.post_service.py - FetchPosts - < pn:3224 > - 请求失败
2026-04-14 14:24:24,399 - ERROR - post_service.post_service.py - FetchPosts - < pn:3225 > - 请求失败
2026-04-14 14:24:25,144 - ERROR - post_service.post_service.py - FetchPosts - < pn:3227 > - 请求失败
2026-04-14 14:24:25,146 - ERROR - post_service.post_service.py - FetchPosts - < pn:10178 > - 请求失败
2026-04-14 14:24:25,447 - ERROR - post_service.post_service.py - FetchPosts - < pn:3228 > - 请求失败
2026-04-14 14:24:25,625 - ERROR - post_service.post_service.py - FetchPosts - < pn:6647 > - 请求失败
2026-04-14 14:24:25,641 - ERROR - post_service.post_service.py - FetchPosts - < pn:3229 > - 请求失败
2026-04-14 14:24:25,796 - ERROR - post_service.post_service.py - FetchPosts - < pn:3230 > - 请求失败
2026-04-14 14:24:25,805 - ERROR - post_service.post_service.py - FetchPosts - < pn:6648 > - 请求失败
2026-04-14 14:24:25,952 - ERROR - post_service.post_service.py - FetchPosts - < pn:6649 > - 请求失败
2026-04-14 14:24:25,979 - ERROR - post_service.post_service.py - FetchPosts - < pn:3231 > - 请求失败
2026-04-14 14:24:26,250 - ERROR - post_service.post_service.py - FetchPosts - < pn:10180 > - 请求失败
2026-04-14 14:24:26,432 - ERROR - post_service.post_service.py - FetchPosts - < pn:10181 > - 请求失败
2026-04-14 14:24:26,694 - ERROR - post_service.post_service.py - FetchPosts - < pn:10182 > - 请求失败
2026-04-14 14:24:26,861 - ERROR - post_service.post_service.py - FetchPosts - < pn:3233 > - 请求失败
2026-04-14 14:24:26,863 - ERROR - post_service.post_service.py - FetchPosts - < pn:10183 > - 请求失败
2026-04-14 14:24:27,709 - ERROR - post_service.post_service.py - FetchPosts - < pn:3235 > - 请求失败
2026-04-14 14:24:27,963 - ERROR - post_service.post_service.py - FetchPosts - < pn:3236 > - 请求失败
2026-04-14 14:24:28,227 - ERROR - post_service.post_service.py - FetchPosts - < pn:3237 > - 请求失败
2026-04-14 14:24:28,405 - ERROR - post_service.post_service.py - FetchPosts - < pn:3238 > - 请求失败
2026-04-14 14:24:29,670 - ERROR - post_service.post_service.py - FetchPosts - < pn:10188 > - 请求失败
2026-04-14 14:24:29,683 - ERROR - post_service.post_service.py - FetchPosts - < pn:6654 > - 请求失败
2026-04-14 14:24:29,860 - ERROR - post_service.post_service.py - FetchPosts - < pn:6655 > - 请求失败
2026-04-14 14:24:29,902 - ERROR - content_service.content_service.py - Content-VideoFrag - < floor:0, pid:150766964715, pn:2, ppid:150673751151, ppn:4 > - Failed to download https://tiebac.baidu.com/c/p/voice?voice_md5=7f43e27cf176cf086108ae02e8b5acf5_6665508204&play_from=pb_voice_play after 3 attempts
2026-04-14 14:24:29,916 - ERROR - content_service.content_service.py - Content-VideoFrag - < floor:0, pid:150718206382, pn:1, ppid:150673751151, ppn:4 > - Failed to download https://tiebac.baidu.com/c/p/voice?voice_md5=d1b25507e4deec9e8c91808339c05019_6100602359&play_from=pb_voice_play after 3 attempts
2026-04-14 14:24:30,515 - ERROR - post_service.post_service.py - FetchPosts - < pn:3241 > - 请求失败
2026-04-14 14:24:30,552 - ERROR - post_service.post_service.py - FetchPosts - < pn:10190 > - 请求失败
2026-04-14 14:24:30,755 - ERROR - post_service.post_service.py - FetchPosts - < pn:3242 > - 请求失败
2026-04-14 14:24:30,794 - ERROR - post_service.post_service.py - FetchPosts - < pn:10191 > - 请求失败
2026-04-14 14:24:30,835 - ERROR - post_service.post_service.py - FetchPosts - < pn:6657 > - 请求失败
2026-04-14 14:24:31,783 - ERROR - post_service.post_service.py - FetchPosts - < pn:6659 > - 请求失败
2026-04-14 14:24:31,807 - ERROR - post_service.post_service.py - FetchPosts - < pn:10193 > - 请求失败
2026-04-14 14:24:31,809 - ERROR - post_service.post_service.py - FetchPosts - < pn:3244 > - 请求失败
2026-04-14 14:24:31,945 - ERROR - post_service.post_service.py - FetchPosts - < pn:6660 > - 请求失败
2026-04-14 14:24:31,972 - ERROR - post_service.post_service.py - FetchPosts - < pn:10194 > - 请求失败
2026-04-14 14:24:31,972 - ERROR - post_service.post_service.py - FetchPosts - < pn:3245 > - 请求失败
2026-04-14 14:24:32,106 - ERROR - post_service.post_service.py - FetchPosts - < pn:6661 > - 请求失败
2026-04-14 14:24:32,137 - ERROR - post_service.post_service.py - FetchPosts - < pn:10195 > - 请求失败
2026-04-14 14:24:33,003 - ERROR - post_service.post_service.py - FetchPosts - < pn:10197 > - 请求失败
2026-04-14 14:24:33,166 - ERROR - post_service.post_service.py - FetchPosts - < pn:6663 > - 请求失败
2026-04-14 14:24:33,232 - ERROR - post_service.post_service.py - FetchPosts - < pn:3247 > - 请求失败
2026-04-14 14:24:33,396 - ERROR - post_service.post_service.py - FetchPosts - < pn:3248 > - 请求失败
2026-04-14 14:24:33,745 - ERROR - post_service.post_service.py - FetchPosts - < pn:10199 > - 请求失败
2026-04-14 14:24:33,936 - ERROR - post_service.post_service.py - FetchPosts - < pn:10200 > - 请求失败
2026-04-14 14:24:34,186 - ERROR - post_service.post_service.py - FetchPosts - < pn:10201 > - 请求失败
2026-04-14 14:24:34,366 - ERROR - post_service.post_service.py - FetchPosts - < pn:10202 > - 请求失败
2026-04-14 14:24:34,637 - ERROR - post_service.post_service.py - FetchPosts - < pn:3250 > - 请求失败
2026-04-14 14:24:35,022 - ERROR - post_service.post_service.py - FetchPosts - < pn:6666 > - 请求失败
2026-04-14 14:24:35,192 - ERROR - post_service.post_service.py - FetchPosts - < pn:6667 > - 请求失败
2026-04-14 14:24:35,437 - ERROR - post_service.post_service.py - FetchPosts - < pn:6668 > - 请求失败
2026-04-14 14:24:35,710 - ERROR - post_service.post_service.py - FetchPosts - < pn:6669 > - 请求失败
2026-04-14 14:24:35,968 - ERROR - post_service.post_service.py - FetchPosts - < pn:6670 > - 请求失败
2026-04-14 14:24:36,144 - ERROR - post_service.post_service.py - FetchPosts - < pn:6671 > - 请求失败
2026-04-14 14:24:36,374 - ERROR - post_service.post_service.py - FetchPosts - < pn:6672 > - 请求失败
2026-04-14 14:24:36,542 - ERROR - post_service.post_service.py - FetchPosts - < pn:6673 > - 请求失败
2026-04-14 14:24:36,809 - ERROR - post_service.post_service.py - FetchPosts - < pn:6674 > - 请求失败
2026-04-14 14:24:37,163 - ERROR - post_service.post_service.py - FetchPosts - < pn:10206 > - 请求失败
2026-04-14 14:24:37,604 - ERROR - post_service.post_service.py - FetchPosts - < pn:3255 > - 请求失败
2026-04-14 14:24:37,620 - ERROR - post_service.post_service.py - FetchPosts - < pn:6676 > - 请求失败
2026-04-14 14:24:38,387 - ERROR - post_service.post_service.py - FetchPosts - < pn:6678 > - 请求失败
2026-04-14 14:24:38,541 - ERROR - post_service.post_service.py - FetchPosts - < pn:6679 > - 请求失败
2026-04-14 14:24:38,945 - ERROR - post_service.post_service.py - FetchPosts - < pn:10209 > - 请求失败
2026-04-14 14:24:39,143 - ERROR - post_service.post_service.py - FetchPosts - < pn:10210 > - 请求失败
2026-04-14 14:24:39,626 - ERROR - post_service.post_service.py - FetchPosts - < pn:3258 > - 请求失败
2026-04-14 14:24:39,984 - ERROR - post_service.post_service.py - FetchPosts - < pn:10212 > - 请求失败
2026-04-14 14:24:40,267 - ERROR - post_service.post_service.py - FetchPosts - < pn:10213 > - 请求失败
2026-04-14 14:24:40,310 - ERROR - post_service.post_service.py - FetchPosts - < pn:6682 > - 请求失败
2026-04-14 14:24:40,443 - ERROR - post_service.post_service.py - FetchPosts - < pn:10214 > - 请求失败
2026-04-14 14:24:40,512 - ERROR - post_service.post_service.py - FetchPosts - < pn:6683 > - 请求失败
2026-04-14 14:24:40,598 - ERROR - post_service.post_service.py - FetchPosts - < pn:10215 > - 请求失败
2026-04-14 14:24:40,680 - ERROR - post_service.post_service.py - FetchPosts - < pn:6684 > - 请求失败
2026-04-14 14:24:40,784 - ERROR - post_service.post_service.py - FetchPosts - < pn:10216 > - 请求失败
2026-04-14 14:24:40,909 - ERROR - content_service.content_service.py - Content-VideoFrag - < floor:0, pid:150765135591, pn:2, ppid:150674605883, ppn:5 > - Failed to download https://tiebac.baidu.com/c/p/voice?voice_md5=3c70b779b67fe19eccfa9631e5a19fe1_6335000871&play_from=pb_voice_play after 3 attempts
2026-04-14 14:24:40,931 - ERROR - content_service.content_service.py - Content-VideoFrag - < floor:0, pid:150718248484, pn:1, ppid:150674605883, ppn:5 > - Failed to download https://tiebac.baidu.com/c/p/voice?voice_md5=e4408e906da9278c545280162282c263_6100602359&play_from=pb_voice_play after 3 attempts
2026-04-14 14:24:40,969 - ERROR - content_service.content_service.py - Content-VideoFrag - < floor:0, pid:151063556460, pn:3, ppid:150644138106, ppn:2 > - Failed to download https://tiebac.baidu.com/c/p/voice?voice_md5=070915edcf37824878ab8bbc04af66d1_5226597033&play_from=pb_voice_play after 3 attempts
2026-04-14 14:24:41,515 - ERROR - post_service.post_service.py - FetchPosts - < pn:3261 > - 请求失败
2026-04-14 14:24:42,330 - ERROR - post_service.post_service.py - FetchPosts - < pn:6687 > - 请求失败
2026-04-14 14:24:42,360 - ERROR - post_service.post_service.py - FetchPosts - < pn:3263 > - 请求失败
2026-04-14 14:24:43,140 - ERROR - post_service.post_service.py - FetchPosts - < pn:3265 > - 请求失败
2026-04-14 14:24:43,262 - ERROR - post_service.post_service.py - FetchPosts - < pn:6689 > - 请求失败
2026-04-14 14:24:44,702 - ERROR - post_service.post_service.py - FetchPosts - < pn:6692 > - 请求失败
2026-04-14 14:24:45,017 - ERROR - post_service.post_service.py - FetchPosts - < pn:6693 > - 请求失败
2026-04-14 14:24:46,494 - ERROR - post_service.post_service.py - FetchPosts - < pn:3270 > - 请求失败
2026-04-14 14:24:46,544 - ERROR - post_service.post_service.py - FetchPosts - < pn:10224 > - 请求失败
2026-04-14 14:24:47,455 - ERROR - post_service.post_service.py - FetchPosts - < pn:6696 > - 请求失败
2026-04-14 14:24:47,621 - ERROR - post_service.post_service.py - FetchPosts - < pn:6697 > - 请求失败
2026-04-14 14:24:48,163 - ERROR - post_service.post_service.py - FetchPosts - < pn:3273 > - 请求失败
2026-04-14 14:24:48,961 - ERROR - post_service.post_service.py - FetchPosts - < pn:3275 > - 请求失败
2026-04-14 14:24:49,134 - ERROR - post_service.post_service.py - FetchPosts - < pn:3276 > - 请求失败
2026-04-14 14:24:49,469 - ERROR - post_service.post_service.py - FetchPosts - < pn:10228 > - 请求失败
2026-04-14 14:24:49,612 - ERROR - post_service.post_service.py - FetchPosts - < pn:6700 > - 请求失败
2026-04-14 14:24:49,627 - ERROR - post_service.post_service.py - FetchPosts - < pn:10229 > - 请求失败
2026-04-14 14:24:51,184 - ERROR - post_service.post_service.py - FetchPosts - < pn:10231 > - 请求失败
2026-04-14 14:24:51,340 - ERROR - post_service.post_service.py - FetchPosts - < pn:10232 > - 请求失败
2026-04-14 14:24:51,951 - ERROR - post_service.post_service.py - FetchPosts - < pn:6704 > - 请求失败
2026-04-14 14:24:51,952 - ERROR - post_service.post_service.py - FetchPosts - < pn:3280 > - 请求失败
2026-04-14 14:24:52,150 - ERROR - post_service.post_service.py - FetchPosts - < pn:6705 > - 请求失败
2026-04-14 14:24:52,159 - ERROR - post_service.post_service.py - FetchPosts - < pn:3281 > - 请求失败
2026-04-14 14:24:52,321 - ERROR - post_service.post_service.py - FetchPosts - < pn:6706 > - 请求失败
2026-04-14 14:24:52,719 - ERROR - post_service.post_service.py - FetchPosts - < pn:10234 > - 请求失败
2026-04-14 14:24:52,956 - ERROR - post_service.post_service.py - FetchPosts - < pn:10235 > - 请求失败
2026-04-14 14:24:53,427 - ERROR - post_service.post_service.py - FetchPosts - < pn:3284 > - 请求失败
2026-04-14 14:24:53,810 - ERROR - post_service.post_service.py - FetchPosts - < pn:10237 > - 请求失败
2026-04-14 14:24:54,414 - ERROR - post_service.post_service.py - FetchPosts - < pn:3286 > - 请求失败
2026-04-14 14:24:54,600 - ERROR - post_service.post_service.py - FetchPosts - < pn:3287 > - 请求失败
2026-04-14 14:24:55,701 - ERROR - post_service.post_service.py - FetchPosts - < pn:6712 > - 请求失败
2026-04-14 14:24:56,368 - ERROR - post_service.post_service.py - FetchPosts - < pn:6714 > - 请求失败
2026-04-14 14:24:56,801 - ERROR - post_service.post_service.py - FetchPosts - < pn:3291 > - 请求失败
2026-04-14 14:24:57,144 - ERROR - post_service.post_service.py - FetchPosts - < pn:3292 > - 请求失败
2026-04-14 14:24:57,215 - ERROR - post_service.post_service.py - FetchPosts - < pn:10242 > - 请求失败
2026-04-14 14:24:57,324 - ERROR - post_service.post_service.py - FetchPosts - < pn:3293 > - 请求失败
2026-04-14 14:24:57,716 - ERROR - post_service.post_service.py - FetchPosts - < pn:6717 > - 请求失败
2026-04-14 14:24:58,253 - ERROR - post_service.post_service.py - FetchPosts - < pn:3295 > - 请求失败
2026-04-14 14:24:59,077 - ERROR - post_service.post_service.py - FetchPosts - < pn:6719 > - 请求失败
2026-04-14 14:25:01,142 - ERROR - post_service.post_service.py - FetchPosts - < pn:6723 > - 请求失败
2026-04-14 14:25:01,190 - ERROR - post_service.post_service.py - FetchPosts - < pn:10248 > - 请求失败
2026-04-14 14:25:01,304 - ERROR - post_service.post_service.py - FetchPosts - < pn:6724 > - 请求失败
2026-04-14 14:25:01,605 - ERROR - post_service.post_service.py - FetchPosts - < pn:3300 > - 请求失败
2026-04-14 14:25:01,648 - ERROR - post_service.post_service.py - FetchPosts - < pn:6725 > - 请求失败
2026-04-14 14:25:01,779 - ERROR - post_service.post_service.py - FetchPosts - < pn:3301 > - 请求失败
2026-04-14 14:25:01,943 - ERROR - post_service.post_service.py - FetchPosts - < pn:3302 > - 请求失败
2026-04-14 14:25:02,315 - ERROR - post_service.post_service.py - FetchPosts - < pn:10250 > - 请求失败
2026-04-14 14:25:02,473 - ERROR - post_service.post_service.py - FetchPosts - < pn:6727 > - 请求失败
2026-04-14 14:25:02,677 - ERROR - post_service.post_service.py - FetchPosts - < pn:6728 > - 请求失败
2026-04-14 14:25:02,844 - ERROR - post_service.post_service.py - FetchPosts - < pn:6729 > - 请求失败
2026-04-14 14:25:03,256 - ERROR - post_service.post_service.py - FetchPosts - < pn:6730 > - 请求失败
2026-04-14 14:25:04,439 - ERROR - post_service.post_service.py - FetchPosts - < pn:10253 > - 请求失败
2026-04-14 14:25:04,617 - ERROR - post_service.post_service.py - FetchPosts - < pn:6733 > - 请求失败
2026-04-14 14:25:05,057 - ERROR - post_service.post_service.py - FetchPosts - < pn:3306 > - 请求失败
2026-04-14 14:25:05,211 - ERROR - post_service.post_service.py - FetchPosts - < pn:10255 > - 请求失败
2026-04-14 14:25:05,490 - ERROR - post_service.post_service.py - FetchPosts - < pn:10256 > - 请求失败
2026-04-14 14:25:05,537 - ERROR - post_service.post_service.py - FetchPosts - < pn:6735 > - 请求失败
2026-04-14 14:25:05,732 - ERROR - post_service.post_service.py - FetchPosts - < pn:10257 > - 请求失败
2026-04-14 14:25:05,881 - ERROR - post_service.post_service.py - FetchPosts - < pn:10258 > - 请求失败
2026-04-14 14:25:06,133 - ERROR - post_service.post_service.py - FetchPosts - < pn:10259 > - 请求失败
2026-04-14 14:25:06,506 - ERROR - post_service.post_service.py - FetchPosts - < pn:3309 > - 请求失败
2026-04-14 14:25:06,670 - ERROR - post_service.post_service.py - FetchPosts - < pn:3310 > - 请求失败
2026-04-14 14:25:07,078 - ERROR - post_service.post_service.py - FetchPosts - < pn:6738 > - 请求失败
2026-04-14 14:25:07,270 - ERROR - post_service.post_service.py - FetchPosts - < pn:10261 > - 请求失败
2026-04-14 14:25:07,578 - ERROR - post_service.post_service.py - FetchPosts - < pn:3312 > - 请求失败
2026-04-14 14:25:07,736 - ERROR - post_service.post_service.py - FetchPosts - < pn:3313 > - 请求失败
2026-04-14 14:25:07,888 - ERROR - post_service.post_service.py - FetchPosts - < pn:3314 > - 请求失败
2026-04-14 14:25:08,143 - ERROR - post_service.post_service.py - FetchPosts - < pn:3315 > - 请求失败
2026-04-14 14:25:08,187 - ERROR - post_service.post_service.py - FetchPosts - < pn:6740 > - 请求失败
2026-04-14 14:25:08,303 - ERROR - post_service.post_service.py - FetchPosts - < pn:3316 > - 请求失败
2026-04-14 14:25:08,347 - ERROR - post_service.post_service.py - FetchPosts - < pn:6741 > - 请求失败
2026-04-14 14:25:08,518 - ERROR - post_service.post_service.py - FetchPosts - < pn:6742 > - 请求失败
2026-04-14 14:25:09,460 - ERROR - post_service.post_service.py - FetchPosts - < pn:6744 > - 请求失败
2026-04-14 14:25:09,774 - ERROR - post_service.post_service.py - FetchPosts - < pn:6745 > - 请求失败
2026-04-14 14:25:09,814 - ERROR - post_service.post_service.py - FetchPosts - < pn:3319 > - 请求失败
2026-04-14 14:25:09,841 - ERROR - post_service.post_service.py - FetchPosts - < pn:10264 > - 请求失败
2026-04-14 14:25:10,077 - ERROR - post_service.post_service.py - FetchPosts - < pn:10265 > - 请求失败
2026-04-14 14:25:10,569 - ERROR - post_service.post_service.py - FetchPosts - < pn:6747 > - 请求失败
2026-04-14 14:25:10,903 - ERROR - post_service.post_service.py - FetchPosts - < pn:10267 > - 请求失败
2026-04-14 14:25:11,157 - ERROR - post_service.post_service.py - FetchPosts - < pn:10268 > - 请求失败
2026-04-14 14:25:11,159 - ERROR - post_service.post_service.py - FetchPosts - < pn:6748 > - 请求失败
2026-04-14 14:25:11,332 - ERROR - post_service.post_service.py - FetchPosts - < pn:10269 > - 请求失败
2026-04-14 14:25:12,027 - ERROR - post_service.post_service.py - FetchPosts - < pn:3322 > - 请求失败
2026-04-14 14:25:12,050 - ERROR - post_service.post_service.py - FetchPosts - < pn:6750 > - 请求失败
2026-04-14 14:25:12,122 - ERROR - post_service.post_service.py - FetchPosts - < pn:10271 > - 请求失败
2026-04-14 14:25:12,277 - ERROR - post_service.post_service.py - FetchPosts - < pn:6751 > - 请求失败
2026-04-14 14:25:13,335 - ERROR - post_service.post_service.py - FetchPosts - < pn:3325 > - 请求失败
2026-04-14 14:25:14,193 - ERROR - post_service.post_service.py - FetchPosts - < pn:3327 > - 请求失败
2026-04-14 14:25:14,551 - ERROR - post_service.post_service.py - FetchPosts - < pn:10275 > - 请求失败
2026-04-14 14:25:14,949 - ERROR - post_service.post_service.py - FetchPosts - < pn:6755 > - 请求失败
2026-04-14 14:25:15,046 - ERROR - post_service.post_service.py - FetchPosts - < pn:3329 > - 请求失败
2026-04-14 14:25:15,212 - ERROR - post_service.post_service.py - FetchPosts - < pn:3330 > - 请求失败
2026-04-14 14:25:15,387 - ERROR - post_service.post_service.py - FetchPosts - < pn:3331 > - 请求失败
2026-04-14 14:25:15,739 - ERROR - post_service.post_service.py - FetchPosts - < pn:3332 > - 请求失败
2026-04-14 14:25:15,848 - ERROR - post_service.post_service.py - FetchPosts - < pn:6757 > - 请求失败
2026-04-14 14:25:15,887 - ERROR - post_service.post_service.py - FetchPosts - < pn:10277 > - 请求失败
2026-04-14 14:25:15,899 - ERROR - post_service.post_service.py - FetchPosts - < pn:3333 > - 请求失败
2026-04-14 14:25:16,045 - ERROR - post_service.post_service.py - FetchPosts - < pn:10278 > - 请求失败
2026-04-14 14:25:16,201 - ERROR - post_service.post_service.py - FetchPosts - < pn:10279 > - 请求失败
2026-04-14 14:25:16,712 - ERROR - post_service.post_service.py - FetchPosts - < pn:3335 > - 请求失败
2026-04-14 14:25:17,135 - ERROR - post_service.post_service.py - FetchPosts - < pn:6759 > - 请求失败
2026-04-14 14:25:17,457 - ERROR - post_service.post_service.py - FetchPosts - < pn:6760 > - 请求失败
2026-04-14 14:25:17,594 - ERROR - post_service.post_service.py - FetchPosts - < pn:3337 > - 请求失败
2026-04-14 14:25:17,794 - ERROR - post_service.post_service.py - FetchPosts - < pn:3338 > - 请求失败
2026-04-14 14:25:18,496 - ERROR - post_service.post_service.py - FetchPosts - < pn:3340 > - 请求失败
2026-04-14 14:25:19,188 - ERROR - post_service.post_service.py - FetchPosts - < pn:10284 > - 请求失败
2026-04-14 14:25:20,427 - ERROR - post_service.post_service.py - FetchPosts - < pn:6765 > - 请求失败
2026-04-14 14:25:20,586 - ERROR - post_service.post_service.py - FetchPosts - < pn:6766 > - 请求失败
2026-04-14 14:25:21,457 - ERROR - post_service.post_service.py - FetchPosts - < pn:10287 > - 请求失败
2026-04-14 14:25:22,283 - ERROR - post_service.post_service.py - FetchPosts - < pn:10289 > - 请求失败
2026-04-14 14:25:22,459 - ERROR - post_service.post_service.py - FetchPosts - < pn:10290 > - 请求失败
2026-04-14 14:25:22,728 - ERROR - post_service.post_service.py - FetchPosts - < pn:10291 > - 请求失败
2026-04-14 14:25:22,961 - ERROR - post_service.post_service.py - FetchPosts - < pn:3346 > - 请求失败
2026-04-14 14:25:22,968 - ERROR - post_service.post_service.py - FetchPosts - < pn:6770 > - 请求失败
2026-04-14 14:25:23,122 - ERROR - post_service.post_service.py - FetchPosts - < pn:3347 > - 请求失败
2026-04-14 14:25:23,287 - ERROR - post_service.post_service.py - FetchPosts - < pn:3348 > - 请求失败
2026-04-14 14:25:23,654 - ERROR - post_service.post_service.py - FetchPosts - < pn:10293 > - 请求失败
2026-04-14 14:25:23,859 - ERROR - post_service.post_service.py - FetchPosts - < pn:10294 > - 请求失败
2026-04-14 14:25:24,313 - ERROR - post_service.post_service.py - FetchPosts - < pn:6773 > - 请求失败
2026-04-14 14:25:24,518 - ERROR - post_service.post_service.py - FetchPosts - < pn:6774 > - 请求失败
2026-04-14 14:25:25,532 - ERROR - post_service.post_service.py - FetchPosts - < pn:6776 > - 请求失败
2026-04-14 14:25:25,901 - ERROR - post_service.post_service.py - FetchPosts - < pn:3351 > - 请求失败
2026-04-14 14:25:25,902 - ERROR - post_service.post_service.py - FetchPosts - < pn:10298 > - 请求失败
2026-04-14 14:25:26,061 - ERROR - post_service.post_service.py - FetchPosts - < pn:10299 > - 请求失败
2026-04-14 14:25:26,079 - ERROR - post_service.post_service.py - FetchPosts - < pn:3352 > - 请求失败
2026-04-14 14:25:26,220 - ERROR - post_service.post_service.py - FetchPosts - < pn:10300 > - 请求失败
2026-04-14 14:25:26,405 - ERROR - post_service.post_service.py - FetchPosts - < pn:10301 > - 请求失败
2026-04-14 14:25:26,515 - ERROR - post_service.post_service.py - FetchPosts - < pn:6778 > - 请求失败
2026-04-14 14:25:26,731 - ERROR - post_service.post_service.py - FetchPosts - < pn:10302 > - 请求失败
2026-04-14 14:25:26,804 - ERROR - post_service.post_service.py - FetchPosts - < pn:3354 > - 请求失败
2026-04-14 14:25:26,897 - ERROR - post_service.post_service.py - FetchPosts - < pn:10303 > - 请求失败
2026-04-14 14:25:27,579 - ERROR - post_service.post_service.py - FetchPosts - < pn:6780 > - 请求失败
2026-04-14 14:25:27,636 - ERROR - post_service.post_service.py - FetchPosts - < pn:3356 > - 请求失败
2026-04-14 14:25:27,753 - ERROR - post_service.post_service.py - FetchPosts - < pn:6781 > - 请求失败
2026-04-14 14:25:29,134 - ERROR - post_service.post_service.py - FetchPosts - < pn:10306 > - 请求失败
2026-04-14 14:25:30,541 - ERROR - post_service.post_service.py - FetchPosts - < pn:3360 > - 请求失败
2026-04-14 14:25:31,275 - ERROR - post_service.post_service.py - FetchPosts - < pn:6786 > - 请求失败
2026-04-14 14:25:31,326 - ERROR - post_service.post_service.py - FetchPosts - < pn:3362 > - 请求失败
2026-04-14 14:25:32,025 - ERROR - post_service.post_service.py - FetchPosts - < pn:10310 > - 请求失败
2026-04-14 14:25:32,107 - ERROR - post_service.post_service.py - FetchPosts - < pn:6788 > - 请求失败
2026-04-14 14:25:32,206 - ERROR - post_service.post_service.py - FetchPosts - < pn:10311 > - 请求失败
2026-04-14 14:25:32,280 - ERROR - post_service.post_service.py - FetchPosts - < pn:6789 > - 请求失败
2026-04-14 14:25:32,380 - ERROR - post_service.post_service.py - FetchPosts - < pn:10312 > - 请求失败
2026-04-14 14:25:32,453 - ERROR - post_service.post_service.py - FetchPosts - < pn:6790 > - 请求失败
2026-04-14 14:25:32,552 - ERROR - post_service.post_service.py - FetchPosts - < pn:10313 > - 请求失败
2026-04-14 14:25:32,630 - ERROR - post_service.post_service.py - FetchPosts - < pn:6791 > - 请求失败
2026-04-14 14:25:32,818 - ERROR - post_service.post_service.py - FetchPosts - < pn:6792 > - 请求失败
2026-04-14 14:25:33,055 - ERROR - post_service.post_service.py - FetchPosts - < pn:6793 > - 请求失败
2026-04-14 14:25:33,459 - ERROR - post_service.post_service.py - FetchPosts - < pn:10315 > - 请求失败
2026-04-14 14:25:34,020 - ERROR - post_service.post_service.py - FetchPosts - < pn:3366 > - 请求失败
2026-04-14 14:25:34,382 - ERROR - post_service.post_service.py - FetchPosts - < pn:3367 > - 请求失败
2026-04-14 14:25:34,425 - ERROR - post_service.post_service.py - FetchPosts - < pn:6796 > - 请求失败
2026-04-14 14:25:34,437 - ERROR - post_service.post_service.py - FetchPosts - < pn:10317 > - 请求失败
2026-04-14 14:25:34,568 - ERROR - post_service.post_service.py - FetchPosts - < pn:3368 > - 请求失败
2026-04-14 14:25:34,609 - ERROR - post_service.post_service.py - FetchPosts - < pn:10318 > - 请求失败
2026-04-14 14:25:34,770 - ERROR - post_service.post_service.py - FetchPosts - < pn:10319 > - 请求失败
2026-04-14 14:25:35,459 - ERROR - post_service.post_service.py - FetchPosts - < pn:3370 > - 请求失败
2026-04-14 14:25:35,641 - ERROR - post_service.post_service.py - FetchPosts - < pn:10321 > - 请求失败
2026-04-14 14:25:35,643 - ERROR - post_service.post_service.py - FetchPosts - < pn:3371 > - 请求失败
2026-04-14 14:25:35,645 - ERROR - post_service.post_service.py - FetchPosts - < pn:6798 > - 请求失败
2026-04-14 14:25:36,514 - ERROR - post_service.post_service.py - FetchPosts - < pn:6800 > - 请求失败
2026-04-14 14:25:36,554 - ERROR - post_service.post_service.py - FetchPosts - < pn:10323 > - 请求失败
2026-04-14 14:25:37,240 - ERROR - post_service.post_service.py - FetchPosts - < pn:6802 > - 请求失败
2026-04-14 14:25:37,466 - ERROR - post_service.post_service.py - FetchPosts - < pn:6803 > - 请求失败
2026-04-14 14:25:37,723 - ERROR - post_service.post_service.py - FetchPosts - < pn:6804 > - 请求失败
2026-04-14 14:25:38,380 - ERROR - post_service.post_service.py - FetchPosts - < pn:3376 > - 请求失败
2026-04-14 14:25:38,742 - ERROR - post_service.post_service.py - FetchPosts - < pn:10326 > - 请求失败
2026-04-14 14:25:38,877 - ERROR - post_service.post_service.py - FetchPosts - < pn:6807 > - 请求失败
2026-04-14 14:25:39,332 - ERROR - post_service.post_service.py - FetchPosts - < pn:3378 > - 请求失败
2026-04-14 14:25:40,389 - ERROR - post_service.post_service.py - FetchPosts - < pn:3380 > - 请求失败
2026-04-14 14:25:40,677 - ERROR - post_service.post_service.py - FetchPosts - < pn:3381 > - 请求失败
2026-04-14 14:25:41,358 - ERROR - post_service.post_service.py - FetchPosts - < pn:10330 > - 请求失败
2026-04-14 14:25:41,400 - ERROR - post_service.post_service.py - FetchPosts - < pn:6812 > - 请求失败
2026-04-14 14:25:41,574 - ERROR - post_service.post_service.py - FetchPosts - < pn:6813 > - 请求失败
2026-04-14 14:25:41,729 - ERROR - post_service.post_service.py - FetchPosts - < pn:6814 > - 请求失败
2026-04-14 14:25:42,188 - ERROR - post_service.post_service.py - FetchPosts - < pn:10332 > - 请求失败
2026-04-14 14:25:42,203 - ERROR - post_service.post_service.py - FetchPosts - < pn:3384 > - 请求失败
2026-04-14 14:25:42,365 - ERROR - post_service.post_service.py - FetchPosts - < pn:3385 > - 请求失败
2026-04-14 14:25:42,368 - ERROR - post_service.post_service.py - FetchPosts - < pn:10333 > - 请求失败
2026-04-14 14:25:43,284 - ERROR - post_service.post_service.py - FetchPosts - < pn:3387 > - 请求失败
2026-04-14 14:25:43,564 - ERROR - post_service.post_service.py - FetchPosts - < pn:6817 > - 请求失败
2026-04-14 14:25:43,568 - ERROR - post_service.post_service.py - FetchPosts - < pn:3388 > - 请求失败
2026-04-14 14:25:43,891 - ERROR - post_service.post_service.py - FetchPosts - < pn:10336 > - 请求失败
2026-04-14 14:25:44,048 - ERROR - post_service.post_service.py - FetchPosts - < pn:10337 > - 请求失败
2026-04-14 14:25:44,403 - ERROR - post_service.post_service.py - FetchPosts - < pn:6819 > - 请求失败
2026-04-14 14:25:44,673 - ERROR - post_service.post_service.py - FetchPosts - < pn:6820 > - 请求失败
2026-04-14 14:25:44,863 - ERROR - post_service.post_service.py - FetchPosts - < pn:10339 > - 请求失败
2026-04-14 14:25:44,901 - ERROR - post_service.post_service.py - FetchPosts - < pn:6821 > - 请求失败
2026-04-14 14:25:45,041 - ERROR - post_service.post_service.py - FetchPosts - < pn:10340 > - 请求失败
2026-04-14 14:25:45,501 - ERROR - post_service.post_service.py - FetchPosts - < pn:3391 > - 请求失败
2026-04-14 14:25:45,757 - ERROR - post_service.post_service.py - FetchPosts - < pn:3392 > - 请求失败
2026-04-14 14:25:46,015 - ERROR - post_service.post_service.py - FetchPosts - < pn:10342 > - 请求失败
2026-04-14 14:25:46,047 - ERROR - post_service.post_service.py - FetchPosts - < pn:3393 > - 请求失败
2026-04-14 14:25:46,055 - ERROR - post_service.post_service.py - FetchPosts - < pn:6823 > - 请求失败
2026-04-14 14:25:46,171 - ERROR - post_service.post_service.py - FetchPosts - < pn:10343 > - 请求失败
2026-04-14 14:25:46,222 - ERROR - post_service.post_service.py - FetchPosts - < pn:3394 > - 请求失败
2026-04-14 14:25:46,380 - ERROR - post_service.post_service.py - FetchPosts - < pn:3395 > - 请求失败
2026-04-14 14:25:46,542 - ERROR - post_service.post_service.py - FetchPosts - < pn:3396 > - 请求失败
2026-04-14 14:25:46,699 - ERROR - post_service.post_service.py - FetchPosts - < pn:3397 > - 请求失败
2026-04-14 14:25:46,999 - ERROR - post_service.post_service.py - FetchPosts - < pn:3398 > - 请求失败
2026-04-14 14:25:47,160 - ERROR - post_service.post_service.py - FetchPosts - < pn:3399 > - 请求失败
2026-04-14 14:25:47,339 - ERROR - post_service.post_service.py - FetchPosts - < pn:3400 > - 请求失败
2026-04-14 14:25:47,658 - ERROR - post_service.post_service.py - FetchPosts - < pn:3401 > - 请求失败
2026-04-14 14:25:47,751 - ERROR - post_service.post_service.py - FetchPosts - < pn:10346 > - 请求失败
2026-04-14 14:25:47,831 - ERROR - post_service.post_service.py - FetchPosts - < pn:3402 > - 请求失败
2026-04-14 14:25:48,452 - ERROR - post_service.post_service.py - FetchPosts - < pn:6827 > - 请求失败
2026-04-14 14:25:48,573 - ERROR - post_service.post_service.py - FetchPosts - < pn:10348 > - 请求失败
2026-04-14 14:25:48,624 - ERROR - post_service.post_service.py - FetchPosts - < pn:3404 > - 请求失败
2026-04-14 14:25:49,365 - ERROR - post_service.post_service.py - FetchPosts - < pn:6829 > - 请求失败
2026-04-14 14:25:49,500 - ERROR - post_service.post_service.py - FetchPosts - < pn:10350 > - 请求失败
2026-04-14 14:25:49,503 - ERROR - post_service.post_service.py - FetchPosts - < pn:3406 > - 请求失败
2026-04-14 14:25:49,538 - ERROR - post_service.post_service.py - FetchPosts - < pn:6830 > - 请求失败
2026-04-14 14:25:49,657 - ERROR - post_service.post_service.py - FetchPosts - < pn:10351 > - 请求失败
2026-04-14 14:25:49,719 - ERROR - post_service.post_service.py - FetchPosts - < pn:6831 > - 请求失败
2026-04-14 14:25:49,908 - ERROR - post_service.post_service.py - FetchPosts - < pn:6832 > - 请求失败
2026-04-14 14:25:50,631 - ERROR - post_service.post_service.py - FetchPosts - < pn:10353 > - 请求失败
2026-04-14 14:25:50,814 - ERROR - post_service.post_service.py - FetchPosts - < pn:10354 > - 请求失败
2026-04-14 14:25:51,288 - ERROR - post_service.post_service.py - FetchPosts - < pn:6835 > - 请求失败
2026-04-14 14:25:52,046 - ERROR - post_service.post_service.py - FetchPosts - < pn:3410 > - 请求失败
2026-04-14 14:25:52,054 - ERROR - post_service.post_service.py - FetchPosts - < pn:6837 > - 请求失败
2026-04-14 14:25:52,282 - ERROR - post_service.post_service.py - FetchPosts - < pn:3411 > - 请求失败
2026-04-14 14:25:52,479 - ERROR - post_service.post_service.py - FetchPosts - < pn:3412 > - 请求失败
2026-04-14 14:25:52,922 - ERROR - post_service.post_service.py - FetchPosts - < pn:10358 > - 请求失败
2026-04-14 14:25:53,666 - ERROR - post_service.post_service.py - FetchPosts - < pn:6840 > - 请求失败
2026-04-14 14:25:53,837 - ERROR - post_service.post_service.py - FetchPosts - < pn:6841 > - 请求失败
2026-04-14 14:25:54,311 - ERROR - post_service.post_service.py - FetchPosts - < pn:3415 > - 请求失败
2026-04-14 14:25:54,622 - ERROR - post_service.post_service.py - FetchPosts - < pn:3416 > - 请求失败
2026-04-14 14:25:54,623 - ERROR - post_service.post_service.py - FetchPosts - < pn:10361 > - 请求失败
2026-04-14 14:25:54,819 - ERROR - post_service.post_service.py - FetchPosts - < pn:3417 > - 请求失败
2026-04-14 14:25:55,670 - ERROR - post_service.post_service.py - FetchPosts - < pn:3419 > - 请求失败
2026-04-14 14:25:55,806 - ERROR - post_service.post_service.py - FetchPosts - < pn:6844 > - 请求失败
2026-04-14 14:25:56,205 - ERROR - post_service.post_service.py - FetchPosts - < pn:10364 > - 请求失败
2026-04-14 14:25:56,434 - ERROR - post_service.post_service.py - FetchPosts - < pn:10365 > - 请求失败
2026-04-14 14:25:56,550 - ERROR - post_service.post_service.py - FetchPosts - < pn:3421 > - 请求失败
2026-04-14 14:25:56,611 - ERROR - post_service.post_service.py - FetchPosts - < pn:10366 > - 请求失败
2026-04-14 14:25:56,720 - ERROR - post_service.post_service.py - FetchPosts - < pn:3422 > - 请求失败
2026-04-14 14:25:56,977 - ERROR - post_service.post_service.py - FetchPosts - < pn:3423 > - 请求失败
2026-04-14 14:25:57,097 - ERROR - post_service.post_service.py - FetchPosts - < pn:6846 > - 请求失败
2026-04-14 14:25:57,601 - ERROR - post_service.post_service.py - FetchPosts - < pn:10368 > - 请求失败
2026-04-14 14:25:57,752 - ERROR - post_service.post_service.py - FetchPosts - < pn:3425 > - 请求失败
2026-04-14 14:25:57,775 - ERROR - post_service.post_service.py - FetchPosts - < pn:10369 > - 请求失败
2026-04-14 14:25:58,056 - ERROR - post_service.post_service.py - FetchPosts - < pn:10370 > - 请求失败
2026-04-14 14:25:58,255 - ERROR - post_service.post_service.py - FetchPosts - < pn:6848 > - 请求失败
2026-04-14 14:25:58,524 - ERROR - post_service.post_service.py - FetchPosts - < pn:3427 > - 请求失败
2026-04-14 14:25:59,095 - ERROR - post_service.post_service.py - FetchPosts - < pn:6850 > - 请求失败
2026-04-14 14:25:59,100 - ERROR - post_service.post_service.py - FetchPosts - < pn:10372 > - 请求失败
2026-04-14 14:25:59,377 - ERROR - post_service.post_service.py - FetchPosts - < pn:10373 > - 请求失败
2026-04-14 14:25:59,377 - ERROR - post_service.post_service.py - FetchPosts - < pn:6851 > - 请求失败
2026-04-14 14:25:59,576 - ERROR - post_service.post_service.py - FetchPosts - < pn:6852 > - 请求失败
2026-04-14 14:25:59,745 - ERROR - post_service.post_service.py - FetchPosts - < pn:6853 > - 请求失败
2026-04-14 14:26:00,099 - ERROR - post_service.post_service.py - FetchPosts - < pn:6854 > - 请求失败
2026-04-14 14:26:01,553 - ERROR - post_service.post_service.py - FetchPosts - < pn:10377 > - 请求失败
2026-04-14 14:26:01,666 - ERROR - post_service.post_service.py - FetchPosts - < pn:6857 > - 请求失败
2026-04-14 14:26:01,668 - ERROR - post_service.post_service.py - FetchPosts - < pn:3432 > - 请求失败
2026-04-14 14:26:01,828 - ERROR - post_service.post_service.py - FetchPosts - < pn:6858 > - 请求失败
2026-04-14 14:26:01,840 - ERROR - post_service.post_service.py - FetchPosts - < pn:3433 > - 请求失败
2026-04-14 14:26:02,013 - ERROR - post_service.post_service.py - FetchPosts - < pn:3434 > - 请求失败
2026-04-14 14:26:02,381 - ERROR - post_service.post_service.py - FetchPosts - < pn:10379 > - 请求失败
2026-04-14 14:26:02,914 - ERROR - content_service.content_service.py - Content-VideoFrag - < floor:0, pid:150806529369, pn:2, ppid:150673751151, ppn:4 > - Failed to download https://tiebac.baidu.com/c/p/voice?voice_md5=ee87416176e7807e374f0a4af5630041_26712953&play_from=pb_voice_play after 3 attempts
2026-04-14 14:26:03,015 - ERROR - content_service.content_service.py - Content-VideoFrag - < floor:0, pid:150720303915, pn:1, ppid:150673751151, ppn:4 > - Failed to download https://tiebac.baidu.com/c/p/voice?voice_md5=30ca7887c09c8b8fd0c44072b524e6b0_4180632912&play_from=pb_voice_play after 3 attempts
2026-04-14 14:26:03,782 - ERROR - post_service.post_service.py - FetchPosts - < pn:6861 > - 请求失败
2026-04-14 14:26:04,411 - ERROR - post_service.post_service.py - FetchPosts - < pn:10382 > - 请求失败
2026-04-14 14:26:04,946 - ERROR - post_service.post_service.py - FetchPosts - < pn:3437 > - 请求失败
2026-04-14 14:26:05,118 - ERROR - post_service.post_service.py - FetchPosts - < pn:3438 > - 请求失败
2026-04-14 14:26:05,675 - ERROR - post_service.post_service.py - FetchPosts - < pn:10384 > - 请求失败
2026-04-14 14:26:05,853 - ERROR - post_service.post_service.py - FetchPosts - < pn:10385 > - 请求失败
2026-04-14 14:26:06,093 - ERROR - post_service.post_service.py - FetchPosts - < pn:10386 > - 请求失败
2026-04-14 14:26:07,104 - ERROR - post_service.post_service.py - FetchPosts - < pn:3441 > - 请求失败
2026-04-14 14:26:07,147 - ERROR - post_service.post_service.py - FetchPosts - < pn:6866 > - 请求失败
2026-04-14 14:26:07,305 - ERROR - post_service.post_service.py - FetchPosts - < pn:6867 > - 请求失败
2026-04-14 14:26:08,339 - ERROR - post_service.post_service.py - FetchPosts - < pn:6869 > - 请求失败
2026-04-14 14:26:08,436 - ERROR - post_service.post_service.py - FetchPosts - < pn:10390 > - 请求失败
2026-04-14 14:26:08,606 - ERROR - post_service.post_service.py - FetchPosts - < pn:10391 > - 请求失败
2026-04-14 14:26:09,212 - ERROR - post_service.post_service.py - FetchPosts - < pn:3444 > - 请求失败
2026-04-14 14:26:09,471 - ERROR - post_service.post_service.py - FetchPosts - < pn:10393 > - 请求失败
2026-04-14 14:26:09,634 - ERROR - post_service.post_service.py - FetchPosts - < pn:10394 > - 请求失败
2026-04-14 14:26:09,794 - ERROR - post_service.post_service.py - FetchPosts - < pn:10395 > - 请求失败
2026-04-14 14:26:10,116 - ERROR - post_service.post_service.py - FetchPosts - < pn:6872 > - 请求失败
2026-04-14 14:26:10,169 - ERROR - post_service.post_service.py - FetchPosts - < pn:3446 > - 请求失败
2026-04-14 14:26:11,255 - ERROR - post_service.post_service.py - FetchPosts - < pn:10397 > - 请求失败
2026-04-14 14:26:11,296 - ERROR - post_service.post_service.py - FetchPosts - < pn:6873 > - 请求失败
2026-04-14 14:26:11,413 - ERROR - post_service.post_service.py - FetchPosts - < pn:10398 > - 请求失败
2026-04-14 14:26:11,472 - ERROR - post_service.post_service.py - FetchPosts - < pn:6874 > - 请求失败
2026-04-14 14:26:12,345 - ERROR - post_service.post_service.py - FetchPosts - < pn:6876 > - 请求失败
2026-04-14 14:26:12,390 - ERROR - post_service.post_service.py - FetchPosts - < pn:10400 > - 请求失败
2026-04-14 14:26:13,271 - ERROR - post_service.post_service.py - FetchPosts - < pn:10402 > - 请求失败
2026-04-14 14:26:13,689 - ERROR - post_service.post_service.py - FetchPosts - < pn:3452 > - 请求失败
2026-04-14 14:26:13,904 - ERROR - content_service.content_service.py - Content-VideoFrag - < floor:0, pid:150766017387, pn:2, ppid:150674605883, ppn:5 > - Failed to download https://tiebac.baidu.com/c/p/voice?voice_md5=114d868ddc141264edb1f7ffbcabb2ab_3202307701&play_from=pb_voice_play after 3 attempts
2026-04-14 14:26:13,915 - ERROR - content_service.content_service.py - Content-VideoFrag - < floor:0, pid:150741678551, pn:1, ppid:150674605883, ppn:5 > - Failed to download https://tiebac.baidu.com/c/p/voice?voice_md5=c8e5537ccdcb7786737491eabd2a27c8_592484849&play_from=pb_voice_play after 3 attempts
2026-04-14 14:26:14,396 - ERROR - post_service.post_service.py - FetchPosts - < pn:6879 > - 请求失败
2026-04-14 14:26:14,585 - ERROR - post_service.post_service.py - FetchPosts - < pn:6880 > - 请求失败
2026-04-14 14:26:14,834 - ERROR - post_service.post_service.py - FetchPosts - < pn:6881 > - 请求失败
2026-04-14 14:26:14,903 - ERROR - content_service.content_service.py - Content-VideoFrag - < floor:0, pid:150766774889, pn:3, ppid:150644147192, ppn:2 > - Failed to download https://tiebac.baidu.com/c/p/voice?voice_md5=11c6d084f01cc68eb2bbf9e803eb9f60_4267429177&play_from=pb_voice_play after 3 attempts
2026-04-14 14:26:15,444 - ERROR - post_service.post_service.py - FetchPosts - < pn:3455 > - 请求失败
2026-04-14 14:26:15,789 - ERROR - post_service.post_service.py - FetchPosts - < pn:3456 > - 请求失败
2026-04-14 14:26:16,100 - ERROR - post_service.post_service.py - FetchPosts - < pn:10406 > - 请求失败
2026-04-14 14:26:16,328 - ERROR - post_service.post_service.py - FetchPosts - < pn:10407 > - 请求失败
2026-04-14 14:26:17,319 - ERROR - post_service.post_service.py - FetchPosts - < pn:6884 > - 请求失败
2026-04-14 14:26:17,346 - ERROR - post_service.post_service.py - FetchPosts - < pn:3458 > - 请求失败
2026-04-14 14:26:17,581 - ERROR - post_service.post_service.py - FetchPosts - < pn:6885 > - 请求失败
2026-04-14 14:26:17,610 - ERROR - post_service.post_service.py - FetchPosts - < pn:3459 > - 请求失败
2026-04-14 14:26:17,877 - ERROR - post_service.post_service.py - FetchPosts - < pn:6886 > - 请求失败
2026-04-14 14:26:18,431 - ERROR - post_service.post_service.py - FetchPosts - < pn:10409 > - 请求失败
2026-04-14 14:26:18,466 - ERROR - post_service.post_service.py - FetchPosts - < pn:3461 > - 请求失败
2026-04-14 14:26:18,773 - ERROR - post_service.post_service.py - FetchPosts - < pn:3462 > - 请求失败
2026-04-14 14:26:19,742 - ERROR - post_service.post_service.py - FetchPosts - < pn:3464 > - 请求失败
2026-04-14 14:26:19,755 - ERROR - post_service.post_service.py - FetchPosts - < pn:6889 > - 请求失败
2026-04-14 14:26:20,928 - ERROR - post_service.post_service.py - FetchPosts - < pn:3466 > - 请求失败
2026-04-14 14:26:21,240 - ERROR - post_service.post_service.py - FetchPosts - < pn:6891 > - 请求失败
2026-04-14 14:26:21,732 - ERROR - post_service.post_service.py - FetchPosts - < pn:6892 > - 请求失败
2026-04-14 14:26:22,000 - ERROR - post_service.post_service.py - FetchPosts - < pn:3468 > - 请求失败
2026-04-14 14:26:22,113 - ERROR - post_service.post_service.py - FetchPosts - < pn:6893 > - 请求失败
2026-04-14 14:26:22,506 - ERROR - post_service.post_service.py - FetchPosts - < pn:6894 > - 请求失败
2026-04-14 14:26:23,765 - ERROR - post_service.post_service.py - FetchPosts - < pn:3471 > - 请求失败
2026-04-14 14:26:23,931 - ERROR - post_service.post_service.py - FetchPosts - < pn:6897 > - 请求失败
2026-04-14 14:26:25,940 - ERROR - post_service.post_service.py - FetchPosts - < pn:10419 > - 请求失败
2026-04-14 14:26:26,842 - ERROR - post_service.post_service.py - FetchPosts - < pn:10421 > - 请求失败
2026-04-14 14:26:27,034 - ERROR - post_service.post_service.py - FetchPosts - < pn:10422 > - 请求失败
2026-04-14 14:26:27,251 - ERROR - post_service.post_service.py - FetchPosts - < pn:10423 > - 请求失败
2026-04-14 14:26:27,685 - ERROR - post_service.post_service.py - FetchPosts - < pn:3476 > - 请求失败
2026-04-14 14:26:28,588 - ERROR - post_service.post_service.py - FetchPosts - < pn:3478 > - 请求失败
2026-04-14 14:26:28,621 - ERROR - post_service.post_service.py - FetchPosts - < pn:10425 > - 请求失败
2026-04-14 14:26:28,872 - ERROR - post_service.post_service.py - FetchPosts - < pn:10426 > - 请求失败
2026-04-14 14:26:28,899 - ERROR - post_service.post_service.py - FetchPosts - < pn:6905 > - 请求失败
2026-04-14 14:26:29,070 - ERROR - post_service.post_service.py - FetchPosts - < pn:6906 > - 请求失败
2026-04-14 14:26:30,046 - ERROR - post_service.post_service.py - FetchPosts - < pn:6908 > - 请求失败
2026-04-14 14:26:30,661 - ERROR - post_service.post_service.py - FetchPosts - < pn:3482 > - 请求失败
2026-04-14 14:26:31,436 - ERROR - post_service.post_service.py - FetchPosts - < pn:6911 > - 请求失败
2026-04-14 14:26:31,653 - ERROR - post_service.post_service.py - FetchPosts - < pn:10431 > - 请求失败
2026-04-14 14:26:31,828 - ERROR - post_service.post_service.py - FetchPosts - < pn:10432 > - 请求失败
2026-04-14 14:26:32,259 - ERROR - post_service.post_service.py - FetchPosts - < pn:6913 > - 请求失败
2026-04-14 14:26:32,277 - ERROR - post_service.post_service.py - FetchPosts - < pn:3485 > - 请求失败
2026-04-14 14:26:32,422 - ERROR - post_service.post_service.py - FetchPosts - < pn:6914 > - 请求失败
2026-04-14 14:26:33,097 - ERROR - post_service.post_service.py - FetchPosts - < pn:10434 > - 请求失败
2026-04-14 14:26:33,136 - ERROR - post_service.post_service.py - FetchPosts - < pn:3487 > - 请求失败
2026-04-14 14:26:33,293 - ERROR - post_service.post_service.py - FetchPosts - < pn:10435 > - 请求失败
2026-04-14 14:26:33,315 - ERROR - post_service.post_service.py - FetchPosts - < pn:3488 > - 请求失败
2026-04-14 14:26:33,471 - ERROR - post_service.post_service.py - FetchPosts - < pn:10436 > - 请求失败
2026-04-14 14:26:33,637 - ERROR - post_service.post_service.py - FetchPosts - < pn:10437 > - 请求失败
2026-04-14 14:26:35,237 - ERROR - post_service.post_service.py - FetchPosts - < pn:10439 > - 请求失败
2026-04-14 14:26:35,459 - ERROR - post_service.post_service.py - FetchPosts - < pn:10440 > - 请求失败
2026-04-14 14:26:35,693 - ERROR - post_service.post_service.py - FetchPosts - < pn:10441 > - 请求失败
2026-04-14 14:26:36,099 - ERROR - post_service.post_service.py - FetchPosts - < pn:10442 > - 请求失败
2026-04-14 14:26:36,147 - ERROR - post_service.post_service.py - FetchPosts - < pn:3492 > - 请求失败
2026-04-14 14:26:36,218 - ERROR - post_service.post_service.py - FetchPosts - < pn:6919 > - 请求失败
2026-04-14 14:26:36,384 - ERROR - post_service.post_service.py - FetchPosts - < pn:3493 > - 请求失败
2026-04-14 14:26:37,154 - ERROR - post_service.post_service.py - FetchPosts - < pn:10444 > - 请求失败
2026-04-14 14:26:37,227 - ERROR - post_service.post_service.py - FetchPosts - < pn:6921 > - 请求失败
2026-04-14 14:26:38,068 - ERROR - post_service.post_service.py - FetchPosts - < pn:3496 > - 请求失败
2026-04-14 14:26:39,137 - ERROR - post_service.post_service.py - FetchPosts - < pn:6925 > - 请求失败
2026-04-14 14:26:41,462 - ERROR - post_service.post_service.py - FetchPosts - < pn:6930 > - 请求失败
2026-04-14 14:26:42,291 - ERROR - post_service.post_service.py - FetchPosts - < pn:6932 > - 请求失败
2026-04-14 14:26:42,587 - ERROR - post_service.post_service.py - FetchPosts - < pn:6933 > - 请求失败
2026-04-14 14:26:43,437 - ERROR - post_service.post_service.py - FetchPosts - < pn:10453 > - 请求失败
2026-04-14 14:26:46,015 - ERROR - post_service.post_service.py - FetchPosts - < pn:6939 > - 请求失败
2026-04-14 14:26:46,021 - ERROR - post_service.post_service.py - FetchPosts - < pn:10457 > - 请求失败
2026-04-14 14:26:46,215 - ERROR - post_service.post_service.py - FetchPosts - < pn:10458 > - 请求失败
2026-04-14 14:26:46,397 - ERROR - post_service.post_service.py - FetchPosts - < pn:10459 > - 请求失败
2026-04-14 14:26:46,660 - ERROR - post_service.post_service.py - FetchPosts - < pn:10460 > - 请求失败
2026-04-14 14:26:46,766 - ERROR - post_service.post_service.py - FetchPosts - < pn:6941 > - 请求失败
2026-04-14 14:26:46,812 - ERROR - post_service.post_service.py - FetchPosts - < pn:10461 > - 请求失败
2026-04-14 14:26:46,979 - ERROR - post_service.post_service.py - FetchPosts - < pn:10462 > - 请求失败
2026-04-14 14:26:47,142 - ERROR - post_service.post_service.py - FetchPosts - < pn:10463 > - 请求失败
2026-04-14 14:26:47,626 - ERROR - post_service.post_service.py - FetchPosts - < pn:6943 > - 请求失败
2026-04-14 14:26:48,901 - ERROR - post_service.post_service.py - FetchPosts - < pn:6945 > - 请求失败
2026-04-14 14:26:49,126 - ERROR - post_service.post_service.py - FetchPosts - < pn:6946 > - 请求失败
2026-04-14 14:26:49,820 - ERROR - post_service.post_service.py - FetchPosts - < pn:10468 > - 请求失败
2026-04-14 14:26:49,840 - ERROR - post_service.post_service.py - FetchPosts - < pn:6948 > - 请求失败
2026-04-14 14:26:49,999 - ERROR - post_service.post_service.py - FetchPosts - < pn:6949 > - 请求失败
2026-04-14 14:26:51,471 - ERROR - post_service.post_service.py - FetchPosts - < pn:10471 > - 请求失败
2026-04-14 14:26:51,640 - ERROR - post_service.post_service.py - FetchPosts - < pn:10472 > - 请求失败
2026-04-14 14:26:52,379 - ERROR - post_service.post_service.py - FetchPosts - < pn:6953 > - 请求失败
2026-04-14 14:26:52,505 - ERROR - post_service.post_service.py - FetchPosts - < pn:10474 > - 请求失败
2026-04-14 14:26:52,540 - ERROR - post_service.post_service.py - FetchPosts - < pn:6954 > - 请求失败
2026-04-14 14:26:53,472 - ERROR - post_service.post_service.py - FetchPosts - < pn:10476 > - 请求失败
2026-04-14 14:26:54,775 - ERROR - post_service.post_service.py - FetchPosts - < pn:10478 > - 请求失败
2026-04-14 14:26:54,919 - ERROR - post_service.post_service.py - FetchPosts - < pn:6958 > - 请求失败
2026-04-14 14:26:55,097 - ERROR - post_service.post_service.py - FetchPosts - < pn:6959 > - 请求失败
2026-04-14 14:26:55,603 - ERROR - post_service.post_service.py - FetchPosts - < pn:10480 > - 请求失败
2026-04-14 14:26:57,097 - ERROR - post_service.post_service.py - FetchPosts - < pn:10482 > - 请求失败
2026-04-14 14:26:57,349 - ERROR - post_service.post_service.py - FetchPosts - < pn:10483 > - 请求失败
2026-04-14 14:26:57,373 - ERROR - post_service.post_service.py - FetchPosts - < pn:6962 > - 请求失败
2026-04-14 14:26:57,550 - ERROR - post_service.post_service.py - FetchPosts - < pn:6963 > - 请求失败
2026-04-14 14:27:00,378 - ERROR - post_service.post_service.py - FetchPosts - < pn:6968 > - 请求失败
2026-04-14 14:27:03,743 - ERROR - post_service.post_service.py - FetchPosts - < pn:6973 > - 请求失败
2026-04-14 14:27:14,529 - ERROR - post_service.post_service.py - SavePost - < floor:222273, pid:153369347793, pn:6990 > - UNIQUE constraint failed: post.id
2026-04-14 14:27:14,529 - ERROR - post_service.post_service.py - SavePost - < floor:222274, pid:153369347911, pn:6990 > - UNIQUE constraint failed: post.id
2026-04-14 14:27:36,907 - ERROR - content_service.content_service.py - Content-VideoFrag - < floor:0, pid:150787131885, pn:4, ppid:150673831378, ppn:4 > - Failed to download https://tiebac.baidu.com/c/p/voice?voice_md5=240b4e9c00cfe45d31a7599d8c3d9686_4917850669&play_from=pb_voice_play after 3 attempts
2026-04-14 14:27:46,913 - ERROR - content_service.content_service.py - Content-VideoFrag - < floor:0, pid:150766756005, pn:2, ppid:150674605883, ppn:5 > - Failed to download https://tiebac.baidu.com/c/p/voice?voice_md5=c05c2cf25b3b929b5fdaac3215ffc23f_6468468367&play_from=pb_voice_play after 3 attempts
2026-04-14 14:29:09,912 - ERROR - content_service.content_service.py - Content-VideoFrag - < floor:0, pid:150718413591, pn:1, ppid:150673843258, ppn:4 > - Failed to download https://tiebac.baidu.com/c/p/voice?voice_md5=169aad9a3461f1abb40f2cd89099c5fa_6100602359&play_from=pb_voice_play after 3 attempts
2026-04-14 14:29:19,901 - ERROR - content_service.content_service.py - Content-VideoFrag - < floor:0, pid:150828243065, pn:2, ppid:150674605883, ppn:5 > - Failed to download https://tiebac.baidu.com/c/p/voice?voice_md5=d48ce26c6dec5e566700eea65fc14e5e_5983162112&play_from=pb_voice_play after 3 attempts
2026-04-14 14:30:42,902 - ERROR - content_service.content_service.py - Content-VideoFrag - < floor:0, pid:150718414835, pn:1, ppid:150673843258, ppn:4 > - Failed to download https://tiebac.baidu.com/c/p/voice?voice_md5=f2b088852f792e4db6a40693898b0034_6100602359&play_from=pb_voice_play after 3 attempts
2026-04-14 14:30:56,907 - ERROR - content_service.content_service.py - Content-VideoFrag - < floor:0, pid:150718256463, pn:1, ppid:150674622250, ppn:5 > - Failed to download https://tiebac.baidu.com/c/p/voice?voice_md5=ece21343c708da2a3fb066191b0b7678_6100602359&play_from=pb_voice_play after 3 attempts
2026-04-14 14:30:57,907 - ERROR - content_service.content_service.py - Content-VideoFrag - < floor:0, pid:150766632452, pn:3, ppid:150674622250, ppn:5 > - Failed to download https://tiebac.baidu.com/c/p/voice?voice_md5=84c5f96381d0ff8b2bed542d264c7cbf_6018712657&play_from=pb_voice_play after 3 attempts
2026-04-14 14:32:31,903 - ERROR - content_service.content_service.py - Content-VideoFrag - < floor:0, pid:150828270761, pn:4, ppid:150674623142, ppn:5 > - Failed to download https://tiebac.baidu.com/c/p/voice?voice_md5=199881d11c37600d7005ae95b792f184_5983162112&play_from=pb_voice_play after 3 attempts
2026-04-14 14:34:07,911 - ERROR - content_service.content_service.py - Content-VideoFrag - < floor:0, pid:150718262911, pn:6, ppid:150674719849, ppn:5 > - Failed to download https://tiebac.baidu.com/c/p/voice?voice_md5=a6051f7b28500236f1aef49b86c4bea1_6100602359&play_from=pb_voice_play after 3 attempts
2026-04-14 14:34:14,907 - ERROR - content_service.content_service.py - Content-VideoFrag - < floor:0, pid:150741715507, pn:23, ppid:150674719849, ppn:5 > - Failed to download https://tiebac.baidu.com/c/p/voice?voice_md5=31520bcefac7e177cdde2a081ecf9b38_592484849&play_from=pb_voice_play after 3 attempts
2026-04-14 14:34:16,912 - ERROR - content_service.content_service.py - Content-VideoFrag - < floor:0, pid:150756556620, pn:30, ppid:150674719849, ppn:5 > - Failed to download https://tiebac.baidu.com/c/p/voice?voice_md5=2a945e776f6bab00904e9c1a23dabd03_5945690345&play_from=pb_voice_play after 3 attempts
2026-04-14 14:34:24,903 - ERROR - content_service.content_service.py - Content-VideoFrag - < floor:0, pid:150815792133, pn:51, ppid:150674719849, ppn:5 > - Failed to download https://tiebac.baidu.com/c/p/voice?voice_md5=4dc0585178ede57b6966d1f750692f4e_3521911436&play_from=pb_voice_play after 3 attempts
2026-04-14 14:34:24,912 - ERROR - content_service.content_service.py - Content-VideoFrag - < floor:0, pid:150828349154, pn:52, ppid:150674719849, ppn:5 > - Failed to download https://tiebac.baidu.com/c/p/voice?voice_md5=5d04248aae2fa1732e93354f007bc612_5983162112&play_from=pb_voice_play after 3 attempts
2026-04-14 14:34:26,909 - ERROR - content_service.content_service.py - Content-VideoFrag - < floor:0, pid:151025351307, pn:57, ppid:150674719849, ppn:5 > - Failed to download https://tiebac.baidu.com/c/p/voice?voice_md5=ca4bbb269351f08cb8c7a7c6a0323afa_6447842210&play_from=pb_voice_play after 3 attempts
2026-04-14 14:34:29,906 - ERROR - content_service.content_service.py - Content-VideoFrag - < floor:0, pid:151285074459, pn:64, ppid:150674719849, ppn:5 > - Failed to download https://tiebac.baidu.com/c/p/voice?voice_md5=67ce76490d17cc2e0810610cabace89a_2265152129&play_from=pb_voice_play after 3 attempts
2026-04-14 14:34:31,911 - ERROR - content_service.content_service.py - Content-VideoFrag - < floor:0, pid:151915829302, pn:69, ppid:150674719849, ppn:5 > - Failed to download https://tiebac.baidu.com/c/p/voice?voice_md5=0c7538a25aa41e58c8c7a9d680e3fb5d_6791200401&play_from=pb_voice_play after 3 attempts
2026-04-14 14:35:40,912 - ERROR - content_service.content_service.py - Content-VideoFrag - < floor:0, pid:152514027097, pn:71, ppid:150674719849, ppn:5 > - Failed to download https://tiebac.baidu.com/c/p/voice?voice_md5=30004c65dd375091f992cc37aa1ca73e_6819694450&play_from=pb_voice_play after 3 attempts
2026-04-14 14:37:13,903 - ERROR - content_service.content_service.py - Content-VideoFrag - < floor:0, pid:150718322848, pn:1, ppid:150674723546, ppn:5 > - Failed to download https://tiebac.baidu.com/c/p/voice?voice_md5=96150ae6b88ace746ec003c84ec6713d_6100602359&play_from=pb_voice_play after 3 attempts
2026-04-14 14:37:14,007 - ERROR - content_service.content_service.py - Content-VideoFrag - < floor:0, pid:150766595861, pn:2, ppid:150674723546, ppn:5 > - Failed to download https://tiebac.baidu.com/c/p/voice?voice_md5=5f26d8df1119dfd79803c184fabdccbe_6468468367&play_from=pb_voice_play after 3 attempts
2026-04-14 14:38:46,914 - ERROR - content_service.content_service.py - Content-VideoFrag - < floor:0, pid:150828367897, pn:2, ppid:150674723546, ppn:5 > - Failed to download https://tiebac.baidu.com/c/p/voice?voice_md5=f476b2ee4b86524a9c59ef0007d766a1_5983162112&play_from=pb_voice_play after 3 attempts
2026-04-14 14:40:19,901 - ERROR - content_service.content_service.py - Content-VideoFrag - < floor:0, pid:151336349831, pn:2, ppid:150674724409, ppn:5 > - Failed to download https://tiebac.baidu.com/c/p/voice?voice_md5=36668dd95bbd28086baa2f4f69fb10c8_1156946137&play_from=pb_voice_play after 3 attempts
2026-04-14 14:41:52,914 - ERROR - content_service.content_service.py - Content-VideoFrag - < floor:0, pid:150766625732, pn:2, ppid:150674728893, ppn:5 > - Failed to download https://tiebac.baidu.com/c/p/voice?voice_md5=80433baa711d684ca45679a5b0a878bd_6468468367&play_from=pb_voice_play after 3 attempts
2026-04-14 14:41:52,966 - ERROR - content_service.content_service.py - Content-VideoFrag - < floor:0, pid:150733014411, pn:1, ppid:150674728893, ppn:5 > - Failed to download https://tiebac.baidu.com/c/p/voice?voice_md5=5c41ccf59c730eb970ef1bd2abbd15ee_6100602359&play_from=pb_voice_play after 3 attempts
2026-04-14 14:41:53,904 - ERROR - content_service.content_service.py - Content-VideoFrag - < floor:0, pid:150828387303, pn:3, ppid:150674728893, ppn:5 > - Failed to download https://tiebac.baidu.com/c/p/voice?voice_md5=d037c43b5e42c2d59adb37937c4abbd4_5983162112&play_from=pb_voice_play after 3 attempts
2026-04-14 14:43:26,905 - ERROR - content_service.content_service.py - Content-VideoFrag - < floor:0, pid:151336345220, pn:3, ppid:150674728893, ppn:5 > - Failed to download https://tiebac.baidu.com/c/p/voice?voice_md5=5d5f8476e019922022fb7c4c07818c91_1156946137&play_from=pb_voice_play after 3 attempts
2026-04-14 14:43:28,140 - INFO - scrape_module.scrape_module.py - StepMark - < tid:9101254039 > - 正在集中完善用户数据
2026-04-14 14:43:45,261 - ERROR - user_service.user_service.py - FetchUserInfo - < id:207988923, portrait:tb.1.33886bce.Y_B_E0_3AN5YHqpwOgnmfg >
2026-04-14 14:44:08,594 - ERROR - user_service.user_service.py - FetchUserInfo - < id:744363677, portrait:tb.1.33be08a5.D51j_-WfleSo-HlpzVc9MA >
2026-04-14 14:44:59,986 - ERROR - user_service.user_service.py - FetchUserInfo - < id:1063614766, portrait:tb.1.631b5b69.j15hPKe-wILuGBq6j-bf7g >
2026-04-14 14:45:48,100 - ERROR - user_service.user_service.py - FetchUserInfo - < id:1352797387, portrait:tb.1.e5c5c3b9.UVA-bE3pv_HBixfHQ51e7Q >
2026-04-14 14:46:37,027 - ERROR - user_service.user_service.py - FetchUserInfo - < id:1606867614, portrait:None >
2026-04-14 14:46:56,358 - ERROR - user_service.user_service.py - FetchUserInfo - < id:1679144109, portrait:tb.1.e8688974._mI4D5wVh1IAR-vdjeB-zg >
2026-04-14 14:49:10,367 - ERROR - user_service.user_service.py - FetchUserInfo - < id:2412314308, portrait:tb.1.c357c977.JT7CS15spxfeSYlqM6iSGA >
2026-04-14 14:50:21,100 - ERROR - user_service.user_service.py - FetchUserInfo - < id:2658074123, portrait:tb.1.3d475090.glIDYM-FS7-hWu8niS1Abg >
2026-04-14 14:50:50,572 - ERROR - user_service.user_service.py - FetchUserInfo - < id:2750440224, portrait:tb.1.6feb8325.WCVxd9wW8Y0c9ikpLzFYKA >
2026-04-14 14:51:04,839 - ERROR - user_service.user_service.py - FetchUserInfo - < id:2794683390, portrait:tb.1.6a3f5ae4.Mx4Sir-i_9xZJojDx0Rruw >
2026-04-14 14:51:50,122 - ERROR - user_service.user_service.py - FetchUserInfo - < id:2954076483, portrait:tb.1.e525d8b5.s71lhyy7YlsYg1Jr8GK87A >
2026-04-14 14:51:57,743 - ERROR - user_service.user_service.py - FetchUserInfo - < id:2976162849, portrait:tb.1.d004b0c3.kOQcsLkaGDXCs-f6EEG7pQ >
2026-04-14 14:52:10,200 - ERROR - user_service.user_service.py - FetchUserInfo - < id:3028221161, portrait:tb.1.7b8b2534.LmZFP_4Ik9_JOreJlwkUWQ >
2026-04-14 14:52:33,696 - ERROR - user_service.user_service.py - FetchUserInfo - < id:3161110507, portrait:None >
2026-04-14 14:53:00,640 - ERROR - user_service.user_service.py - FetchUserInfo - < id:3330158358, portrait:tb.1.c5f8a8e.Il8iPgUKgnN9qzg34f6JEQ >
2026-04-14 14:53:18,897 - ERROR - user_service.user_service.py - FetchUserInfo - < id:3422159311, portrait:None >
2026-04-14 14:55:24,691 - ERROR - user_service.user_service.py - FetchUserInfo - < id:3673185751, portrait:tb.1.e7667820.IZ7EV8Yy8bLZdNdfHhYL-Q >
2026-04-14 14:56:10,230 - ERROR - user_service.user_service.py - FetchUserInfo - < id:3907474875, portrait:tb.1.87c65c68.6KdwPGbuuH2wBSuW7sml4Q >
2026-04-14 15:01:01,630 - ERROR - user_service.user_service.py - FetchUserInfo - < id:4326881515, portrait:tb.1.408eb971.qs70b13x52HWAQoH_Hux7A >
2026-04-14 15:01:03,149 - ERROR - user_service.user_service.py - FetchUserInfo - < id:4329179328, portrait:tb.1.e43dc4b2.3oKk2GABX-eeYS6H-4OheQ >
2026-04-14 15:01:51,357 - ERROR - user_service.user_service.py - FetchUserInfo - < id:4457318610, portrait:tb.1.6d336897.ldDJfhEvha6wz6uwV-Ll5g >
2026-04-14 15:02:39,690 - ERROR - user_service.user_service.py - FetchUserInfo - < id:4503162098, portrait:tb.1.c2e7473c.5w08wtqIxBWXqzZcBEYAIg >
2026-04-14 15:04:24,602 - ERROR - user_service.user_service.py - FetchUserInfo - < id:4583801552, portrait:None >
2026-04-14 15:05:00,846 - ERROR - user_service.user_service.py - FetchUserInfo - < id:4607449308, portrait:None >
2026-04-14 15:05:24,988 - ERROR - user_service.user_service.py - FetchUserInfo - < id:4624163048, portrait:tb.1.230430cf.ZUpzta0YZOcXd5QEX0WhiQ >
2026-04-14 15:05:49,974 - ERROR - user_service.user_service.py - FetchUserInfo - < id:4643426112, portrait:tb.1.f0b463a1.Gw8ZIS1TxUM_e3jcIUehRA >
2026-04-14 15:06:29,164 - ERROR - user_service.user_service.py - FetchUserInfo - < id:4688419835, portrait:tb.1.bd389689.6wzDWhUr3XTMF6GrWjKa_A >
2026-04-14 15:08:47,483 - ERROR - user_service.user_service.py - FetchUserInfo - < id:4860704411, portrait:tb.1.620c2f90.uLC-7H1wdE1YaEG9o_k2Pg >
2026-04-14 15:09:29,876 - ERROR - user_service.user_service.py - FetchUserInfo - < id:4894593700, portrait:tb.1.47375601.la6Tbx12gomWHOfP32NPIg >
2026-04-14 15:09:38,740 - ERROR - user_service.user_service.py - FetchUserInfo - < id:4901496585, portrait:tb.1.615f102f.XxNcpGCuLV0tfEaf4J-0zw >
2026-04-14 15:09:55,494 - ERROR - user_service.user_service.py - FetchUserInfo - < id:4916896682, portrait:tb.1.62c41a0d.X8_CyCkfK1Okn6_rs3XLSw >
2026-04-14 15:11:09,450 - ERROR - user_service.user_service.py - FetchUserInfo - < id:5022240811, portrait:tb.1.33f985e6.LcAL_8oS-2kTAv9X8GDxvw >
2026-04-14 15:11:31,454 - ERROR - user_service.user_service.py - FetchUserInfo - < id:5058841854, portrait:tb.1.9c5968e6.bldWDuwrBEaUqH7qyQHcHg >
2026-04-14 15:12:23,055 - ERROR - user_service.user_service.py - FetchUserInfo - < id:5151642961, portrait:tb.1.313e8b4d.WgzNVChYP16qkcI9aieTsg >
2026-04-14 15:14:20,588 - ERROR - user_service.user_service.py - FetchUserInfo - < id:5314744781, portrait:tb.1.737959c.AKyr3VyLmygTyJwWOuz0aA >
2026-04-14 15:14:46,856 - ERROR - user_service.user_service.py - FetchUserInfo - < id:5356186359, portrait:tb.1.f134e7fb.FWc9YSreW9Nt2j0dRLsA-Q >
2026-04-14 15:15:38,624 - ERROR - user_service.user_service.py - FetchUserInfo - < id:5434819180, portrait:tb.1.add69d70.pKpz7GOpRUDQBRemOdR8Vw >
2026-04-14 15:18:18,261 - ERROR - user_service.user_service.py - FetchUserInfo - < id:5551171762, portrait:tb.1.3c939d39.D17V7Q56H-zC60ZL7n_udA >
2026-04-14 15:20:20,703 - ERROR - user_service.user_service.py - FetchUserInfo - < id:5711814465, portrait:tb.1.4ac74d04.g8cDM6kk1Ue4f_QwbbjJAg >
2026-04-14 15:20:33,275 - ERROR - user_service.user_service.py - FetchUserInfo - < id:5729735391, portrait:tb.1.77ac78c.z0onl2s-e4xi3o7lpUremw >
2026-04-14 15:20:55,170 - ERROR - user_service.user_service.py - FetchUserInfo - < id:5762721859, portrait:tb.1.e3af1873.lYxrijo_mAJQzXaMnIrRRg >
2026-04-14 15:21:39,740 - ERROR - user_service.user_service.py - FetchUserInfo - < id:5800802281, portrait:tb.1.a8a714fc.uWUxP6UPQ1fymWMiYIvfRQ >
2026-04-14 15:23:51,467 - ERROR - user_service.user_service.py - FetchUserInfo - < id:5942054844, portrait:tb.1.1299705b.lJYqVAGljXY_rjhWJNaYZw >
2026-04-14 15:24:26,624 - ERROR - user_service.user_service.py - FetchUserInfo - < id:5983162112, portrait:tb.1.ca3c976.S_27vguflGPdbh9fKmnz8w >
2026-04-14 15:24:33,780 - ERROR - user_service.user_service.py - FetchUserInfo - < id:5988802905, portrait:tb.1.97c6aaca.CZiTG3Knb7So--pLSYZ0xg >
2026-04-14 15:25:21,596 - ERROR - user_service.user_service.py - FetchUserInfo - < id:6019012276, portrait:tb.1.3b07ac7f.45W3iojETJDka-L8zE6Geg >
2026-04-14 15:25:49,332 - ERROR - user_service.user_service.py - FetchUserInfo - < id:6033184812, portrait:tb.1.a4a1261e.6LStCJYNb41OH4-z-dLKlw >
2026-04-14 15:26:17,911 - ERROR - user_service.user_service.py - FetchUserInfo - < id:6046817228, portrait:tb.1.f99988f7.2Z1DwOtJ5pfllRN2rfPUwQ >
2026-04-14 15:27:13,252 - ERROR - user_service.user_service.py - FetchUserInfo - < id:6074752148, portrait:tb.1.501d6011.MQW0W3QFmarPOqwF2AXdzQ >
2026-04-14 15:28:08,079 - ERROR - user_service.user_service.py - FetchUserInfo - < id:6105816680, portrait:tb.1.97873072.R_1CRo0G29JzVb2Cnm44MA >
2026-04-14 15:28:22,483 - ERROR - user_service.user_service.py - FetchUserInfo - < id:6301891702, portrait:tb.1.4a7ca63a.JTCeyaGGr6ZKqSFf0--WUg >
2026-04-14 15:28:31,124 - ERROR - user_service.user_service.py - FetchUserInfo - < id:6304914487, portrait:None >
2026-04-14 15:29:33,161 - ERROR - user_service.user_service.py - FetchUserInfo - < id:6325094880, portrait:tb.1.fdc49a45.w1vz9z0PO61cbeVQxDu0fg >
2026-04-14 15:30:19,805 - ERROR - user_service.user_service.py - FetchUserInfo - < id:6343013587, portrait:tb.1.de24fe10.RN3-a1R-9s1iMBH3JlOHlw >
2026-04-14 15:31:18,636 - ERROR - user_service.user_service.py - FetchUserInfo - < id:6364381507, portrait:tb.1.2d78c527._Tuk2ey5AjAiSg-pcXmOCg >
2026-04-14 15:31:21,592 - ERROR - user_service.user_service.py - FetchUserInfo - < id:6365165934, portrait:tb.1.e10f0d8f.zCKo7Ql5uCb6TKeNDP-ZYw >
2026-04-14 15:31:37,115 - ERROR - user_service.user_service.py - FetchUserInfo - < id:6369904490, portrait:None >
2026-04-14 15:33:16,723 - ERROR - user_service.user_service.py - FetchUserInfo - < id:6411367281, portrait:tb.1.98c6ba95.OLOJbFapVw84DnTtwEVPUQ >
2026-04-14 15:33:37,445 - ERROR - user_service.user_service.py - FetchUserInfo - < id:6423987047, portrait:tb.1.8e055b1c.9rd4RmNoj_gkKI2CanOt_w >
2026-04-14 15:34:16,440 - ERROR - user_service.user_service.py - FetchUserInfo - < id:6447808038, portrait:tb.1.af2173ac.rt8IkdnAjLoFChxMRUh2Zg >
2026-04-14 15:34:18,964 - ERROR - user_service.user_service.py - FetchUserInfo - < id:6450113472, portrait:tb.1.bbc36949.8OshSIzuBYxn5ZxnjsEdwg >
2026-04-14 15:34:29,974 - ERROR - user_service.user_service.py - FetchUserInfo - < id:6457616707, portrait:tb.1.fca76549.GLADLBaD4QjhuZXMjquLcQ >
2026-04-14 15:34:34,305 - ERROR - user_service.user_service.py - FetchUserInfo - < id:6458893762, portrait:tb.1.b961b1fb.B2TqneVef2DVEiiEacG9bw >
2026-04-14 15:35:33,493 - ERROR - user_service.user_service.py - FetchUserInfo - < id:6481680480, portrait:tb.1.1d4977f9.NQrRuXCqhm2oNeLKm5bKiA >
2026-04-14 15:35:45,138 - ERROR - user_service.user_service.py - FetchUserInfo - < id:6485674822, portrait:tb.1.a577d521.bJO2vzGEgnFkBrvVMRhQAg >
2026-04-14 15:35:53,203 - ERROR - user_service.user_service.py - FetchUserInfo - < id:6488508181, portrait:tb.1.8fe3b54a.1SRGViDSGoSMvQpQhWGjow >
2026-04-14 15:36:44,641 - ERROR - user_service.user_service.py - FetchUserInfo - < id:6507404076, portrait:tb.1.e1f740a3.fzXE7vI29uL_UwG3UOW5Qw >
2026-04-14 15:37:19,339 - ERROR - user_service.user_service.py - FetchUserInfo - < id:6523098220, portrait:tb.1.5843c1bc.Je_aL2UJy6MrUtDOvvH3Vg >
2026-04-14 15:37:57,153 - ERROR - user_service.user_service.py - FetchUserInfo - < id:6538394272, portrait:tb.1.da5b0714.seNlFb13xB1OluXgF5guoQ >
2026-04-14 15:37:59,752 - ERROR - user_service.user_service.py - FetchUserInfo - < id:6539609682, portrait:tb.1.1f61001.dK-jNEW5Fs86vqCt7vXRNg >
2026-04-14 15:38:04,789 - ERROR - user_service.user_service.py - FetchUserInfo - < id:6541754919, portrait:tb.1.9a49ab19.G6OERpV-RXMIqZOOQvqBOQ >
2026-04-14 15:38:09,971 - ERROR - user_service.user_service.py - FetchUserInfo - < id:6544317304, portrait:tb.1.d4458fef.3-tVoWQsXyJKPADgr7GVVw >
2026-04-14 15:38:13,682 - ERROR - user_service.user_service.py - FetchUserInfo - < id:6546247048, portrait:tb.1.90487119.axWClGnoSu9thoHylTrTlg >
2026-04-14 15:38:15,781 - ERROR - user_service.user_service.py - FetchUserInfo - < id:6547331057, portrait:tb.1.37270d04._bSqC7bjUl0ed8ES1WPS8g >
2026-04-14 15:38:23,363 - ERROR - user_service.user_service.py - FetchUserInfo - < id:6550463115, portrait:tb.1.ec4a7b73.h-8WOYWr9HozjYx6SWwT6A >
2026-04-14 15:38:43,389 - ERROR - user_service.user_service.py - FetchUserInfo - < id:6558897094, portrait:tb.1.69803850.wQ7qhvhE0NLGSXUBrSlDtg >
2026-04-14 15:39:06,132 - ERROR - user_service.user_service.py - FetchUserInfo - < id:6569010224, portrait:tb.1.1eb602e0.sgKNtugdD6Lq1qKpoV2vQg >
2026-04-14 15:39:08,369 - ERROR - user_service.user_service.py - FetchUserInfo - < id:6569886876, portrait:tb.1.e3384999.5Zml59CMnsXX5mq8AP3adg >
2026-04-14 15:39:08,835 - ERROR - user_service.user_service.py - FetchUserInfo - < id:6570117362, portrait:tb.1.d9cfb58c.Bb5nIttERAvTsC4OwuVOYg >
2026-04-14 15:39:27,269 - ERROR - user_service.user_service.py - FetchUserInfo - < id:6578980755, portrait:None >
2026-04-14 15:39:35,651 - ERROR - user_service.user_service.py - FetchUserInfo - < id:6584002452, portrait:tb.1.efc24682.dblET6LRORsdxyqjrEsyfQ >
2026-04-14 15:39:44,284 - ERROR - user_service.user_service.py - FetchUserInfo - < id:6588252635, portrait:tb.1.58f4568b.nyitJiTJ5tnbqNYAruvWrQ >
2026-04-14 15:39:50,085 - ERROR - user_service.user_service.py - FetchUserInfo - < id:6591366850, portrait:tb.1.cbd7547a.pUxTJxQ5SwO5JocHPbZNWw >
2026-04-14 15:40:14,910 - ERROR - user_service.user_service.py - FetchUserInfo - < id:6600012194, portrait:tb.1.5691984b.UFlaOD3Vd274ekTfL9DJuA >
2026-04-14 15:40:25,987 - ERROR - user_service.user_service.py - FetchUserInfo - < id:6604415570, portrait:tb.1.48999cbc.tc1dDjj8UTHrwkTs3cIyQg >
2026-04-14 15:41:17,244 - ERROR - user_service.user_service.py - FetchUserInfo - < id:6631148729, portrait:tb.1.d4aaf6a9.sVsFpThDPCRFmiarkOULbg >
2026-04-14 15:41:59,517 - ERROR - user_service.user_service.py - FetchUserInfo - < id:6655447507, portrait:tb.1.31d11b95.nQbx5VIazkTkaLRDH6wVIg >
2026-04-14 15:43:28,079 - ERROR - user_service.user_service.py - FetchUserInfo - < id:6676625195, portrait:tb.1.3539cfc9.ioUNbhjbXiZcesTvGh8Bnw >
2026-04-14 15:43:33,337 - ERROR - user_service.user_service.py - FetchUserInfo - < id:6678490536, portrait:tb.1.9b626b1c.HekuY_5xpnq4i3dzf5phtA >
2026-04-14 15:43:35,221 - ERROR - user_service.user_service.py - FetchUserInfo - < id:6679028793, portrait:tb.1.3b91a8f2.R0EFF50TS-ixJLQBwqUiEw >
2026-04-14 15:43:35,684 - ERROR - user_service.user_service.py - FetchUserInfo - < id:6679158114, portrait:tb.1.f1aa7b4d.ol22rFPRSaYnD08kQ6ePig >
2026-04-14 15:43:52,718 - ERROR - user_service.user_service.py - FetchUserInfo - < id:6684571057, portrait:tb.1.c957331c.JxiXaxkXUn_h5AwJmGWD9Q >
2026-04-14 15:44:16,788 - ERROR - user_service.user_service.py - FetchUserInfo - < id:6691834121, portrait:tb.1.431b8901.Bx_Bsf2A6NhxJEo3u3oPIA >
2026-04-14 15:44:18,785 - ERROR - user_service.user_service.py - FetchUserInfo - < id:6692358064, portrait:tb.1.1493bcbd.d8QFGFjHBAN0E1CMZQP9xg >
2026-04-14 15:44:21,457 - ERROR - user_service.user_service.py - FetchUserInfo - < id:6693081420, portrait:None >
2026-04-14 15:44:21,589 - ERROR - user_service.user_service.py - FetchUserInfo - < id:6693205790, portrait:tb.1.c02c219d.PIBwyD3yuEoFlKoOnkejFg >
2026-04-14 15:46:48,843 - ERROR - user_service.user_service.py - FetchUserInfo - < id:6732383765, portrait:tb.1.5c6edd4d.5Ehy9sQoC74Y313Z4FPIFA >
2026-04-14 15:47:27,870 - ERROR - user_service.user_service.py - FetchUserInfo - < id:6741424016, portrait:tb.1.a96b143a.xeBEDgygCf_6gQJek30JIQ >
2026-04-14 15:47:32,855 - ERROR - user_service.user_service.py - FetchUserInfo - < id:6742581919, portrait:tb.1.74b5b175.z15zCrBfsqCBKdzK1Wk1sg >
2026-04-14 15:49:11,706 - ERROR - user_service.user_service.py - FetchUserInfo - < id:6774998643, portrait:tb.1.9540bffa.pawoZR4QMrWDIul0ROQ3lw >
2026-04-14 15:49:17,228 - ERROR - user_service.user_service.py - FetchUserInfo - < id:6778470125, portrait:tb.1.ea6b7943.ygG38ty4NdrSSzS8oXUNiw >
2026-04-14 15:49:36,726 - ERROR - user_service.user_service.py - FetchUserInfo - < id:6786246643, portrait:tb.1.57088023.be85bLBNivTgDdgsHLYjfA >
2026-04-14 15:50:19,104 - ERROR - user_service.user_service.py - FetchUserInfo - < id:6805424464, portrait:tb.1.e4b4e309.wCgbyHp-K-53EQCDSOyIwQ >
2026-04-14 15:50:26,289 - ERROR - user_service.user_service.py - FetchUserInfo - < id:6808784344, portrait:tb.1.8d90ceab.c86HOkOyivbLc_o_H3gNaQ >
2026-04-14 15:50:34,571 - ERROR - user_service.user_service.py - FetchUserInfo - < id:6812623862, portrait:tb.1.5e0d4d9f.77gYC177bhazvMtNRfOndQ >
2026-04-14 15:50:42,067 - ERROR - user_service.user_service.py - FetchUserInfo - < id:6815330736, portrait:tb.1.163f615d.rJtcDe9bKGRz7OYUQFWnPA >
2026-04-14 15:51:14,175 - ERROR - user_service.user_service.py - FetchUserInfo - < id:6831654915, portrait:tb.1.8c2ddf68.JUqr0c4t8lBskYwwlXZcyQ >
2026-04-14 15:51:41,844 - ERROR - user_service.user_service.py - FetchUserInfo - < id:6847181658, portrait:tb.1.6df35eef.WDgQQnePdX3EZveqlnpprg >
2026-04-14 15:52:05,484 - ERROR - user_service.user_service.py - FetchUserInfo - < id:6860562076, portrait:tb.1.80b5bfa.-b3U0Bn3heBjcdO8zvge2Q >
2026-04-14 15:52:25,420 - ERROR - user_service.user_service.py - FetchUserInfo - < id:6863839302, portrait:tb.1.e6c81a12.GQABvlr1dBGrAGgiQjY9Gw >
2026-04-14 15:53:52,748 - ERROR - user_service.user_service.py - FetchUserInfo - < id:6875969486, portrait:tb.1.b93923da.5B2IUpSxwv-lo2u1HIdNXg >
2026-04-14 15:54:58,525 - ERROR - user_service.user_service.py - FetchUserInfo - < id:6892736964, portrait:tb.1.34a3f7bb.EuVWZ23CEwBKRBMAFXVcPw >
2026-04-14 15:55:23,574 - ERROR - user_service.user_service.py - FetchUserInfo - < id:6901154640, portrait:tb.1.4717eea3.sUULQ33IQS-ha-CQSssTVw >
2026-04-14 15:56:45,558 - ERROR - user_service.user_service.py - FetchUserInfo - < id:6921078112, portrait:tb.1.ec53562f.A7xMFHE0TehSgW0KTq0LFw >
2026-04-14 15:58:18,364 - ERROR - user_service.user_service.py - FetchUserInfo - < id:6935151684, portrait:tb.1.db9ea87e.qSzKF3yoHwOA24HHoR34fg >
2026-04-14 15:58:49,616 - ERROR - user_service.user_service.py - FetchUserInfo - < id:6940336306, portrait:tb.1.9ff2767d.yR3fLPfKGWZTVNYP9Y8ncQ >
2026-04-14 15:58:53,095 - ERROR - user_service.user_service.py - FetchUserInfo - < id:6941208971, portrait:tb.1.3f73bc87.SZJZ3vZXX-pGUXrUXR8adw >
2026-04-14 15:59:06,692 - ERROR - user_service.user_service.py - FetchUserInfo - < id:6943783113, portrait:tb.1.ec29a7ae.NqoEjJbLZ1yGHMuw4dCfdg >
2026-04-14 15:59:07,309 - ERROR - user_service.user_service.py - FetchUserInfo - < id:6943914054, portrait:tb.1.c678609d.MFM2uyA9-89foZO1qxHv_A >
2026-04-14 15:59:12,030 - ERROR - user_service.user_service.py - FetchUserInfo - < id:6944457419, portrait:tb.1.20fe3100.fug_CzN_o5UNpqZLU3CVPg >
2026-04-14 16:00:15,196 - ERROR - user_service.user_service.py - FetchUserInfo - < id:6951602005, portrait:tb.1.549e5bed.bb34Rq8PgEBwlNgP1iPbCQ >
2026-04-14 16:00:23,999 - ERROR - user_service.user_service.py - FetchUserInfo - < id:6952835458, portrait:tb.1.d6373b22.W09_qKl-O3n8ov3YA27Cnw >
2026-04-14 16:00:46,336 - ERROR - user_service.user_service.py - FetchUserInfo - < id:6956994659, portrait:tb.1.3ea744db.kZ0Ue-6Lk0Y_MMum2dzLew >
2026-04-14 16:01:16,802 - ERROR - user_service.user_service.py - FetchUserInfo - < id:6962393951, portrait:tb.1.8d3316ae.7u1e_DrSaUNC7mwsP0rWtA >
2026-04-14 16:02:05,544 - ERROR - user_service.user_service.py - FetchUserInfo - < id:6967112628, portrait:tb.1.5bcfef85.4CPwmqwZkhBQJjMVfDCf0w >
2026-04-14 16:02:58,814 - ERROR - user_service.user_service.py - FetchUserInfo - < id:6973855649, portrait:tb.1.ee923af5.Qw9mYKRSnZCwtnnbWPh9Pg >
2026-04-14 16:05:11,030 - ERROR - user_service.user_service.py - FetchUserInfo - < id:6985482513, portrait:tb.1.f69d6146.JdKS3uky6qeJQc8DbDM4Eg >
2026-04-14 16:05:57,782 - ERROR - user_service.user_service.py - FetchUserInfo - < id:6996536215, portrait:tb.1.990a967c.SPDm0372_zCETwaNDuUZzQ >
2026-04-14 16:06:00,286 - ERROR - user_service.user_service.py - FetchUserInfo - < id:6997101716, portrait:tb.1.405c11bf.emOq65be7miwwkTcOFLhnw >
2026-04-14 16:06:00,336 - ERROR - user_service.user_service.py - FetchUserInfo - < id:6997100397, portrait:tb.1.327ae84.HgO_PcmjqAYdFu4ryl86dQ >
2026-04-14 16:06:19,370 - ERROR - user_service.user_service.py - FetchUserInfo - < id:7002443292, portrait:tb.1.a0f9c673.r_OjUMCJh90Y4EHvN2cpkA >
2026-04-14 16:06:37,366 - ERROR - user_service.user_service.py - FetchUserInfo - < id:7009309781, portrait:tb.1.5cf0b0ec.EGDp0Z9GU_1nD5zy6FVK9A >
2026-04-14 16:06:45,093 - ERROR - user_service.user_service.py - FetchUserInfo - < id:7012687999, portrait:tb.1.17733a66.VQNfRanhIUVBH1F3In1vVQ >
2026-04-14 16:07:05,214 - ERROR - user_service.user_service.py - FetchUserInfo - < id:7019608255, portrait:tb.1.de836389.-_YuJpG30IFSO9j5HVLzRw >
2026-04-14 16:07:35,368 - ERROR - user_service.user_service.py - FetchUserInfo - < id:7031530549, portrait:tb.1.df97d734.QD3U2U4xv5soZBvzMf7EVQ >
2026-04-14 16:08:01,494 - ERROR - user_service.user_service.py - FetchUserInfo - < id:7035588472, portrait:tb.1.2f623cbc.KIKJs-DxkPBz_H4-5Fu8Hw >
2026-04-14 16:08:01,518 - ERROR - user_service.user_service.py - FetchUserInfo - < id:7035587258, portrait:tb.1.c4f092e1.sV21_6NAq-35AYRBOE7EwQ >
2026-04-14 16:08:05,318 - ERROR - user_service.user_service.py - FetchUserInfo - < id:7035664692, portrait:tb.1.c86fcfa.Pqti-Hsc40KSMQo2W2TlRQ >
2026-04-14 16:08:05,864 - ERROR - user_service.user_service.py - FetchUserInfo - < id:7035674569, portrait:tb.1.66753dad.UOTPUfWb1X_8Cdub2XHE8w >
2026-04-14 16:08:13,899 - ERROR - user_service.user_service.py - FetchUserInfo - < id:7035921667, portrait:tb.1.a56ba418.iI6YYGf7nxIZ44w2EidHJQ >
2026-04-14 16:08:16,459 - ERROR - user_service.user_service.py - FetchUserInfo - < id:7035998768, portrait:tb.1.5a60059.pAw_bq8wVByWn5KRSEerTg >
2026-04-14 16:08:25,068 - ERROR - user_service.user_service.py - FetchUserInfo - < id:7036204583, portrait:tb.1.a9cd3dcd.S2lPmBdugdlNFgGM-c13DA >
2026-04-14 16:08:35,954 - ERROR - user_service.user_service.py - FetchUserInfo - < id:7036494689, portrait:tb.1.1877b80b.e0nUzgTG0tR_cMhf7enYrw >
2026-04-14 16:08:49,190 - ERROR - user_service.user_service.py - FetchUserInfo - < id:7036808605, portrait:tb.1.665926e7.j9fmzxugbbOCpLcAJu8dbg >
2026-04-14 16:08:57,099 - ERROR - user_service.user_service.py - FetchUserInfo - < id:7037093489, portrait:tb.1.cfe5aa19.KATvnkHQbjCVLiGjP6-hZg >
2026-04-14 16:09:02,485 - ERROR - user_service.user_service.py - FetchUserInfo - < id:7037208069, portrait:tb.1.5e75155c.C_v2DixCwQO1MIRtzkTngA >
2026-04-14 16:09:13,712 - ERROR - user_service.user_service.py - FetchUserInfo - < id:7037701483, portrait:tb.1.8169c34e.eAhMrLFLl1UPtdlERgwwzg >
2026-04-14 16:09:19,978 - ERROR - user_service.user_service.py - FetchUserInfo - < id:7037921315, portrait:tb.1.73b9be11.1q8I3SvFzLTipw4R34EPKQ >
2026-04-14 16:09:20,446 - ERROR - user_service.user_service.py - FetchUserInfo - < id:7037932228, portrait:tb.1.be2ffbc.bQMxP83gRF1ZK-2xtVNGDQ >
2026-04-14 16:09:29,546 - ERROR - user_service.user_service.py - FetchUserInfo - < id:7038665563, portrait:tb.1.febc36eb.F-VF-Be9PeRX1mQsQ8-LPg >
2026-04-14 16:09:29,575 - ERROR - user_service.user_service.py - FetchUserInfo - < id:7038665272, portrait:tb.1.37171691.wyTh89O-qNaAVGHrPUQyvw >
2026-04-14 16:09:30,400 - ERROR - user_service.user_service.py - FetchUserInfo - < id:7038756080, portrait:tb.1.db547c38.jKnUxn0xuqDxmy7J7Q-mtQ >
2026-04-14 16:09:33,881 - ERROR - user_service.user_service.py - FetchUserInfo - < id:7039254610, portrait:tb.1.cf974b4d.-g2U_seRsd7XZS2cusxFCg >
2026-04-14 16:09:37,830 - ERROR - user_service.user_service.py - FetchUserInfo - < id:7039444788, portrait:tb.1.714e644e.tQu2Lj-Pr28tdQa4SpzX0Q >
2026-04-14 16:09:42,800 - ERROR - user_service.user_service.py - FetchUserInfo - < id:7039603141, portrait:tb.1.a96ebe9d.vY-UkcNQISd2wcReof-nOQ >
2026-04-14 16:09:52,213 - ERROR - user_service.user_service.py - FetchUserInfo - < id:7039808826, portrait:tb.1.619f5cf5.nA7vPo94UjtOjDDXHir_Dw >
2026-04-14 16:09:57,603 - ERROR - user_service.user_service.py - FetchUserInfo - < id:7039954339, portrait:tb.1.4905b24f.qtiJewNJTp5Q6nsc-ZO7SQ >
2026-04-14 16:10:11,070 - ERROR - user_service.user_service.py - FetchUserInfo - < id:7040281451, portrait:tb.1.3259a065.QqX540jP5L-Lxf1Uc-WCbA >
2026-04-14 16:10:16,674 - ERROR - user_service.user_service.py - FetchUserInfo - < id:7040336920, portrait:tb.1.8db4140e.DtAURP-X4-C1t0GAlpSEqA >
2026-04-14 16:10:16,800 - ERROR - user_service.user_service.py - FetchUserInfo - < id:7040337049, portrait:tb.1.22b924a8.UfW-w5HlUpbabUgc-mq2gQ >
2026-04-14 16:10:17,386 - ERROR - user_service.user_service.py - FetchUserInfo - < id:7040343125, portrait:tb.1.c3996f57.D19rcZLb4Hrv42PV02QVUQ >
2026-04-14 16:10:43,260 - ERROR - user_service.user_service.py - FetchUserInfo - < id:7040618339, portrait:tb.1.41a5efb.fovAfLzLRD-o9BWY9TkC-g >
2026-04-14 16:10:47,336 - ERROR - user_service.user_service.py - FetchUserInfo - < id:7040688913, portrait:tb.1.30f7b58a.mE4QEKrKHPI9m8MoI7fgDg >
2026-04-14 16:10:48,037 - ERROR - user_service.user_service.py - FetchUserInfo - < id:7040695881, portrait:tb.1.1591429e.2vmK5xNUy2EZcWQ-sJ9cXA >
2026-04-14 16:10:50,535 - ERROR - user_service.user_service.py - FetchUserInfo - < id:7040728656, portrait:tb.1.17103ba2.O-22aTTYum8IxhuhbSkM3w >
2026-04-14 16:10:53,845 - ERROR - user_service.user_service.py - FetchUserInfo - < id:7040770206, portrait:tb.1.112f746e.llMLvfIM4AFOZAoXqNQMjg >
2026-04-14 16:10:55,374 - ERROR - user_service.user_service.py - FetchUserInfo - < id:7040778260, portrait:tb.1.b3cacb0e.A1EwciazIxGzcZChtyVtyw >
2026-04-14 16:10:59,676 - ERROR - user_service.user_service.py - FetchUserInfo - < id:7040840754, portrait:tb.1.3282b671.Cgm-G4rYsT--jWCTQtc9uw >
2026-04-14 16:11:06,328 - ERROR - user_service.user_service.py - FetchUserInfo - < id:7040935969, portrait:tb.1.a98ce27c.32pQ07aCi3dL8F96fBIxog >
2026-04-14 16:11:08,828 - ERROR - user_service.user_service.py - FetchUserInfo - < id:7041002434, portrait:tb.1.6c0e8079.VlJxXoayG_pwiojOOc38Mw >
2026-04-14 16:11:09,317 - ERROR - user_service.user_service.py - FetchUserInfo - < id:7041005572, portrait:tb.1.c168833.fY91WDVF5Op-XcuifyhROQ >
2026-04-14 16:11:20,844 - ERROR - user_service.user_service.py - FetchUserInfo - < id:7041116274, portrait:tb.1.cf6037a1.JxKUYGQ2PkjPvECPMnO51A >
2026-04-14 16:11:46,698 - ERROR - user_service.user_service.py - FetchUserInfo - < id:7041952138, portrait:tb.1.f4f1bbb9.nWjKRPKvdncE4pQ_uhmPmA >
2026-04-14 16:11:48,480 - ERROR - user_service.user_service.py - FetchUserInfo - < id:7042020532, portrait:tb.1.7d443661.UpLY0awRnrzgo8kk5dKA8A >
2026-04-14 16:11:50,398 - ERROR - user_service.user_service.py - FetchUserInfo - < id:7042075497, portrait:tb.1.6c7933eb.FjZbiBRdgnKPDv62JD74BA >
2026-04-14 16:12:05,918 - ERROR - user_service.user_service.py - FetchUserInfo - < id:7042390794, portrait:tb.1.f36bd09c.kvVziUxHrK4rScvW2KY_1Q >
2026-04-14 16:12:09,835 - ERROR - user_service.user_service.py - FetchUserInfo - < id:7042411624, portrait:tb.1.4cdb984a.rnpK0RK5wyLbqlVR29-SFw >
2026-04-14 16:12:21,603 - ERROR - user_service.user_service.py - FetchUserInfo - < id:7042498692, portrait:tb.1.9aae4e60.x2CB5I9dyjOXQpyxX-Kgjw >
2026-04-14 16:12:30,151 - ERROR - user_service.user_service.py - FetchUserInfo - < id:7042561925, portrait:tb.1.303f5283.rYZ0Rh7DIiV2nuFr_vCiNA >
2026-04-14 16:12:56,109 - ERROR - user_service.user_service.py - FetchUserInfo - < id:7042793900, portrait:tb.1.15cae8cb.IrcBFDbXYCA5s6t7gecM-w >
2026-04-14 16:13:16,945 - ERROR - user_service.user_service.py - FetchUserInfo - < id:7042932267, portrait:tb.1.66a24340.K6Je6SHPnNMnoAqyD2Gcig >
2026-04-14 16:13:22,416 - ERROR - user_service.user_service.py - FetchUserInfo - < id:7042956127, portrait:tb.1.f1e2fec4.hK5425HsfvZ04DU1LsjgAg >
2026-04-14 16:13:30,070 - ERROR - user_service.user_service.py - FetchUserInfo - < id:7043029047, portrait:tb.1.7bd56636.H2kDPpK1wi1ga95OY-wGzA >
2026-04-14 16:13:35,138 - ERROR - user_service.user_service.py - FetchUserInfo - < id:7043098941, portrait:tb.1.f34fd274.TEMMFGnN_evjhs7ygRN9IA >
2026-04-14 16:13:40,429 - ERROR - user_service.user_service.py - FetchUserInfo - < id:7043156007, portrait:tb.1.555d051f.FltwoWs71UVyGB9lusmpIg >
2026-04-14 16:13:48,218 - ERROR - user_service.user_service.py - FetchUserInfo - < id:7043281434, portrait:tb.1.30ee60f9.DGqV5sO1Q3MMrgYBu801ag >
2026-04-14 16:13:50,811 - ERROR - user_service.user_service.py - FetchUserInfo - < id:7043313080, portrait:tb.1.20ecfb75.IdhHYRlSFSee_yWCu6oSvw >
2026-04-14 16:14:05,721 - ERROR - user_service.user_service.py - FetchUserInfo - < id:7043543026, portrait:tb.1.ccce4201.kmKVTuCx9IJbqWiUJYq5mA >
2026-04-14 16:14:15,627 - ERROR - user_service.user_service.py - FetchUserInfo - < id:7043647376, portrait:tb.1.1e34cf80.t_PHxoHKn_Q43ixxrNcPkg >
2026-04-14 16:14:17,598 - ERROR - user_service.user_service.py - FetchUserInfo - < id:7043666843, portrait:tb.1.b02199b5.SF1lePG2QtyMtA1rHFuQOQ >
2026-04-14 16:14:40,504 - ERROR - user_service.user_service.py - FetchUserInfo - < id:7044130123, portrait:tb.1.c7da37fb.9kGxIBaxZR2UgSYdgc1Eyg >
2026-04-14 16:14:56,450 - ERROR - user_service.user_service.py - FetchUserInfo - < id:7044863606, portrait:tb.1.8c51ef0d.fIJEKOiko_ztFNdtG7uBgA >
2026-04-14 16:15:08,592 - ERROR - user_service.user_service.py - FetchUserInfo - < id:7045070293, portrait:tb.1.62f6b2d0.KzdGkkqqDzYatx8fOb8_rg >
2026-04-14 16:15:09,134 - ERROR - user_service.user_service.py - FetchUserInfo - < id:7045075594, portrait:tb.1.766c7164.UumO9FBBpWhkf5ysdPVPAA >
2026-04-14 16:15:26,122 - ERROR - user_service.user_service.py - FetchUserInfo - < id:7045186730, portrait:tb.1.ed2a28ad.BOPDO3kF88KIJ4osvjs8QA >
2026-04-14 16:15:29,881 - ERROR - user_service.user_service.py - FetchUserInfo - < id:7045201284, portrait:tb.1.47fbf2db.H8zxLLxyxPq_6ESm0qah7g >
2026-04-14 16:15:34,394 - ERROR - user_service.user_service.py - FetchUserInfo - < id:7045223973, portrait:tb.1.6d8170b.TxZnTDNWncqBjB4QkIMq5g >
2026-04-14 16:15:53,197 - ERROR - user_service.user_service.py - FetchUserInfo - < id:7045393648, portrait:tb.1.b007ac92.MqRQbM6GpF8EY6koJYvmgg >
2026-04-14 16:16:08,201 - ERROR - user_service.user_service.py - FetchUserInfo - < id:7045571461, portrait:tb.1.1d1140dc.0MZRMhsmRP6dUyRdzsJmQA >
2026-04-14 16:16:23,045 - ERROR - user_service.user_service.py - FetchUserInfo - < id:7045831627, portrait:tb.1.9700d67.vFdejoKS9dE1c5psKocKmw >
2026-04-14 16:16:30,597 - ERROR - user_service.user_service.py - FetchUserInfo - < id:7045966305, portrait:tb.1.b0430f7.YG2xWvSp7aZLOup3aPo-3Q >
2026-04-14 16:16:38,519 - ERROR - user_service.user_service.py - FetchUserInfo - < id:7046117082, portrait:tb.1.8be2f4f7._vr2yAOIZJH7K4LYPbyZ6A >
2026-04-14 16:16:47,627 - ERROR - user_service.user_service.py - FetchUserInfo - < id:7046217197, portrait:tb.1.259b8b3b.Gl2sUIyygQj_lIDaxlBRvg >
2026-04-14 16:16:52,852 - ERROR - user_service.user_service.py - FetchUserInfo - < id:7046304680, portrait:tb.1.9a4ac5ff.pzgaoOlWNOq0SYyI7Guqkg >
2026-04-14 16:17:52,332 - ERROR - user_service.user_service.py - FetchUserInfo - < id:7048810245, portrait:tb.1.96b24016.nM_9JYolwlPbJJc-BnwEEA >
2026-04-14 16:18:08,626 - ERROR - user_service.user_service.py - FetchUserInfo - < id:7049064656, portrait:tb.1.153c27f4.xhba7niJ1H7ITGlIh8xkqw >
2026-04-14 16:18:47,322 - ERROR - user_service.user_service.py - FetchUserInfo - < id:17596399549866, portrait:tb.1.651946a9.Tn1Dld7h3xmtpMomHiEIDA >
2026-04-14 16:19:04,783 - INFO - scrape_module.scrape_module.py - StepMark - < tid:9101254039 > - 帖子爬取完成
